Store_Name,Domain,Website,First_Name,Last_Name,Title,Email,Secondary_Email,Niche,Deliverability_Score,MX_Status,DMARC_Status,SPF_Status,Gravatar_Found,Meta_Ads_Library_URL,Instagram,Facebook,TikTok,Twitter_X,LinkedIn,Personalized_Icebreaker
1001 Organic,1001organic.fr,https://1001organic.fr,Info,Owner,1001 Organic – Du petit agriculteur à votre table,info@1001organic.ch,votre-courriel@exemple.com,Health & Supplements,100% Confirmed Real,Valid (Host MX),Configured (v=DMARC1),Configured,No,https://www.facebook.com/ads/library/?q=1001%20Organic&type=all,https://www.instagram.com/1001organic_de,https://www.facebook.com/1001organic.de,,,,"The focus 1001 Organic puts on clean, effective formulas is exactly what customers need."
4 Your Wellness,4ywn.com,https://4ywn.com,Sales,Owner,Founder / Owner @ 4 Your Wellness,sales@4ywn.com,"support@shirlyns.com, info@simplywholesome.com",Health & Supplements,100% Confirmed Real,Valid (Google Workspace),Not Configured,Configured,No,https://www.facebook.com/ads/library/?q=4%20Your%20Wellness&type=all,https://www.instagram.com/groundednaturalfoods,https://www.facebook.com/CNF-Cloquet-Natural-Foods-258988257601467,,,https://www.linkedin.com/company/cook-s-natural-foods,"The focus 4 Your Wellness puts on clean, effective formulas is exactly what customers need."
Abound Wellness and Beauty,aboundwellnessandbeauty.com,https://aboundwellnessandbeauty.com,Aboundwellnessandbeauty,Owner,Abound Wellness and Beauty - Online Beauty Supply Store,aboundwellnessandbeauty@gmail.com,,Health & Supplements,100% Confirmed Real,Valid (Google Workspace),Configured (v=DMARC1),Configured,No,https://www.facebook.com/ads/library/?q=Abound%20Wellness%20and%20Beauty&type=all,https://www.instagram.com/aboundwellnessandbeauty,https://www.facebook.com/aboundwellnessandbeauty,,https://x.com/AboundWell,,"The focus Abound Wellness and Beauty puts on clean, effective formulas is exactly what customers need."
Active Fitness Canada,activefitnesscanada.com,https://activefitnesscanada.com,Info,Owner,Active Fitness Canada,info@activefitnesscanada.com,,Health & Supplements,100% Confirmed Real,Valid (Microsoft 365),Configured (v=DMARC1),Configured,No,https://www.facebook.com/ads/library/?q=Active%20Fitness%20Canada&type=all,,,,,,"The focus Active Fitness Canada puts on clean, effective formulas is exactly what customers need."
Adelaide Supplements,adelaidesupplements.com.au,https://adelaidesupplements.com.au,Adelaidesupplements,Owner,Adelaide Supplements,adelaidesupplements@gmail.com,,Health & Supplements,100% Confirmed Real,Valid (Google Workspace),Configured (v=DMARC1),Configured,No,https://www.facebook.com/ads/library/?q=Adelaide%20Supplements&type=all,https://www.instagram.com/adelaidesupplements,https://www.facebook.com/adelaidesupplements,,,,"The focus Adelaide Supplements puts on clean, effective formulas is exactly what customers need."
Adellina Sleep,adellinasleep.com,https://adellinasleep.com,Service,Owner,Adellina Sleep,service@adellinasleep.com,,Health & Supplements,100% Confirmed Real,Valid (Google Workspace),Configured (v=DMARC1),Configured,No,https://www.facebook.com/ads/library/?q=Adellina%20Sleep&type=all,,,,,,"The focus Adellina Sleep puts on clean, effective formulas is exactly what customers need."
agugutrain.com,agugutrain.com,https://agugutrain.com,Customerservice,Owner,AGUGU｜輕食時代 X 高蛋白飲 X 每日營養補充,customerservice@agugutrain.com,,Health & Supplements,100% Confirmed Real,Valid (Google Workspace),Configured (v=DMARC1),None,No,https://www.facebook.com/ads/library/?q=agugutrain.com&type=all,https://www.instagram.com/agugutrain,https://www.facebook.com/agugutrain,,,,"The focus agugutrain.com puts on clean, effective formulas is exactly what customers need."
akonfitness.com,akonfitness.com,https://akonfitness.com,Hola,Owner,Founder / Owner @ akonfitness.com,hola@akonfitness.com,"pedidosakonfitness@gmail.com, administracion@akonfitness.com",Health & Supplements,100% Confirmed Real,Valid (Host MX),Configured (v=DMARC1),Configured,No,https://www.facebook.com/ads/library/?q=akonfitness.com&type=all,https://www.instagram.com/akonfitness,,https://www.tiktok.com/@akonfitness,,https://www.linkedin.com/company/akonfitness,"The focus akonfitness.com puts on clean, effective formulas is exactly what customers need."
Alexandra Organic,alexandraorganic.com,https://alexandraorganic.com,Info,Owner,Organic Haircare and Cosmetics - Alexandra Organic,info@alexandraorganic.com,,Health & Supplements,100% Confirmed Real,Valid (Google Workspace),Not Configured,Configured,No,https://www.facebook.com/ads/library/?q=Alexandra%20Organic&type=all,https://www.instagram.com/alexandraorganic,https://www.facebook.com/Alexandra-Organic-Usa-103613761676127,https://www.tiktok.com/@alexandraorganic,,,"The focus Alexandra Organic puts on clean, effective formulas is exactly what customers need."
AllOne Wellness,allonewellnessnow.com,https://allonewellnessnow.com,Support,Owner,AllOne Wellness - Chlorine Dioxide Products - CDS solution,support@allonewellnessnow.com,,Health & Supplements,100% Confirmed Real,Valid (Zoho Mail),Configured (v=DMARC1),Configured,No,https://www.facebook.com/ads/library/?q=AllOne%20Wellness&type=all,https://www.instagram.com/Allonewellnessnow,https://www.facebook.com/AllOneWellnessOldPage,,https://x.com/AllOnewellness,,"The focus AllOne Wellness puts on clean, effective formulas is exactly what customers need."
ALVA,alvawellness.co.uk,https://alvawellness.co.uk,Info,Owner,ALVA,info@alvawellness.co.uk,,Health & Supplements,100% Confirmed Real,Valid (Microsoft 365),Configured (v=DMARC1),Configured,No,https://www.facebook.com/ads/library/?q=ALVA&type=all,https://www.instagram.com/alva.wellness,,https://www.tiktok.com/@alva.wellness,,,"The focus ALVA puts on clean, effective formulas is exactly what customers need."
Amborella Organics,amborellaorganics.com,https://amborellaorganics.com,Taylor,Owner,Amborella Organics,taylor@amborellaorganics.com,,Health & Supplements,100% Confirmed Real,Valid (Microsoft 365),Not Configured,Configured,No,https://www.facebook.com/ads/library/?q=Amborella%20Organics&type=all,https://www.instagram.com/amborellaorganics,https://www.facebook.com/amborellaorganics,,https://x.com/AmborellaOrg,https://www.linkedin.com/company/6647657,"The focus Amborella Organics puts on clean, effective formulas is exactly what customers need."
amicawellness.com,amicawellness.com,https://amicawellness.com,Hello,Owner,"Stress Support for Busy Moms
&ndash; Amica Wellness",hello@amicawellness.com,,Health & Supplements,100% Confirmed Real,Valid (Google Workspace),Not Configured,Configured,No,https://www.facebook.com/ads/library/?q=amicawellness.com&type=all,https://www.instagram.com/amicawellness,,,,,"The focus amicawellness.com puts on clean, effective formulas is exactly what customers need."
AmritDhara Organics,amritdharaorganics.com,https://amritdharaorganics.com,Amritdharaorg,Owner,AmritDhara Organics,amritdharaorg@gmail.com,,Health & Supplements,100% Confirmed Real,Valid (Google Workspace),Configured (v=DMARC1),Configured,No,https://www.facebook.com/ads/library/?q=AmritDhara%20Organics&type=all,https://www.instagram.com/amritdhara.organics,https://www.facebook.com/profile.php,,,,"The focus AmritDhara Organics puts on clean, effective formulas is exactly what customers need."
Ancient Nutrition CBD,ancientnutritioncbd.com,https://ancientnutritioncbd.com,Supportcbd,Owner,Ancient Nutrition CBD | Clean. Organic. Full-Spectrum.,supportcbd@ancientnutrition.com,"vendors@layout.theme.js, template.cart@template.index",Health & Supplements,100% Confirmed Real,Valid (Google Workspace),Configured (v=DMARC1),Configured,No,https://www.facebook.com/ads/library/?q=Ancient%20Nutrition%20CBD&type=all,https://www.instagram.com/ancientnutrition,https://www.facebook.com/ancientnutrition,,,,"The focus Ancient Nutrition CBD puts on clean, effective formulas is exactly what customers need."
Angel's Herbal Cigarettes,angelscigs.com,https://angelscigs.com,Info,Owner,Angel&#39;s Herbal Cigarettes,info@angelscigs.com,,Health & Supplements,100% Confirmed Real,Valid (Host MX),Configured (v=DMARC1),Configured,No,https://www.facebook.com/ads/library/?q=Angel%27s%20Herbal%20Cigarettes&type=all,,,,,,"The focus Angel's Herbal Cigarettes puts on clean, effective formulas is exactly what customers need."
Angelic Organics,angelicorganicshair.com,https://angelicorganicshair.com,Hello,Owner,Angelic Organics Hair Home Page,hello@angelicorganicshair.com,,Health & Supplements,100% Confirmed Real,Valid (Host MX),Configured (v=DMARC1),Configured,No,https://www.facebook.com/ads/library/?q=Angelic%20Organics&type=all,https://www.instagram.com/angelicorganicshair,,https://www.tiktok.com/@angelicorganicshair,,,"The focus Angelic Organics puts on clean, effective formulas is exactly what customers need."
"Mushroom Supplements, Done Right",antioxi-supplements.com,https://antioxi-supplements.com,Info,Owner,"Mushroom Supplements, Done Right - Safe, Pure, Tested &amp; Potent",info@antioxi-supplements.com,,Health & Supplements,100% Confirmed Real,Valid (Google Workspace),Configured (v=DMARC1),Configured,No,https://www.facebook.com/ads/library/?q=Mushroom%20Supplements%2C%20Done%20Right&type=all,https://www.instagram.com/antioxi.supplements,https://www.facebook.com/antioxi.supplements,https://www.tiktok.com/@antioxi.supplements,,,"The focus Mushroom Supplements, Done Right puts on clean, effective formulas is exactly what customers need."
Apotheka Herbal,apothekaherbal.ca,https://apothekaherbal.ca,Michelle,Owner,Herbal Store Victoria BC - Apotheka Herbal Canada,michelle@apothekaherbal.ca,info@apothekaherbal.ca,Health & Supplements,100% Confirmed Real,Valid (Google Workspace),Not Configured,None,No,https://www.facebook.com/ads/library/?q=Apotheka%20Herbal&type=all,https://www.instagram.com/apothekaherbal,https://www.facebook.com/apothekaherbal,,,,"The focus Apotheka Herbal puts on clean, effective formulas is exactly what customers need."
Arazo Nutrition,arazonutrition.com,https://arazonutrition.com,Support,Owner,Arazo Nutrition,support@arazonutrition.com,,Health & Supplements,98% Confirmed Real,Valid (Host MX),Not Configured,Configured,No,https://www.facebook.com/ads/library/?q=Arazo%20Nutrition&type=all,https://www.instagram.com/arazo_nutrition_usa,https://www.facebook.com/ArazoNutritionUSA,https://www.tiktok.com/@arazo_nutrition,,,"The focus Arazo Nutrition puts on clean, effective formulas is exactly what customers need."
Arbor Vitamins,arborvitamins.com,https://arborvitamins.com,Support,Owner,"Arbor Vitamins ® | Science-driven supplements, AM to PM",support@arborvitamins.com,,Health & Supplements,100% Confirmed Real,Valid (Host MX),Configured (v=DMARC1),Configured,No,https://www.facebook.com/ads/library/?q=Arbor%20Vitamins&type=all,https://www.instagram.com/arborvitamins,,https://www.tiktok.com/@arborvitamins,,,"The focus Arbor Vitamins puts on clean, effective formulas is exactly what customers need."
Arid Origins,aridoriginsorganics.com,https://aridoriginsorganics.com,Keeley,Owner,Arid Origins | Shop Cactus &amp; Desert Plant Seeds from Arizona,keeley@aridorigins.com,,Health & Supplements,63% Confirmed Real,Valid (Google Workspace),Not Configured,Configured,No,https://www.facebook.com/ads/library/?q=Arid%20Origins&type=all,https://www.instagram.com/aridorigins,https://www.facebook.com/profile.php,,,,"The focus Arid Origins puts on clean, effective formulas is exactly what customers need."
Atinge,atingeorganic.ro,https://atingeorganic.ro,Comenzi,Owner,Atinge - aromatherapy &amp; natural beauty,comenzi@atingeorganic.ro,,Health & Supplements,100% Confirmed Real,Valid (Zoho Mail),Not Configured,None,No,https://www.facebook.com/ads/library/?q=Atinge&type=all,https://www.instagram.com/atinge.organic,https://www.facebook.com/atinge.organic,,,,"The focus Atinge puts on clean, effective formulas is exactly what customers need."
Aussie Fitness co,aussiefitnessco.com,https://aussiefitnessco.com,Support,Owner,American Express,support@aussiefitnessco.com,,Health & Supplements,100% Confirmed Real,Valid (Google Workspace),Configured (v=DMARC1),None,No,https://www.facebook.com/ads/library/?q=Aussie%20Fitness%20co&type=all,https://www.instagram.com/aussiefitnessco,https://www.facebook.com/aussiefitnessco,,,,"The focus Aussie Fitness co puts on clean, effective formulas is exactly what customers need."
Ayur Brahma Wellness,ayurbrahmawellnessslp.com,https://ayurbrahmawellnessslp.com,Ayurbrahmawellnessslp,Owner,Ayur Brahma Wellness | S L P | Shivamogga,ayurbrahmawellnessslp@gmail.com,,Health & Supplements,100% Confirmed Real,Valid (Google Workspace),Configured (v=DMARC1),Configured,No,https://www.facebook.com/ads/library/?q=Ayur%20Brahma%20Wellness&type=all,https://www.instagram.com/shopify,https://www.facebook.com/shopify,,https://x.com/shopify,,"The focus Ayur Brahma Wellness puts on clean, effective formulas is exactly what customers need."
AyurSome Wellness,ayursomewellness.com,https://ayursomewellness.com,Info,Owner,Ayurvedic Herbal Teas &amp; Ancient Grain Cookies | AyurSome Wellness,info@ayursomewellness.com,,Health & Supplements,100% Confirmed Real,Valid (Google Workspace),Configured (v=DMARC1),Configured,No,https://www.facebook.com/ads/library/?q=AyurSome%20Wellness&type=all,https://www.instagram.com/ayursomewellness,,https://www.tiktok.com/@ayursomewellness,,,"The focus AyurSome Wellness puts on clean, effective formulas is exactly what customers need."
ayuvitaayurveda.in,ayuvitaayurveda.in,https://ayuvitaayurveda.in,Ayuviitaayurrveda,Owner,Ayuvita Ayurveda an Ayurvedic Skin and Hair Care,ayuviitaayurrveda@gmail.com,ayuvitaayurveda33@gmail.com,Health & Supplements,100% Confirmed Real,Valid (Google Workspace),Configured (v=DMARC1),Configured,No,https://www.facebook.com/ads/library/?q=ayuvitaayurveda.in&type=all,https://www.instagram.com/ayuvita.ayurveda,https://www.facebook.com/ayuvitaayurveda,,,,"The focus ayuvitaayurveda.in puts on clean, effective formulas is exactly what customers need."
Ayurveda Store,ayurvedastore.co.nz,https://ayurvedastore.co.nz,Info,Owner,Ayurveda Store - Get Best Ayurvedic Products Online,info@ayurvedastore.co.nz,,Health & Supplements,100% Confirmed Real,Valid (Google Workspace),Configured (v=DMARC1),Configured,No,https://www.facebook.com/ads/library/?q=Ayurveda%20Store&type=all,https://www.instagram.com/ayurvedastore.co.nz,https://www.facebook.com/ayurvedastorenz,,,,"The focus Ayurveda Store puts on clean, effective formulas is exactly what customers need."
AZ Vitamins,azvitamins-italia.com,https://azvitamins-italia.com,Contact,Fr,American Express,contact-fr@azvitamins-france.com,,Health & Supplements,58% Confirmed Real,Valid (Host MX),Not Configured,Configured,No,https://www.facebook.com/ads/library/?q=AZ%20Vitamins&type=all,,,,,,"The focus AZ Vitamins puts on clean, effective formulas is exactly what customers need."
balanceayurveda.in,balanceayurveda.in,https://balanceayurveda.in,Care,Owner,Founder / Owner @ balanceayurveda.in,care@balanceayurveda.in,,Health & Supplements,100% Confirmed Real,Valid (Google Workspace),Not Configured,None,No,https://www.facebook.com/ads/library/?q=balanceayurveda.in&type=all,https://www.instagram.com/balanceayurvedaindia,https://www.facebook.com/Balance-Ayurveda-India-107382661851745,,https://x.com/BalanceAyurved,,"The focus balanceayurveda.in puts on clean, effective formulas is exactly what customers need."
Bare Skin & Herbals,bareskinherbals.com,https://bareskinherbals.com,Hello,Owner,Founder / Owner @ Bare Skin & Herbals,hello@bareskinherbals.com,,Health & Supplements,100% Confirmed Real,Valid (Google Workspace),Configured (v=DMARC1),Configured,No,https://www.facebook.com/ads/library/?q=Bare%20Skin%20%26%20Herbals&type=all,https://www.instagram.com/bareskinherbals,,,,,"The focus Bare Skin & Herbals puts on clean, effective formulas is exactly what customers need."
basquaredfitness,basquaredfitness.com,https://basquaredfitness.com,Customerservice,Owner,Amazon,customerservice@basquaredfitness.com,,Health & Supplements,100% Confirmed Real,Valid (Host MX),Configured (v=DMARC1),Configured,No,https://www.facebook.com/ads/library/?q=basquaredfitness&type=all,https://www.instagram.com/basquaredfitness,https://www.facebook.com/basquaredfitness,https://www.tiktok.com/@basquaredfitness,,,"The focus basquaredfitness puts on clean, effective formulas is exactly what customers need."
Bee You Organics,beeyouorganics.com,https://beeyouorganics.com,Customerservice,Owner,American Express,customerservice@beeyouorganics.com,,Health & Supplements,100% Confirmed Real,Valid (Microsoft 365),Configured (v=DMARC1),Configured,No,https://www.facebook.com/ads/library/?q=Bee%20You%20Organics&type=all,https://www.instagram.com/beeyouorganics,https://www.facebook.com/plugins,,,,"The focus Bee You Organics puts on clean, effective formulas is exactly what customers need."
Bee Well Organics Inc,beewellorganics.com,https://beewellorganics.com,Beewelloganicsco,Owner,Bee Well Organics Inc,beewelloganicsco@gmail.com,,Health & Supplements,68% Confirmed Real,Valid (Google Workspace),Configured (v=DMARC1),Configured,No,https://www.facebook.com/ads/library/?q=Bee%20Well%20Organics%20Inc&type=all,,,,,,"The focus Bee Well Organics Inc puts on clean, effective formulas is exactly what customers need."
Dark Mode,bestsleeptape.com,https://bestsleeptape.com,Support,Owner,Mouth Tape &amp; Nasal Strips For Sleep &amp; Performance l Dark Mode,support@bestsleeptape.com,,Health & Supplements,100% Confirmed Real,Valid (Google Workspace),Not Configured,Configured,No,https://www.facebook.com/ads/library/?q=Dark%20Mode&type=all,https://www.instagram.com/bestsleeptape,https://www.facebook.com/profile.php,,,,"The focus Dark Mode puts on clean, effective formulas is exactly what customers need."
Betta Botanicals | Natural Aquarium Products,bettabotanicals.com,https://bettabotanicals.com,Bettabotanicals,Owner,Betta Botanicals | Natural Aquarium Products,bettabotanicals@gmail.com,,Health & Supplements,100% Confirmed Real,Valid (Google Workspace),Configured (v=DMARC1),Configured,No,https://www.facebook.com/ads/library/?q=Betta%20Botanicals%20%7C%20Natural%20Aquarium%20Products&type=all,https://www.instagram.com/bettabotanicals,https://www.facebook.com/BettaBotanicals,https://www.tiktok.com/@bettabotanicals,,https://www.linkedin.com/company/betta-botanicals-natural-aquarium-products,"The focus Betta Botanicals | Natural Aquarium Products puts on clean, effective formulas is exactly what customers need."
Better Dog Supplements,betterdogsupplements.com,https://betterdogsupplements.com,Info,Owner,Better Dog Supplements by Cesar Millan | Official Store,info@betterdogsupplements.com,,Health & Supplements,100% Confirmed Real,Valid (Google Workspace),Configured (v=DMARC1),None,No,https://www.facebook.com/ads/library/?q=Better%20Dog%20Supplements&type=all,https://www.instagram.com/betterdogsupplements,,https://www.tiktok.com/@betterdogsupplements,,,"The focus Better Dog Supplements puts on clean, effective formulas is exactly what customers need."
bigenutrition.com,bigenutrition.com,https://bigenutrition.com,Sales,Owner,Buy Sports Nutrition Supplements at Big E Nutrition,sales@bigenutrition.com,,Health & Supplements,100% Confirmed Real,Valid (Microsoft 365),Not Configured,Configured,No,https://www.facebook.com/ads/library/?q=bigenutrition.com&type=all,https://www.instagram.com/bigenutrition,https://www.facebook.com/bigenutrition,https://www.tiktok.com/@bigenutrition,https://x.com/bigenutrition,,"The focus bigenutrition.com puts on clean, effective formulas is exactly what customers need."
Bionwellness Industries,bionwellnessonline.com,https://bionwellnessonline.com,Loviebionwater,Owner,American Express,loviebionwater@gmail.com,requests@bionwellness.com,Health & Supplements,68% Confirmed Real,Valid (Google Workspace),Configured (v=DMARC1),Configured,No,https://www.facebook.com/ads/library/?q=Bionwellness%20Industries&type=all,,,,,,"The focus Bionwellness Industries puts on clean, effective formulas is exactly what customers need."
Black Seed Botanicals,blackseed-botanicals.com,https://blackseed-botanicals.com,Help,Owner,Black Seed Botanicals,help@blackseed-botanicals.com,,Health & Supplements,100% Confirmed Real,Valid (Host MX),Configured (v=DMARC1),Configured,No,https://www.facebook.com/ads/library/?q=Black%20Seed%20Botanicals&type=all,,,,,,"The focus Black Seed Botanicals puts on clean, effective formulas is exactly what customers need."
BlackWolf Nutrition,blackwolfnutrition.com.au,https://blackwolfnutrition.com.au,Hello,Owner,"Black Wolf Nutrition
 &ndash; BlackWolf Nutrition",hello@blackwolfnutrition.com.au,,Health & Supplements,100% Confirmed Real,Valid (Google Workspace),Configured (v=DMARC1),Configured,No,https://www.facebook.com/ads/library/?q=BlackWolf%20Nutrition&type=all,https://www.instagram.com/blackwolfnutrition_,https://www.facebook.com/people,,,,"The focus BlackWolf Nutrition puts on clean, effective formulas is exactly what customers need."
BlueOrganics,blueorganics.co,https://blueorganics.co,Support,Owner,BlueOrganics,support@blueorganics.co,,Health & Supplements,100% Confirmed Real,Valid (Google Workspace),Configured (v=DMARC1),None,No,https://www.facebook.com/ads/library/?q=BlueOrganics&type=all,,,,,,"The focus BlueOrganics puts on clean, effective formulas is exactly what customers need."
Blú Nutrition,blunutrition.co.uk,https://blunutrition.co.uk,Hello,Owner,Blú Nutrition,hello@blunutrition.co.uk,,Health & Supplements,100% Confirmed Real,Valid (Google Workspace),Not Configured,None,No,https://www.facebook.com/ads/library/?q=Bl%C3%BA%20Nutrition&type=all,https://www.instagram.com/blunutrition,https://www.facebook.com/blunutrition,,,,"The focus Blú Nutrition puts on clean, effective formulas is exactly what customers need."
Boom Nutrition Inc.,boomnutrition.com,https://boomnutrition.com,Info,Owner,American Express,info@boomnutrition.com,44060216-242-2679info@boomnutrition.com,Health & Supplements,100% Confirmed Real,Valid (Microsoft 365),Configured (v=DMARC1),Configured,No,https://www.facebook.com/ads/library/?q=Boom%20Nutrition%20Inc.&type=all,,,,,,"The focus Boom Nutrition Inc. puts on clean, effective formulas is exactly what customers need."
Botanical Cabana,botanicalcabana.com,https://botanicalcabana.com,Info,Owner,Botanical Cabana: Discover The Best Textured Curly Hair Care Products,info@botanicalcabana.com,,Health & Supplements,100% Confirmed Real,Valid (Microsoft 365),Configured (v=DMARC1),Configured,No,https://www.facebook.com/ads/library/?q=Botanical%20Cabana&type=all,https://www.instagram.com/botanicalcabana,https://www.facebook.com/botanicalcabana,https://www.tiktok.com/@botanicalcabana,https://x.com/botanicalcabana,,"The focus Botanical Cabana puts on clean, effective formulas is exactly what customers need."
botanical-beauty-au,botanical-beauty.au,https://botanical-beauty.au,Hello,Owner,"Botanical Beauty Skincare
 &ndash; botanical-beauty-au",hello@botanical-beauty.au,,Health & Supplements,100% Confirmed Real,Valid (Google Workspace),Not Configured,None,No,https://www.facebook.com/ads/library/?q=botanical-beauty-au&type=all,https://www.instagram.com/botanical_beauty_skincare,https://www.facebook.com/botanicalbeautyskincareau,,,,"The focus botanical-beauty-au puts on clean, effective formulas is exactly what customers need."
Brandl Nutrition,brandl-nutrition.de,https://brandl-nutrition.de,Support,Owner,American Express,support@brandl-nutrition.de,,Health & Supplements,100% Confirmed Real,Valid (Google Workspace),Configured (v=DMARC1),Configured,No,https://www.facebook.com/ads/library/?q=Brandl%20Nutrition&type=all,https://www.instagram.com/brandlnutrition,,,,,"The focus Brandl Nutrition puts on clean, effective formulas is exactly what customers need."
Breathing & Sleep Solutions,breathingsleepsolutions.com.au,https://breathingsleepsolutions.com.au,Admin,Owner,American Express,admin@breathingsleepsolutions.com.au,,Health & Supplements,100% Confirmed Real,Valid (Microsoft 365),Configured (v=DMARC1),Configured,No,https://www.facebook.com/ads/library/?q=Breathing%20%26%20Sleep%20Solutions&type=all,,,,,,"The focus Breathing & Sleep Solutions puts on clean, effective formulas is exactly what customers need."
Bubbles And Botanicals,bubblesandbotanicals.com,https://bubblesandbotanicals.com,Bubbles,Botancicals,"Bubbles &amp; Botanicals By Ashley
 &ndash; Bubbles And Botanicals",bubbles.botancicals@gmail.com,,Health & Supplements,68% Confirmed Real,Valid (Google Workspace),Configured (v=DMARC1),Configured,No,https://www.facebook.com/ads/library/?q=Bubbles%20And%20Botanicals&type=all,,,,,,"The focus Bubbles And Botanicals puts on clean, effective formulas is exactly what customers need."
BULK FITNESS,bulkfitness.mx,https://bulkfitness.mx,Info,Owner,BULK FITNESS,info@bulkfitness.mx,,Health & Supplements,100% Confirmed Real,Valid (Host MX),Configured (v=DMARC1),Configured,No,https://www.facebook.com/ads/library/?q=BULK%20FITNESS&type=all,https://www.instagram.com/bulkfitnessmx,https://www.facebook.com/bulkfitnessmx,,,,"The focus BULK FITNESS puts on clean, effective formulas is exactly what customers need."
Bulk Superfoods – BulkSuperfoodsmx,bulksuperfoods.mx,https://bulksuperfoods.mx,Hola,Owner,Bulk Superfoods &ndash; BulkSuperfoodsmx,hola@bulksuperfoods.mx,,Health & Supplements,100% Confirmed Real,Valid (Google Workspace),Configured (v=DMARC1),None,No,https://www.facebook.com/ads/library/?q=Bulk%20Superfoods%20%E2%80%93%20BulkSuperfoodsmx&type=all,https://www.instagram.com/bulk.superfoods,https://www.facebook.com/bulksuperfoodsmx,,,,"The focus Bulk Superfoods – BulkSuperfoodsmx puts on clean, effective formulas is exactly what customers need."
Byepolar® Wellness,byepolarwellness.com,https://byepolarwellness.com,Contactus,Owner,Byepolar® Wellness,contactus@byepolarwellness.com,,Health & Supplements,98% Confirmed Real,Valid (Zoho Mail),Not Configured,Configured,No,https://www.facebook.com/ads/library/?q=Byepolar%C2%AE%20Wellness&type=all,https://www.instagram.com/byepolarx,https://www.facebook.com/byepolarx,https://www.tiktok.com/@byepolarx,,,"The focus Byepolar® Wellness puts on clean, effective formulas is exactly what customers need."
Casper Sleep,casper.com,https://casper.com,Support,Owner,Founder / Owner @ Casper Sleep,support@casper.com,,Health & Supplements,100% Confirmed Real,Valid (Google Workspace),Configured (v=DMARC1),Configured,No,https://www.facebook.com/ads/library/?q=Casper%20Sleep&type=all,https://www.instagram.com/casper,https://www.facebook.com/Casper,,https://x.com/casper,https://www.linkedin.com/company/casper,"The focus Casper Sleep puts on clean, effective formulas is exactly what customers need."
Ceylon Organic,ceylonorganicstore.com,https://ceylonorganicstore.com,Support,Owner,"Ceylon Organic | 100% Natural Ceylon Herbs, Teas &amp; Spices",support@ceylonorganicstore.com,"mahesh.ebusiness95@gmail.com, ecom-swiper@11.css",Health & Supplements,100% Confirmed Real,Valid (Host MX),Configured (v=DMARC1),Configured,No,https://www.facebook.com/ads/library/?q=Ceylon%20Organic&type=all,https://www.instagram.com/ceylonorganicstore,https://www.facebook.com/ceylonorganicstore,,,,"The focus Ceylon Organic puts on clean, effective formulas is exactly what customers need."
sweap_sg_estore,checkoutstore.suntorywellness.com.sg,https://checkoutstore.suntorywellness.com.sg,Customercare,Sg,Blog | BRAND'S® Suntory Wellness Official Online Store,customercare_sg@suntory.com,,Health & Supplements,100% Confirmed Real,Valid (Host MX),Configured (v=DMARC1),Configured,No,https://www.facebook.com/ads/library/?q=sweap_sg_estore&type=all,,https://www.facebook.com/BrandsHomeDelivery,,,,"The focus sweap_sg_estore puts on clean, effective formulas is exactly what customers need."
Curelux Wellness,cureluxwellness.com,https://cureluxwellness.com,Info,Owner,Premium CBD Products for Daily Relief | Curelux Wellness,info@cureluxwellness.com,,Health & Supplements,98% Confirmed Real,Valid (Host MX),Not Configured,Configured,No,https://www.facebook.com/ads/library/?q=Curelux%20Wellness&type=all,https://www.instagram.com/cureluxwellness,https://www.facebook.com/profile.php,,,,"The focus Curelux Wellness puts on clean, effective formulas is exactly what customers need."
Inventive Organics,customer.inventiveorganics.com,https://customer.inventiveorganics.com,%20hello,Owner,Inventive Organics,%20hello@inventiveorganics.com,"hello@inventiveorganics.com, 20hello@inventiveorganics.com",Health & Supplements,100% Confirmed Real,Valid (Google Workspace),Not Configured,Configured,No,https://www.facebook.com/ads/library/?q=Inventive%20Organics&type=all,https://www.instagram.com/inventiveorganics,,,,,"The focus Inventive Organics puts on clean, effective formulas is exactly what customers need."
Daily Shake - Premium Wellness,dailyshake.com,https://dailyshake.com,Support,Owner,"multimedia / 10 - multimedia, play icon, circle, button",support@dailyshake.com,,Health & Supplements,100% Confirmed Real,Valid (Google Workspace),Configured (v=DMARC1),Configured,No,https://www.facebook.com/ads/library/?q=Daily%20Shake%20-%20Premium%20Wellness&type=all,https://www.instagram.com/drinkdailyshake,https://www.facebook.com/drinkdailyshake,https://www.tiktok.com/@drinkdailyshake,,https://www.linkedin.com/company/daily-shake,"The focus Daily Shake - Premium Wellness puts on clean, effective formulas is exactly what customers need."
Darose Wellness Hub,darosewellnesshub.com,https://darosewellnesshub.com,Darosewellness,Owner,Darose Wellness Hub,darosewellness@gmail.com,,Health & Supplements,100% Confirmed Real,Valid (Google Workspace),Configured (v=DMARC1),Configured,No,https://www.facebook.com/ads/library/?q=Darose%20Wellness%20Hub&type=all,https://www.instagram.com/darosewellnesshub,,https://www.tiktok.com/@darosewellnesshub,,,"The focus Darose Wellness Hub puts on clean, effective formulas is exactly what customers need."
Dhillon Organics,dhillonorganics.com,https://dhillonorganics.com,Dhillonorganics,Owner,Dhillon Organics,dhillonorganics@gmail.com,,Health & Supplements,100% Confirmed Real,Valid (Google Workspace),Configured (v=DMARC1),Configured,No,https://www.facebook.com/ads/library/?q=Dhillon%20Organics&type=all,https://www.instagram.com/dhillonorganics,https://www.facebook.com/profile.php,https://www.tiktok.com/@dhillonorganics,,,"The focus Dhillon Organics puts on clean, effective formulas is exactly what customers need."
Shop Denver Health & Fitness Rewards,dhfshop.fit,https://dhfshop.fit,Orders,Owner,Founder / Owner @ Shop Denver Health & Fitness Rewards,orders@mygymapparelorder.com,dhfrewards@myrewardstore.com,Health & Supplements,100% Confirmed Real,Valid (Microsoft 365),Configured (v=DMARC1),Configured,No,https://www.facebook.com/ads/library/?q=Shop%20Denver%20Health%20%26%20Fitness%20Rewards&type=all,,,,,,"The focus Shop Denver Health & Fitness Rewards puts on clean, effective formulas is exactly what customers need."
Maharashtra– Herb Alley,drkavitasherballey.com,https://drkavitasherballey.com,Drkavitasherballey,Owner,Founder / Owner @ Maharashtra– Herb Alley,drkavitasherballey@gmail.com,info@drkavitasherballey.com,Health & Supplements,100% Confirmed Real,Valid (Google Workspace),Configured (v=DMARC1),Configured,No,https://www.facebook.com/ads/library/?q=Maharashtra%E2%80%93%20Herb%20Alley&type=all,https://www.instagram.com/dr_kavitas_herballey,https://www.facebook.com/dr.kavitasherballey,,,,"The focus Maharashtra– Herb Alley puts on clean, effective formulas is exactly what customers need."
Earth Maiden Soap & Sundries,earthmaidenorganics.com,https://earthmaidenorganics.com,29412earthmaiden,Owner,Earth Maiden Soap &amp; Sundries,29412earthmaiden@earthmaidenorganics.com,earthmaiden@earthmaidenorganics.com,Health & Supplements,100% Confirmed Real,Valid (Microsoft 365),Not Configured,Configured,No,https://www.facebook.com/ads/library/?q=Earth%20Maiden%20Soap%20%26%20Sundries&type=all,https://www.instagram.com/earthmaidensoaps,https://www.facebook.com/my.earthmaiden,,https://x.com/earthmaiden,,"The focus Earth Maiden Soap & Sundries puts on clean, effective formulas is exactly what customers need."
1MD Nutrition®,1md.org,https://1md.org,Support,Owner,1MD Nutrition® - Physician-Formulated Health Supplements,support@1md.org,,Health & Supplements,100% Confirmed Real,Valid (Google Workspace),Configured (v=DMARC1),Configured,No,https://www.facebook.com/ads/library/?q=1MD%20Nutrition%C2%AE&type=all,https://www.instagram.com/1mdhealth,https://www.facebook.com/1MDHealth,https://www.tiktok.com/@1mdhealth,,,"The focus 1MD Nutrition® puts on clean, effective formulas is exactly what customers need."
1supplementscom,1supplements.com,https://1supplements.com,Info,Owner,Best Preworkout Supplement | Whey Protein Isolate - 1Supplements,info@1supplements.com,,Health & Supplements,95% Confirmed Real,Valid (Host MX),Not Configured,None,No,https://www.facebook.com/ads/library/?q=1supplementscom&type=all,https://www.instagram.com/1supplements_com,https://www.facebook.com/1supplementscom-153511415327511,https://www.tiktok.com/@1supplementscom,,,"The focus 1supplementscom puts on clean, effective formulas is exactly what customers need."
Aadisattva Organics,aadisattvaorganics.com,https://aadisattvaorganics.com,Aadisattvaorganics,Owner,Founder / Owner @ Aadisattva Organics,aadisattvaorganics@gmail.com,sales@aadisattvaorganics.com,Health & Supplements,100% Confirmed Real,Valid (Google Workspace),Configured (v=DMARC1),Configured,No,https://www.facebook.com/ads/library/?q=Aadisattva%20Organics&type=all,https://www.instagram.com/aadisattvaorganics,,,https://x.com/Aadisattva20602,https://www.linkedin.com/company/aadisattva-organics,"The focus Aadisattva Organics puts on clean, effective formulas is exactly what customers need."
A&A nutrition,aanutrition.it,https://aanutrition.it,Aanutrition,Info,"A&amp;A Nutrition
 &ndash; A&amp;A nutrition",aanutrition.info@gmail.com,,Health & Supplements,100% Confirmed Real,Valid (Google Workspace),Configured (v=DMARC1),Configured,No,https://www.facebook.com/ads/library/?q=A%26A%20nutrition&type=all,https://www.instagram.com/aanutrition.store,,,,,"The focus A&A nutrition puts on clean, effective formulas is exactly what customers need."
A Best Supplements,abestsupplements.com,https://abestsupplements.com,Abestsupplements,Owner,A Best Supplements,abestsupplements@gmail.com,info@abestsupplements.com,Health & Supplements,100% Confirmed Real,Valid (Google Workspace),Configured (v=DMARC1),Configured,No,https://www.facebook.com/ads/library/?q=A%20Best%20Supplements&type=all,https://www.instagram.com/abestsupplements,https://www.facebook.com/profile.php,,,,"The focus A Best Supplements puts on clean, effective formulas is exactly what customers need."
Act Fitness,actfitness.com.tr,https://actfitness.com.tr,Info,Owner,"Act Fitness | Spor Giyim, Ağırlık ve Pilates Ekipmanları",info@actfitness.com.tr,,Health & Supplements,100% Confirmed Real,Valid (Host MX),Configured (v=DMARC1),Configured,No,https://www.facebook.com/ads/library/?q=Act%20Fitness&type=all,https://www.instagram.com/actfitnessturkiye,,,,,"The focus Act Fitness puts on clean, effective formulas is exactly what customers need."
Adesuwa Botanicals,adesuwabotanicals.com,https://adesuwabotanicals.com,Products,Owner,"Adesuwa Botanicals: Natural Hair and Skincare for Pure, Holistic Beaut",products@adesuwabotanicals.com,,Health & Supplements,100% Confirmed Real,Valid (Microsoft 365),Configured (v=DMARC1),Configured,No,https://www.facebook.com/ads/library/?q=Adesuwa%20Botanicals&type=all,,,,,,"The focus Adesuwa Botanicals puts on clean, effective formulas is exactly what customers need."
Affirmations of Wellness,affirmationsofwellness.com,https://affirmationsofwellness.com,Affirmationsofwellness,Owner,Affirmations of Wellness,affirmationsofwellness@gmail.com,,Health & Supplements,100% Confirmed Real,Valid (Google Workspace),Configured (v=DMARC1),Configured,No,https://www.facebook.com/ads/library/?q=Affirmations%20of%20Wellness&type=all,https://www.instagram.com/affirmations0fwellness,,,,,"The focus Affirmations of Wellness puts on clean, effective formulas is exactly what customers need."
Aja Botanicals,ajabotanicals.com,https://ajabotanicals.com,Customerservice,Owner,Aja Botanicals,customerservice@ajabotanicals.com,,Health & Supplements,100% Confirmed Real,Valid (Google Workspace),Configured (v=DMARC1),None,No,https://www.facebook.com/ads/library/?q=Aja%20Botanicals&type=all,https://www.instagram.com/aja_botanicals,,https://www.tiktok.com/@ajabotanicals,,,"The focus Aja Botanicals puts on clean, effective formulas is exactly what customers need."
Aleta Collagen,aletacollagen.com,https://aletacollagen.com,Hello,Owner,"OU Kosher Collagen Peptides – Bovine &amp; Marine
 &ndash; Aleta Collagen",hello@aletacollagen.com,,Health & Supplements,100% Confirmed Real,Valid (Google Workspace),Configured (v=DMARC1),Configured,No,https://www.facebook.com/ads/library/?q=Aleta%20Collagen&type=all,https://www.instagram.com/aletacollagen,https://www.facebook.com/people,https://www.tiktok.com/@aletacollagen,https://x.com/aletacollagen,,"The focus Aleta Collagen puts on clean, effective formulas is exactly what customers need."
All Greens Clifton Road,allgreensclifton.co.uk,https://allgreensclifton.co.uk,Orders,Clifton,All Greens Clifton Road,orders.clifton@allgreens.co.uk,,Health & Supplements,100% Confirmed Real,Valid (Microsoft 365),Configured (v=DMARC1),Configured,No,https://www.facebook.com/ads/library/?q=All%20Greens%20Clifton%20Road&type=all,https://www.instagram.com/shopify,,https://www.tiktok.com/@shopify,https://x.com/shopify,,"The focus All Greens Clifton Road puts on clean, effective formulas is exactly what customers need."
Allgood Nutrition Australia,allgoodnutrition.com.au,https://allgoodnutrition.com.au,Support,Owner,user,support@halothemes.com,hello@allgoodnutrition.com.au,Health & Supplements,100% Confirmed Real,Valid (Google Workspace),Not Configured,None,No,https://www.facebook.com/ads/library/?q=Allgood%20Nutrition%20Australia&type=all,https://www.instagram.com/allgood_nutrition,https://www.facebook.com/allgoodnutritionaustralia,,,,"The focus Allgood Nutrition Australia puts on clean, effective formulas is exactly what customers need."
Alopa Herbal Healthcare,alopaherbal.com,https://alopaherbal.com,Support,Owner,Alopa Herbal Healthcare,support@alopaherbal.com,,Health & Supplements,100% Confirmed Real,Valid (Google Workspace),Configured (v=DMARC1),Configured,No,https://www.facebook.com/ads/library/?q=Alopa%20Herbal%20Healthcare&type=all,,,,,,"The focus Alopa Herbal Healthcare puts on clean, effective formulas is exactly what customers need."
Alpha Dog Nutrition,alphadognutrition.com,https://alphadognutrition.com,Info,Owner,Alpha Dog Nutrition | Premium Dog Supplements &amp; Vitamins,info@alphadognutrition.com,,Health & Supplements,100% Confirmed Real,Valid (Google Workspace),Configured (v=DMARC1),None,No,https://www.facebook.com/ads/library/?q=Alpha%20Dog%20Nutrition&type=all,https://www.instagram.com/alpha_dog_nutrition,https://www.facebook.com/AlphaDogNutrition1,https://www.tiktok.com/@alphadognutrition,,,"The focus Alpha Dog Nutrition puts on clean, effective formulas is exactly what customers need."
Ancient Nutrition,ancientnutrition.com,https://ancientnutrition.com,Support,Owner,Ancient Nutrition - Dietary Supplements &amp; Vitamins,support@ancientnutrition.com,,Health & Supplements,100% Confirmed Real,Valid (Google Workspace),Configured (v=DMARC1),Configured,No,https://www.facebook.com/ads/library/?q=Ancient%20Nutrition&type=all,https://www.instagram.com/ancientnutrition,https://www.facebook.com/ancientnutrition,,,,"The focus Ancient Nutrition puts on clean, effective formulas is exactly what customers need."
Anywhey Supplement Store,anywhey.com.au,https://anywhey.com.au,Support,Owner,Anywhey Supplement Store,support@anywhey.com.au,,Health & Supplements,100% Confirmed Real,Valid (Host MX),Configured (v=DMARC1),Configured,No,https://www.facebook.com/ads/library/?q=Anywhey%20Supplement%20Store&type=all,,,,,,"The focus Anywhey Supplement Store puts on clean, effective formulas is exactly what customers need."
AnyasHerbals,anyasherbals.com,https://anyasherbals.com,Anyasherbals,Owner,Anya&#39;s Herbals | Organic Botanical Skincare,anyasherbals@gmail.com,,Health & Supplements,100% Confirmed Real,Valid (Google Workspace),Configured (v=DMARC1),Configured,No,https://www.facebook.com/ads/library/?q=AnyasHerbals&type=all,https://www.instagram.com/AnyasHerbals,https://www.facebook.com/AnyasHerbals,,,,"The focus AnyasHerbals puts on clean, effective formulas is exactly what customers need."
apebuiltfitness.com,apebuiltfitness.com,https://apebuiltfitness.com,Sales,Owner,"APE Built Fitness
 &ndash; APE Fitness",sales@apebuiltfitness.com,,Health & Supplements,100% Confirmed Real,Valid (Google Workspace),Not Configured,Configured,No,https://www.facebook.com/ads/library/?q=apebuiltfitness.com&type=all,,,,,,"The focus apebuiltfitness.com puts on clean, effective formulas is exactly what customers need."
Aras Sleep,arassleep.com,https://arassleep.com,Arasmattresslv1,Owner,Aras Sleep,arasmattresslv1@gmail.com,,Health & Supplements,68% Confirmed Real,Valid (Google Workspace),Configured (v=DMARC1),Configured,No,https://www.facebook.com/ads/library/?q=Aras%20Sleep&type=all,,https://www.facebook.com/Arasmattressfurniture,,,,"The focus Aras Sleep puts on clean, effective formulas is exactly what customers need."
ArnoldFitness,arnoldfitness.co.nz,https://arnoldfitness.co.nz,%20info,Owner,ArnoldFitness,%20info@arnoldfitness.co.nz,"20info@arnoldfitness.co.nz, info@arnoldfitness.co.nz",Health & Supplements,100% Confirmed Real,Valid (Google Workspace),Configured (v=DMARC1),None,No,https://www.facebook.com/ads/library/?q=ArnoldFitness&type=all,,,,,,"The focus ArnoldFitness puts on clean, effective formulas is exactly what customers need."
A Sleeping Samurai,asleepingsamurai.com,https://asleepingsamurai.com,Info,Owner,"Fashion House
 &ndash; A Sleeping Samurai",info@asleepingsamurai.com,,Health & Supplements,95% Confirmed Real,Valid (Amazon SES),Not Configured,None,No,https://www.facebook.com/ads/library/?q=A%20Sleeping%20Samurai&type=all,https://www.instagram.com/asleepingsamurai,https://www.facebook.com/asleepingsamurai,,,,"The focus A Sleeping Samurai puts on clean, effective formulas is exactly what customers need."
athleticpower nutrition,athleticpowernutrition.com,https://athleticpowernutrition.com,Hi,Owner,"athleticpower nutrition - Designed for humans, Powered by science",hi@athleticpowernutrition.com,,Health & Supplements,100% Confirmed Real,Valid (Google Workspace),Configured (v=DMARC1),Configured,No,https://www.facebook.com/ads/library/?q=athleticpower%20nutrition&type=all,https://www.instagram.com/athleticpowernutrition,,,,,"The focus athleticpower nutrition puts on clean, effective formulas is exactly what customers need."
Attai Organics,attaiorganics.com,https://attaiorganics.com,Attaiorganics,Owner,Attai Organics,attaiorganics@gmail.com,,Health & Supplements,100% Confirmed Real,Valid (Google Workspace),Configured (v=DMARC1),Configured,No,https://www.facebook.com/ads/library/?q=Attai%20Organics&type=all,,,,,,"The focus Attai Organics puts on clean, effective formulas is exactly what customers need."
Aussie Fitness Pros,aussiefitnesspros.com,https://aussiefitnesspros.com,Sales,Owner,Aussie Fitness Pros | #1 Curved Treadmill for HIIT &amp; Endurance,sales@aussiefitnesspros.com,,Health & Supplements,100% Confirmed Real,Valid (Google Workspace),Configured (v=DMARC1),Configured,No,https://www.facebook.com/ads/library/?q=Aussie%20Fitness%20Pros&type=all,https://www.instagram.com/aussiefitnesspros,https://www.facebook.com/aussiefitnesspros,https://www.tiktok.com/@aussiefitnesspros,,,"The focus Aussie Fitness Pros puts on clean, effective formulas is exactly what customers need."
Authentic Nutrition,authentic-nutrition.com,https://authentic-nutrition.com,Nepasrepondre,Owner,Nutrition Sportive française &ndash; Authentic Nutrition,nepasrepondre@authentic-nutrition.com,,Health & Supplements,100% Confirmed Real,Valid (Host MX),Configured (v=DMARC1),None,No,https://www.facebook.com/ads/library/?q=Authentic%20Nutrition&type=all,https://www.instagram.com/authentic_nutrition,https://www.facebook.com/authenticnutritionFR,,,https://www.linkedin.com/company/authentic-nutrition,"The focus Authentic Nutrition puts on clean, effective formulas is exactly what customers need."
Avella Organics,avellaorganics.com,https://avellaorganics.com,Support,Owner,Avella Organics Magnesium Bisglycinate Gummies | 90-Day Guarantee,support@avellaorganics.com,,Health & Supplements,100% Confirmed Real,Valid (Google Workspace),Configured (v=DMARC1),Configured,No,https://www.facebook.com/ads/library/?q=Avella%20Organics&type=all,,,,,,"The focus Avella Organics puts on clean, effective formulas is exactly what customers need."
ayurvedastore.co.uk,ayurvedastore.co.uk,https://ayurvedastore.co.uk,Nileshsairam,Owner,dx trading ltd unit 3 viva village 192 Ealing road Wembley ha04qd UK,nileshsairam@gmail.com,,Health & Supplements,68% Confirmed Real,Valid (Google Workspace),Configured (v=DMARC1),Configured,No,https://www.facebook.com/ads/library/?q=ayurvedastore.co.uk&type=all,,,,,,"The focus ayurvedastore.co.uk puts on clean, effective formulas is exactly what customers need."
Aysha herbals,ayshaherbals.com,https://ayshaherbals.com,Ayshaherbals,Owner,Aysha herbals,ayshaherbals@gmail.com,,Health & Supplements,100% Confirmed Real,Valid (Google Workspace),Configured (v=DMARC1),Configured,No,https://www.facebook.com/ads/library/?q=Aysha%20herbals&type=all,https://www.instagram.com/ayshaherbals.in,,,,,"The focus Aysha herbals puts on clean, effective formulas is exactly what customers need."
Ayur Brahma Wellness,ayurbrahmawellnesssne.com,https://ayurbrahmawellnesssne.com,Ayurbrahmawellness,Shop,"Ayur Brahma Wellness
 &ndash; SNE Ayur Brahma Wellness",ayurbrahmawellness.shop@gmail.com,,Health & Supplements,100% Confirmed Real,Valid (Google Workspace),Configured (v=DMARC1),Configured,No,https://www.facebook.com/ads/library/?q=Ayur%20Brahma%20Wellness&type=all,https://www.instagram.com/sne.ayurbrahmawellness,https://www.facebook.com/ayurbrahmawellness.shop,,,,"The focus Ayur Brahma Wellness puts on clean, effective formulas is exactly what customers need."
Basic Supplements,basicsupplements.com,https://basicsupplements.com,Customerservice,Owner,Quality Nutritional Supplement Products | Basic Supplements,customerservice@basicsupplements.com,,Health & Supplements,100% Confirmed Real,Valid (Microsoft 365),Configured (v=DMARC1),Configured,No,https://www.facebook.com/ads/library/?q=Basic%20Supplements&type=all,https://www.instagram.com/getbasicsupps,https://www.facebook.com/getbasicsupps,https://www.tiktok.com/@getbasicsupps,https://x.com/getbasicsupps,,"The focus Basic Supplements puts on clean, effective formulas is exactly what customers need."
BeAlmighty Fitness Merchandise,bealmightyfitness.com,https://bealmightyfitness.com,Bealmightyfitness,Owner,"BeAlmighty Fitness Gear
&ndash; BeAlmighty Fitness Merchandise",bealmightyfitness@gmail.com,,Health & Supplements,100% Confirmed Real,Valid (Google Workspace),Configured (v=DMARC1),Configured,No,https://www.facebook.com/ads/library/?q=BeAlmighty%20Fitness%20Merchandise&type=all,https://www.instagram.com/quinnalmighty25,,,,,"The focus BeAlmighty Fitness Merchandise puts on clean, effective formulas is exactly what customers need."
BELLAMARWELLNESS,bellamarwellness.com,https://bellamarwellness.com,Daniella,Owner,BELLAMARWELLNESS,daniella@bellamarwellness.com,+daniella@bellamarwellness.com,Health & Supplements,100% Confirmed Real,Valid (Google Workspace),Configured (v=DMARC1),None,No,https://www.facebook.com/ads/library/?q=BELLAMARWELLNESS&type=all,https://www.instagram.com/daniellacazenave_,,,,,"The focus BELLAMARWELLNESS puts on clean, effective formulas is exactly what customers need."
Belzeb Wellness,belzebwellness.com,https://belzebwellness.com,Belzebwellness,Owner,Belzeb Wellness Clinic,belzebwellness@belzeb.net,,Health & Supplements,98% Confirmed Real,Valid (Host MX),Not Configured,Configured,No,https://www.facebook.com/ads/library/?q=Belzeb%20Wellness&type=all,https://www.instagram.com/belzebwellnesswpb,https://www.facebook.com/profile.php,,,https://www.linkedin.com/company/belzeb-s-a,"The focus Belzeb Wellness puts on clean, effective formulas is exactly what customers need."
Best Fitness Equipment,bestfitness.com.au,https://bestfitness.com.au,Support,Owner,Top Home &amp; Commercial Gym Equipment | Best Fitness Australia,support@bestfitness.com.au,,Health & Supplements,100% Confirmed Real,Valid (Microsoft 365),Configured (v=DMARC1),Configured,No,https://www.facebook.com/ads/library/?q=Best%20Fitness%20Equipment&type=all,https://www.instagram.com/bestfitness,https://www.facebook.com/BestFitness,,,,"The focus Best Fitness Equipment puts on clean, effective formulas is exactly what customers need."
"Be Still Farms- Real, Fine Organics",be-still-farms.com,https://be-still-farms.com,Wecare,Owner,"Be Still Farms- Real, Fine Organics ~ Buy Healthy, Whole Foods Online",wecare@zearaw.com,,Health & Supplements,83% Confirmed Real,Valid (Host MX),Not Configured,Configured,No,https://www.facebook.com/ads/library/?q=Be%20Still%20Farms-%20Real%2C%20Fine%20Organics&type=all,https://www.instagram.com/be.still.farms,https://www.facebook.com/BeStillFarms.Real.Fine,,https://x.com/BeStillFarms,,"The focus Be Still Farms- Real, Fine Organics puts on clean, effective formulas is exactly what customers need."
Bett Botanicals,bettbotanicals.com,https://bettbotanicals.com,Support,Owner,"BETT | Premium Kratom &amp; Kava Gummies
 &ndash; Bett",support@enjoybett.com,,Health & Supplements,100% Confirmed Real,Valid (Host MX),Configured (v=DMARC1),Configured,No,https://www.facebook.com/ads/library/?q=Bett%20Botanicals&type=all,https://www.instagram.com/enjoy.bett,,https://www.tiktok.com/@enjoy.bett,https://x.com/enjoybett,,"The focus Bett Botanicals puts on clean, effective formulas is exactly what customers need."
"Blessed Healing Remedy Skincare, LLC",bhrskincare.com,https://bhrskincare.com,Contact,Owner,"Founder / Owner @ Blessed Healing Remedy Skincare, LLC",contact@bhrskincare.com,,Health & Supplements,100% Confirmed Real,Valid (Google Workspace),Configured (v=DMARC1),Configured,No,https://www.facebook.com/ads/library/?q=Blessed%20Healing%20Remedy%20Skincare%2C%20LLC&type=all,https://www.instagram.com/bhrskincaremb,https://www.facebook.com/bhrskincare,,,,"The focus Blessed Healing Remedy Skincare, LLC puts on clean, effective formulas is exactly what customers need."
Biogrowth Organics,biogrowthorganics.com,https://biogrowthorganics.com,Allen,Owner,Organic Plant Nutrients &amp; Fertilizers &ndash; Biogrowth Organics,allen@biogrowthorganics.com,,Health & Supplements,100% Confirmed Real,Valid (Google Workspace),Configured (v=DMARC1),Configured,No,https://www.facebook.com/ads/library/?q=Biogrowth%20Organics&type=all,https://www.instagram.com/biogrowth_organics,https://www.facebook.com/profile.php,https://www.tiktok.com/@biogrowthorganics,,,"The focus Biogrowth Organics puts on clean, effective formulas is exactly what customers need."
Bloom & Reveal Botanicals,bloomreveal.com,https://bloomreveal.com,Support,Owner,Bloom & Reveal Botanicals,support@bloomreveal.com,,Health & Supplements,100% Confirmed Real,Valid (Zoho Mail),Configured (v=DMARC1),Configured,No,https://www.facebook.com/ads/library/?q=Bloom%20%26%20Reveal%20Botanicals&type=all,https://www.instagram.com/bloomreveal,https://www.facebook.com/bloomreveal,,,,"The focus Bloom & Reveal Botanicals puts on clean, effective formulas is exactly what customers need."
Bloom Natural Wellness,bloomnaturalwellness.com.au,https://bloomnaturalwellness.com.au,Hello,Owner,Bloom Natural Wellness. Homeopathy &amp; Organic Skincare,hello@bloomnaturalwellness.com.au,,Health & Supplements,100% Confirmed Real,Valid (Microsoft 365),Configured (v=DMARC1),Configured,No,https://www.facebook.com/ads/library/?q=Bloom%20Natural%20Wellness&type=all,https://www.instagram.com/bloomnaturalwellness,https://www.facebook.com/bloomnaturalwellness,,,,"The focus Bloom Natural Wellness puts on clean, effective formulas is exactly what customers need."
Bluebonnet Nutrition,bluebonnetnutrition.com,https://bluebonnetnutrition.com,Ecommreturns,Owner,Bluebonnet Nutrition-Vitamins-Minerals-Proteins-Herbs-Supplements,ecommreturns@bluebonnetnutrition.com,ecomm@bluebonnetnutrition.com,Health & Supplements,100% Confirmed Real,Valid (Microsoft 365),Configured (v=DMARC1),Configured,No,https://www.facebook.com/ads/library/?q=Bluebonnet%20Nutrition&type=all,https://www.instagram.com/bluebonnet_nutrition,https://www.facebook.com/BluebonnetNutrition,,https://x.com/BluebonnetNutri,https://www.linkedin.com/company/bluebonnetnutrition,"The focus Bluebonnet Nutrition puts on clean, effective formulas is exactly what customers need."
Boomnutritions,boomnutritions.com,https://boomnutritions.com,Support,Owner,BOOM Nutritions - Klaar voor groei,support@boomnutritions.com,,Health & Supplements,100% Confirmed Real,Valid (Google Workspace),Configured (v=DMARC1),Configured,No,https://www.facebook.com/ads/library/?q=Boomnutritions&type=all,,,,,,"The focus Boomnutritions puts on clean, effective formulas is exactly what customers need."
Botanical Care,botanicalcare.com.au,https://botanicalcare.com.au,Botanical,Care,Botanical Care,botanical_care@outlook.com,,Health & Supplements,93% Confirmed Real,Valid (Microsoft 365),Configured (v=DMARC1),Configured,No,https://www.facebook.com/ads/library/?q=Botanical%20Care&type=all,https://www.instagram.com/botanicalcare_australia,https://www.facebook.com/people,https://www.tiktok.com/@botanical.care,,,"The focus Botanical Care puts on clean, effective formulas is exactly what customers need."
Brainstorm,brainstormnootropic.com,https://brainstormnootropic.com,Support,Owner,Brainstorm Nootropic,support@brainstormnootropic.com,,Health & Supplements,100% Confirmed Real,Valid (Host MX),Configured (v=DMARC1),Configured,No,https://www.facebook.com/ads/library/?q=Brainstorm&type=all,https://www.instagram.com/brainstorm_nootropics,,https://www.tiktok.com/@brainstorm_nootropics,,,"The focus Brainstorm puts on clean, effective formulas is exactly what customers need."
Byvra Wellness,byvrawellness.com,https://byvrawellness.com,Support,Owner,Byvra Wellness,support@byvrawellness.com,,Health & Supplements,100% Confirmed Real,Valid (Microsoft 365),Configured (v=DMARC1),Configured,No,https://www.facebook.com/ads/library/?q=Byvra%20Wellness&type=all,,,,,,"The focus Byvra Wellness puts on clean, effective formulas is exactly what customers need."
Byzoom Fitness EU,byzoomfitness.eu,https://byzoomfitness.eu,Customer,Owner,"Leading expert in adjustable weights
&ndash; Byzoom Fitness EU",customer@byzoomfitness.com,,Health & Supplements,100% Confirmed Real,Valid (Host MX),Configured (v=DMARC1),Configured,No,https://www.facebook.com/ads/library/?q=Byzoom%20Fitness%20EU&type=all,https://www.instagram.com/byzoomfitnessintl,https://www.facebook.com/tr,,,,"The focus Byzoom Fitness EU puts on clean, effective formulas is exactly what customers need."
Checked Out.,checkedoutwellness.com,https://checkedoutwellness.com,N,Owner,Founder / Owner @ Checked Out.,n@bio.me,,Health & Supplements,68% Confirmed Real,Valid (Google Workspace),Configured (v=DMARC1),Configured,No,https://www.facebook.com/ads/library/?q=Checked%20Out.&type=all,https://www.instagram.com/checked_out_official,,https://www.tiktok.com/@checked_out_official_,,https://www.linkedin.com/company/checkedoutofficial,"The focus Checked Out. puts on clean, effective formulas is exactly what customers need."
Collagen For Her,collagenforher.com,https://collagenforher.com,Contact,Owner,Collagen For Her | The #1 Collagen For Women Brand,contact@collagenforher.com,,Health & Supplements,100% Confirmed Real,Valid (Zoho Mail),Configured (v=DMARC1),Configured,No,https://www.facebook.com/ads/library/?q=Collagen%20For%20Her&type=all,https://www.instagram.com/CollagenForHer,https://www.facebook.com/CollagenForHer,https://www.tiktok.com/@collagenforher,https://x.com/collagenforher,,"The focus Collagen For Her puts on clean, effective formulas is exactly what customers need."
Compléments et Proteines By Mister Boo ( Nutrition et Diététique Sportive ),complementsetproteines.fr,https://complementsetproteines.fr,Info,Owner,Founder / Owner @ Compléments et Proteines By Mister Boo ( Nutrition et Diététique Sportive ),info@complementsetproteines.fr,,Health & Supplements,100% Confirmed Real,Valid (Host MX),Configured (v=DMARC1),Configured,No,https://www.facebook.com/ads/library/?q=Compl%C3%A9ments%20et%20Proteines%20By%20Mister%20Boo%20%28%20Nutrition%20et%20Di%C3%A9t%C3%A9tique%20Sportive%20%29&type=all,https://www.instagram.com/themisterboo,https://www.facebook.com/complementsetproteines.fr,,,,"The focus Compléments et Proteines By Mister Boo ( Nutrition et Diététique Sportive ) puts on clean, effective formulas is exactly what customers need."
Compound Fitness Equipment,compoundfitness.co.nz,https://compoundfitness.co.nz,Support,Owner,American Express,support@compoundfitness.com.au,sales@compoundfitness.com.au,Health & Supplements,100% Confirmed Real,Valid (Google Workspace),Configured (v=DMARC1),Configured,No,https://www.facebook.com/ads/library/?q=Compound%20Fitness%20Equipment&type=all,https://www.instagram.com/compoundfitnessaus,https://www.facebook.com/compoundfitnessequipment,,,,"The focus Compound Fitness Equipment puts on clean, effective formulas is exactly what customers need."
Coop Sleep Goods,coopsleepgoods.com,https://coopsleepgoods.com,Customerservice,Owner,Founder / Owner @ Coop Sleep Goods,customerservice@coopsleepgoods.com,,Health & Supplements,100% Confirmed Real,Valid (Microsoft 365),Configured (v=DMARC1),Configured,No,https://www.facebook.com/ads/library/?q=Coop%20Sleep%20Goods&type=all,https://www.instagram.com/coopsleepgoods,https://www.facebook.com/coopsleepgoods,https://www.tiktok.com/@coopsleepgoods,,,"The focus Coop Sleep Goods puts on clean, effective formulas is exactly what customers need."
Core Champion Fitness,corechampion.com,https://corechampion.com,Info,Owner,American Express,info@corechampion.com,,Health & Supplements,100% Confirmed Real,Valid (Microsoft 365),Not Configured,Configured,No,https://www.facebook.com/ads/library/?q=Core%20Champion%20Fitness&type=all,https://www.instagram.com/corechampionfitness,https://www.facebook.com/corechampionfitness,https://www.tiktok.com/@corechampionfitness,,,"The focus Core Champion Fitness puts on clean, effective formulas is exactly what customers need."
"ulivit superfood - Healthy, High Protein Crumblz With Prebiotics And Other Benefits For SuperYou",crumblz.com,https://crumblz.com,Hello,Owner,Crumblz | High-Protein Canadian Foods for Easy Everyday Meals,hello@ulivit.ca,,Health & Supplements,88% Confirmed Real,Valid (Microsoft 365),Not Configured,Configured,No,https://www.facebook.com/ads/library/?q=ulivit%20superfood%20-%20Healthy%2C%20High%20Protein%20Crumblz%20With%20Prebiotics%20And%20Other%20Benefits%20For%20SuperYou&type=all,https://www.instagram.com/crumblzprotein,https://www.facebook.com/crumblzprotein,https://www.tiktok.com/@crumblzprotein,,,"The focus ulivit superfood - Healthy, High Protein Crumblz With Prebiotics And Other Benefits For SuperYou puts on clean, effective formulas is exactly what customers need."
Instamed Wellness & Longevity Solutions,cstrips.com,https://cstrips.com,Hello,Owner,Founder / Owner @ Instamed Wellness & Longevity Solutions,hello@instamedstrips.com,,Health & Supplements,88% Confirmed Real,Valid (Host MX),Configured (v=DMARC1),Configured,No,https://www.facebook.com/ads/library/?q=Instamed%20Wellness%20%26%20Longevity%20Solutions&type=all,,,,,,"The focus Instamed Wellness & Longevity Solutions puts on clean, effective formulas is exactly what customers need."
Drift Sleepwear,driftsleepwear.com,https://driftsleepwear.com,Contact,Owner,Drift Sleepwear | Luxury Pyjamas Exclusively For Men,contact@driftsleepwear.com,support@driftsleepwear.com,Health & Supplements,100% Confirmed Real,Valid (Microsoft 365),Configured (v=DMARC1),Configured,No,https://www.facebook.com/ads/library/?q=Drift%20Sleepwear&type=all,https://www.instagram.com/driftsleepwearuk,https://www.facebook.com/driftsleepwearuk,,,,"The focus Drift Sleepwear puts on clean, effective formulas is exactly what customers need."
International Superfoods– International superfoods,drinkreserve.com,https://drinkreserve.com,Victoryforonline,Owner,"International Superfoods
&ndash; International superfoods",victoryforonline@gmail.com,,Health & Supplements,68% Confirmed Real,Valid (Google Workspace),Configured (v=DMARC1),Configured,No,https://www.facebook.com/ads/library/?q=International%20Superfoods%E2%80%93%20International%20superfoods&type=all,,,,,,"The focus International Superfoods– International superfoods puts on clean, effective formulas is exactly what customers need."
Dr. Vaidya's: New Age Ayurveda,drvaidyas.com,https://drvaidyas.com,Care,Owner,Founder / Owner @ Dr. Vaidya's: New Age Ayurveda,care@drvaidyas.com,,Health & Supplements,100% Confirmed Real,Valid (Google Workspace),Configured (v=DMARC1),Configured,No,https://www.facebook.com/ads/library/?q=Dr.%20Vaidya%27s%3A%20New%20Age%20Ayurveda&type=all,https://www.instagram.com/dr.vaidyas,https://www.facebook.com/Dr-Vaidyas-New-Age-Ayurveda-105221161339197,,,,"The focus Dr. Vaidya's: New Age Ayurveda puts on clean, effective formulas is exactly what customers need."
Echelon Commercial Fitness,echeloncommercial.com,https://echeloncommercial.com,Pr,Owner,Echelon Commercial Fitness | echelon-commercial,pr@echelonfit.com,"commercial@echelonfit.com, john@yourfacility.com",Health & Supplements,100% Confirmed Real,Valid (Google Workspace),Configured (v=DMARC1),Configured,No,https://www.facebook.com/ads/library/?q=Echelon%20Commercial%20Fitness&type=all,,,,,,"The focus Echelon Commercial Fitness puts on clean, effective formulas is exactly what customers need."
Emma Relief Supplement,emmarelief.com,https://emmarelief.com,Hello,Owner,Emma Relief Supplement | Gut Health &amp; Digestive Support,hello@emmarelief.com,,Health & Supplements,100% Confirmed Real,Valid (Google Workspace),Configured (v=DMARC1),Configured,No,https://www.facebook.com/ads/library/?q=Emma%20Relief%20Supplement&type=all,,,,,,"The focus Emma Relief Supplement puts on clean, effective formulas is exactly what customers need."
Equine Nutrition UK,equinenutritionuk.co.uk,https://equinenutritionuk.co.uk,Enquiries,Owner,Equine Nutrition UK,enquiries@equinenutritionuk.co.uk,,Health & Supplements,100% Confirmed Real,Valid (Host MX),Configured (v=DMARC1),Configured,No,https://www.facebook.com/ads/library/?q=Equine%20Nutrition%20UK&type=all,,,,,,"The focus Equine Nutrition UK puts on clean, effective formulas is exactly what customers need."
Golden Sleep,goldensleep.com.au,https://goldensleep.com.au,Goldensleepaus,Owner,Beds and Mattress Manufacture Factory Australian Made - Golden Sleep,goldensleepaus@gmail.com,,Health & Supplements,100% Confirmed Real,Valid (Google Workspace),Configured (v=DMARC1),Configured,No,https://www.facebook.com/ads/library/?q=Golden%20Sleep&type=all,https://www.instagram.com/goldensleeep,https://www.facebook.com/goldensleepaus,,,,"The focus Golden Sleep puts on clean, effective formulas is exactly what customers need."
Good Sleep Co US,goodsleepco.com,https://goodsleepco.com,Info,Owner,Good Sleep Co US,info@goodsleepco.health,,Health & Supplements,100% Confirmed Real,Valid (Google Workspace),Configured (v=DMARC1),Configured,No,https://www.facebook.com/ads/library/?q=Good%20Sleep%20Co%20US&type=all,https://www.instagram.com/goodsleep_co,https://www.facebook.com/GoodSleepCo,,,https://www.linkedin.com/company/good-sleep-co,"The focus Good Sleep Co US puts on clean, effective formulas is exactly what customers need."
Hard To Kill Fitness,hardtokillfitness.co,https://hardtokillfitness.co,Support,Owner,Hard To Kill Fitness,support@hardtokillfitness.co,u003esupport@hardtokillfitness.co,Health & Supplements,100% Confirmed Real,Valid (Google Workspace),Configured (v=DMARC1),Configured,No,https://www.facebook.com/ads/library/?q=Hard%20To%20Kill%20Fitness&type=all,https://www.instagram.com/hardtokillfit,https://www.facebook.com/HardtoKillFitness,https://www.tiktok.com/@hardtokillfit,,,"The focus Hard To Kill Fitness puts on clean, effective formulas is exactly what customers need."
Herbalize Store UK,herbalizestore.co.uk,https://herbalizestore.co.uk,Info,Owner,Herbalize Store UK - The Best Range of Dry Herb Vaporizers in the UK,info@herbalizestore.co.uk,,Health & Supplements,100% Confirmed Real,Valid (Google Workspace),Configured (v=DMARC1),Configured,No,https://www.facebook.com/ads/library/?q=Herbalize%20Store%20UK&type=all,https://www.instagram.com/herbalizestore,https://www.facebook.com/HerbalizeStore,,https://x.com/HerbalizeStore,,"The focus Herbalize Store UK puts on clean, effective formulas is exactly what customers need."
Herbalind,herbalind.com,https://herbalind.com,Info,Owner,Willkommen bei Herbalind - Wärmekissen zum Wohlfühlen,info@herbalind.com,shop@herbalind.com,Health & Supplements,100% Confirmed Real,Valid (Microsoft 365),Not Configured,Configured,No,https://www.facebook.com/ads/library/?q=Herbalind&type=all,https://www.instagram.com/herbalind_official,https://www.facebook.com/herbalind,,,,"The focus Herbalind puts on clean, effective formulas is exactly what customers need."
HerbalShopNorge,herbalshopnorge.com,https://herbalshopnorge.com,Info,Owner,HerbalShopNorge - Herbalife-produkter på nett,info@herbalshopnorge.com,,Health & Supplements,100% Confirmed Real,Valid (Host MX),Configured (v=DMARC1),Configured,No,https://www.facebook.com/ads/library/?q=HerbalShopNorge&type=all,,,,,,"The focus HerbalShopNorge puts on clean, effective formulas is exactly what customers need."
"Herbal Tea Cellar, Ltd Co",herbalteacellar.com,https://herbalteacellar.com,Selfcare,Owner,"Founder / Owner @ Herbal Tea Cellar, Ltd Co",selfcare@herbalteacellar.com,,Health & Supplements,100% Confirmed Real,Valid (Google Workspace),Configured (v=DMARC1),Configured,No,https://www.facebook.com/ads/library/?q=Herbal%20Tea%20Cellar%2C%20Ltd%20Co&type=all,https://www.instagram.com/herbalteacellar,https://www.facebook.com/HerbalTeaCellar,https://www.tiktok.com/@herbal.tea.cellar,,,"The focus Herbal Tea Cellar, Ltd Co puts on clean, effective formulas is exactly what customers need."
himalayansuperfoods,himalayansuperfoods.com,https://himalayansuperfoods.com,Himalayansuperfoods,Owner,himalayansuperfoods,himalayansuperfoods@yahoo.com,,Health & Supplements,100% Confirmed Real,Valid (Yahoo Mail),Configured (v=DMARC1),Configured,No,https://www.facebook.com/ads/library/?q=himalayansuperfoods&type=all,https://www.instagram.com/himalayanseabuckthorn,,,,,"The focus himalayansuperfoods puts on clean, effective formulas is exactly what customers need."
houseofsport.fitness,houseofsport.fitness,https://houseofsport.fitness,Office,Owner,Founder / Owner @ houseofsport.fitness,office@houseofsport.bg,,Health & Supplements,98% Confirmed Real,Valid (Host MX),Not Configured,Configured,No,https://www.facebook.com/ads/library/?q=houseofsport.fitness&type=all,,https://www.facebook.com/tr,,,,"The focus houseofsport.fitness puts on clean, effective formulas is exactly what customers need."
Fitness Store,imfitindia.com,https://imfitindia.com,Support,Owner,Founder / Owner @ Fitness Store,support@imfitindia.com,,Health & Supplements,100% Confirmed Real,Valid (Google Workspace),Not Configured,None,No,https://www.facebook.com/ads/library/?q=Fitness%20Store&type=all,https://www.instagram.com/imfit9,https://www.facebook.com/IMFIT-231167994486774,,https://x.com/imfitindia,,"The focus Fitness Store puts on clean, effective formulas is exactly what customers need."
Indigo Ray Botanicals,indigoraybotanical.com,https://indigoraybotanical.com,Indigoraybotanicals,Owner,"Indigo Ray Botanicals
&ndash; Indigo Ray Botanicals",indigoraybotanicals@gmail.com,,Health & Supplements,100% Confirmed Real,Valid (Google Workspace),Configured (v=DMARC1),Configured,No,https://www.facebook.com/ads/library/?q=Indigo%20Ray%20Botanicals&type=all,https://www.instagram.com/indigoray_botanicals,,,,,"The focus Indigo Ray Botanicals puts on clean, effective formulas is exactly what customers need."
Inner Brightness | Healthcare Supplement,innerbrightness.com,https://innerbrightness.com,Support,Owner,Inner Brightness | Healthcare Supplement,support@innerbrightness.com,,Health & Supplements,100% Confirmed Real,Valid (Microsoft 365),Not Configured,Configured,No,https://www.facebook.com/ads/library/?q=Inner%20Brightness%20%7C%20Healthcare%20Supplement&type=all,,,,,,"The focus Inner Brightness | Healthcare Supplement puts on clean, effective formulas is exactly what customers need."
Iron Body Fitness,ironbodyfitness.com,https://ironbodyfitness.com,Ironbodyfitness,Owner,IBF Iron Body Fitness,ironbodyfitness@bygroup.ca,,Health & Supplements,100% Confirmed Real,Valid (Host MX),Configured (v=DMARC1),Configured,No,https://www.facebook.com/ads/library/?q=Iron%20Body%20Fitness&type=all,https://www.instagram.com/ibfironbodyfitness,https://www.facebook.com/IBFIronBodyFitness,,,,"The focus Iron Body Fitness puts on clean, effective formulas is exactly what customers need."
Iron Pulse Wellness,ironpulsewellness.org,https://ironpulsewellness.org,Customersupport,Owner,Iron Pulse Wellness,customersupport@ironpulse.com,,Health & Supplements,88% Confirmed Real,Valid (Microsoft 365),Not Configured,Configured,No,https://www.facebook.com/ads/library/?q=Iron%20Pulse%20Wellness&type=all,,,,,,"The focus Iron Pulse Wellness puts on clean, effective formulas is exactly what customers need."
JAGDEV ORGANICS,jagdevorganics.com,https://jagdevorganics.com,Jagdevorganic,Owner,JAGDEV ORGANICS,jagdevorganic@gmail.com,,Health & Supplements,100% Confirmed Real,Valid (Google Workspace),Configured (v=DMARC1),Configured,No,https://www.facebook.com/ads/library/?q=JAGDEV%20ORGANICS&type=all,https://www.instagram.com/jagdev_organics,https://www.facebook.com/profile.php,,,,"The focus JAGDEV ORGANICS puts on clean, effective formulas is exactly what customers need."
365 Sleepers,365sleepers.com,https://365sleepers.com,Sales,Owner,365 Sleepers | Premium Sleepers &amp; Body Piercing Jewellery Australia,sales@365sleepers.com,,Health & Supplements,100% Confirmed Real,Valid (Host MX),Configured (v=DMARC1),Configured,No,https://www.facebook.com/ads/library/?q=365%20Sleepers&type=all,https://www.instagram.com/365sleepers,https://www.facebook.com/365Sleepers,,,,"The focus 365 Sleepers puts on clean, effective formulas is exactly what customers need."
Abundantly Enriched Organics,abundantlyenrichedorganics.com,https://abundantlyenrichedorganics.com,Aeoskincare,Owner,Abundantly Enriched Organics Natural Skincare,aeoskincare@gmail.com,"fullsizerender_b907c468-6592-443b-9585-4d6e1ab6daec_195x195@2x.heic, 3bd09d4d-84a3-4462-b272-02abeb7d3fac_195x195@2x.heic",Health & Supplements,93% Confirmed Real,Valid (Google Workspace),Configured (v=DMARC1),Configured,No,https://www.facebook.com/ads/library/?q=Abundantly%20Enriched%20Organics&type=all,,,,,,"The focus Abundantly Enriched Organics puts on clean, effective formulas is exactly what customers need."
Adela's Wellness,adelaswellness.com,https://adelaswellness.com,Help,Owner,Adela&#39;s Wellness,help@adelaswellness.com,,Health & Supplements,100% Confirmed Real,Valid (Host MX),Configured (v=DMARC1),Configured,No,https://www.facebook.com/ads/library/?q=Adela%27s%20Wellness&type=all,,,,,,"The focus Adela's Wellness puts on clean, effective formulas is exactly what customers need."
Alive Nutrition,alivenutri.com,https://alivenutri.com,Hi,Owner,"Alivenutri
    
    
    
    &ndash; Alive Nutrition",hi@alivenutri.com,,Health & Supplements,100% Confirmed Real,Valid (Host MX),Configured (v=DMARC1),Configured,No,https://www.facebook.com/ads/library/?q=Alive%20Nutrition&type=all,,https://www.facebook.com/login.php,,,,"The focus Alive Nutrition puts on clean, effective formulas is exactly what customers need."
Shifa Herbal Store,alshifaherbalstore.com,https://alshifaherbalstore.com,Alshifaharbelstore,Owner,Al-Shifa Herbal Store,alshifaharbelstore@gmail.com,alshifaherbalstore@gmail.com,Health & Supplements,100% Confirmed Real,Valid (Google Workspace),Configured (v=DMARC1),Configured,No,https://www.facebook.com/ads/library/?q=Shifa%20Herbal%20Store&type=all,https://www.instagram.com/alshifa.herbal,https://www.facebook.com/people,,,,"The focus Shifa Herbal Store puts on clean, effective formulas is exactly what customers need."
AMAYA’S WELLNESS,amayaswellness.com,https://amayaswellness.com,Amayaswellness,Owner,AMAYA’S WELLNESS,amayaswellness@gmail.com,,Health & Supplements,100% Confirmed Real,Valid (Google Workspace),Configured (v=DMARC1),Configured,No,https://www.facebook.com/ads/library/?q=AMAYA%E2%80%99S%20WELLNESS&type=all,,,,,,"The focus AMAYA’S WELLNESS puts on clean, effective formulas is exactly what customers need."
Anandi Green's,anandigreens.com,https://anandigreens.com,Support,Owner,Founder / Owner @ Anandi Green's,support@anandigreens.com,,Health & Supplements,100% Confirmed Real,Valid (Zoho Mail),Not Configured,Configured,No,https://www.facebook.com/ads/library/?q=Anandi%20Green%27s&type=all,https://www.instagram.com/anandi_greens,https://www.facebook.com/greenanandi,,https://x.com/AnandiGreens,,"The focus Anandi Green's puts on clean, effective formulas is exactly what customers need."
ancient wellness,ancientwellnessmatcha.com,https://ancientwellnessmatcha.com,Graysophie192,Owner,"Ancient Wellness Matcha
 &ndash; ancient wellness",graysophie192@gmail.com,,Health & Supplements,68% Confirmed Real,Valid (Google Workspace),Configured (v=DMARC1),Configured,No,https://www.facebook.com/ads/library/?q=ancient%20wellness&type=all,,,,,,"The focus ancient wellness puts on clean, effective formulas is exactly what customers need."
AN Wellness Store,anwellnessstore.com,https://anwellnessstore.com,Admin,Anwstore,"Wellness | Bienestar y Salud
 &ndash; Outlet | Tendencias",admin.anwstore@gmail.com,,Health & Supplements,68% Confirmed Real,Valid (Google Workspace),Configured (v=DMARC1),Configured,No,https://www.facebook.com/ads/library/?q=AN%20Wellness%20Store&type=all,,https://www.facebook.com/profile.php,,,,"The focus AN Wellness Store puts on clean, effective formulas is exactly what customers need."
AstronHerbal,astronherbal.com,https://astronherbal.com,Astronherbal,Owner,American Express,astronherbal@gmail.com,,Health & Supplements,100% Confirmed Real,Valid (Google Workspace),Configured (v=DMARC1),Configured,No,https://www.facebook.com/ads/library/?q=AstronHerbal&type=all,,,https://www.tiktok.com/@astronherbal,,,"The focus AstronHerbal puts on clean, effective formulas is exactly what customers need."
Atavist Supplements,atavistsupplements.com,https://atavistsupplements.com,Customersupport,Owner,Atavist Supplements | Men&#39;s Multivitamins,customersupport@atavistsupplements.com,customerservice@atavistsupplements.com,Health & Supplements,100% Confirmed Real,Valid (Microsoft 365),Configured (v=DMARC1),Configured,No,https://www.facebook.com/ads/library/?q=Atavist%20Supplements&type=all,https://www.instagram.com/atavistsupplements,https://www.facebook.com/atavistsupplements,,,,"The focus Atavist Supplements puts on clean, effective formulas is exactly what customers need."
Aura Fitness,aurafitnesshungary.com,https://aurafitnesshungary.com,Aurafitnesshu,Owner,"AURA FITNESS
 &ndash; Aura Fitness",aurafitnesshu@gmail.com,,Health & Supplements,68% Confirmed Real,Valid (Google Workspace),Configured (v=DMARC1),Configured,No,https://www.facebook.com/ads/library/?q=Aura%20Fitness&type=all,https://www.instagram.com/aurafitnesshu,,https://www.tiktok.com/@aurafitnesshungary,,,"The focus Aura Fitness puts on clean, effective formulas is exactly what customers need."
AuraEdge Nutrition,auraedgenutrition.com,https://auraedgenutrition.com,Contact,Owner,AuraEdge Nutrition,contact@auraedgenutrition.com,,Health & Supplements,98% Confirmed Real,Valid (Host MX),Not Configured,Configured,No,https://www.facebook.com/ads/library/?q=AuraEdge%20Nutrition&type=all,,,,,,"The focus AuraEdge Nutrition puts on clean, effective formulas is exactly what customers need."
Australian Health & Nutrition,aushealthnutrition.com.au,https://aushealthnutrition.com.au,Hello,Owner,Australian Health &amp; Nutrition - High Quality Supplements,hello@ahan.com.au,,Health & Supplements,88% Confirmed Real,Valid (Host MX),Configured (v=DMARC1),Configured,No,https://www.facebook.com/ads/library/?q=Australian%20Health%20%26%20Nutrition&type=all,https://www.instagram.com/aus_health_and_nutrition,https://www.facebook.com/aushealthnutrition,,,,"The focus Australian Health & Nutrition puts on clean, effective formulas is exactly what customers need."
Avanti Supplements,avantisupplements.com.br,https://avantisupplements.com.br,Sac,Owner,Avanti Supplements,sac@pharmaavanti.com.br,,Health & Supplements,63% Confirmed Real,Valid (Microsoft 365),Not Configured,Configured,No,https://www.facebook.com/ads/library/?q=Avanti%20Supplements&type=all,https://www.instagram.com/avantisupplements,,https://www.tiktok.com/@avantisupplements02,,,"The focus Avanti Supplements puts on clean, effective formulas is exactly what customers need."
Fitness,axon-fitness.com,https://axon-fitness.com,Djerryson3,Owner,Axon-Fitness,djerryson3@gmail.com,,Health & Supplements,68% Confirmed Real,Valid (Google Workspace),Configured (v=DMARC1),Configured,No,https://www.facebook.com/ads/library/?q=Fitness&type=all,,https://www.facebook.com/profile.php,,,,"The focus Fitness puts on clean, effective formulas is exactly what customers need."
ayurvediclife.net,ayurvediclife.net,https://ayurvediclife.net,Support,Owner,Ayurvedic Life® – Authentic Ayurvedic &amp; Wellness Products Online,support@ayurvediclife.net,,Health & Supplements,100% Confirmed Real,Valid (Zoho Mail),Configured (v=DMARC1),Configured,No,https://www.facebook.com/ads/library/?q=ayurvediclife.net&type=all,,,,,,"The focus ayurvediclife.net puts on clean, effective formulas is exactly what customers need."
Buy Organic Products Online,azafran.in,https://azafran.in,Customerservice,Owner,Best Organic Products in India | Buy Organic Products Online,customerservice@azafrangroup.com,,Health & Supplements,100% Confirmed Real,Valid (Host MX),Configured (v=DMARC1),Configured,No,https://www.facebook.com/ads/library/?q=Buy%20Organic%20Products%20Online&type=all,https://www.instagram.com/azafran.in,https://www.facebook.com/tr,,https://x.com/azafran_in,https://www.linkedin.com/company/azafran-innovacion-ltd-india,"The focus Buy Organic Products Online puts on clean, effective formulas is exactly what customers need."
AZRA BOTANICAL SIMPLICITY,azrabotanicalsimplicity.com,https://azrabotanicalsimplicity.com,Info,Owner,"AZRA Botanical Simplicity
 &ndash; AZRA BOTANICAL SIMPLICITY",info@azrabotanicalsimplicity.com,,Health & Supplements,100% Confirmed Real,Valid (Microsoft 365),Not Configured,Configured,No,https://www.facebook.com/ads/library/?q=AZRA%20BOTANICAL%20SIMPLICITY&type=all,https://www.instagram.com/azrabotanicalsimplicity,https://www.facebook.com/AzraBotanicalSimplicityproducts,,,,"The focus AZRA BOTANICAL SIMPLICITY puts on clean, effective formulas is exactly what customers need."
Balancing Act,balancingactnutrition.com,https://balancingactnutrition.com,Hello,Owner,Balancing Act | A Wellness Brand Built for the Woman,hello@balancingact.co,partners@balancingact.co,Health & Supplements,100% Confirmed Real,Valid (Google Workspace),Configured (v=DMARC1),Configured,No,https://www.facebook.com/ads/library/?q=Balancing%20Act&type=all,https://www.instagram.com/balancingactbabe,https://www.facebook.com/balancingactbabe,https://www.tiktok.com/@balancingactbabe,,,"The focus Balancing Act puts on clean, effective formulas is exactly what customers need."
BAMJAM,bamjamprotein.com,https://bamjamprotein.com,Cristian,Owner,BAMJAM,cristian@bamjam.co,,Health & Supplements,100% Confirmed Real,Valid (Host MX),Configured (v=DMARC1),Configured,No,https://www.facebook.com/ads/library/?q=BAMJAM&type=all,,https://www.facebook.com/bamjamprotein,,,,"The focus BAMJAM puts on clean, effective formulas is exactly what customers need."
BareOrganics.com,bareorganics.com,https://bareorganics.com,Customerservice,Owner,BareOrganics: Superfoods to Nourish Your Life,customerservice@bareorganics.com,,Health & Supplements,100% Confirmed Real,Valid (Microsoft 365),Not Configured,Configured,No,https://www.facebook.com/ads/library/?q=BareOrganics.com&type=all,https://www.instagram.com/bareorganicssuperfoods,https://www.facebook.com/BareOrganicsSuperfoods,https://www.tiktok.com/@bareorganics,,,"The focus BareOrganics.com puts on clean, effective formulas is exactly what customers need."
Bee Radiant Wellness,bee-radiant.store,https://bee-radiant.store,Bee,Radiant01,Bee Radiant Wellness,bee.radiant01@gmail.com,,Health & Supplements,100% Confirmed Real,Valid (Google Workspace),Configured (v=DMARC1),Configured,No,https://www.facebook.com/ads/library/?q=Bee%20Radiant%20Wellness&type=all,,,,,,"The focus Bee Radiant Wellness puts on clean, effective formulas is exactly what customers need."
Belfiore Herbal,belfioreherbal.com,https://belfioreherbal.com,Days,Hello,"From Our Lavender Farm to Your Skin
 &ndash; Belfiore Herbal",days.hello@belfioreherbal.com,hello@belfioreherbal.com,Health & Supplements,100% Confirmed Real,Valid (Google Workspace),Not Configured,Configured,No,https://www.facebook.com/ads/library/?q=Belfiore%20Herbal&type=all,https://www.instagram.com/belfioreherbal,https://www.facebook.com/belfioreherbal,https://www.tiktok.com/@belfioreherbal,,,"The focus Belfiore Herbal puts on clean, effective formulas is exactly what customers need."
Bella Jade Botanicals,bellajade.com,https://bellajade.com,Info,Owner,Bella Jade Botanicals,info@bellajade.com,,Health & Supplements,100% Confirmed Real,Valid (Microsoft 365),Not Configured,Configured,No,https://www.facebook.com/ads/library/?q=Bella%20Jade%20Botanicals&type=all,https://www.instagram.com/bellajadebotanicals,https://www.facebook.com/bellajadebotanics,https://www.tiktok.com/@bellajadebotanicals,,,"The focus Bella Jade Botanicals puts on clean, effective formulas is exactly what customers need."
bellamysorganic sg,bellamysorganic.com.sg,https://bellamysorganic.com.sg,Hello,Owner,bellamysorganic sg,hello@bellamysorganic.com.sg,,Health & Supplements,100% Confirmed Real,Valid (Microsoft 365),Not Configured,Configured,No,https://www.facebook.com/ads/library/?q=bellamysorganic%20sg&type=all,https://www.instagram.com/bellamysorganicsg,https://www.facebook.com/bellamysorganicSG,,,,"The focus bellamysorganic sg puts on clean, effective formulas is exactly what customers need."
Beluga Fitness,belugafitness.com,https://belugafitness.com,Contacto,Owner,Founder / Owner @ Beluga Fitness,contacto@belugafitness.com,tucorreo@ejemplo.com,Health & Supplements,100% Confirmed Real,Valid (Host MX),Configured (v=DMARC1),Configured,No,https://www.facebook.com/ads/library/?q=Beluga%20Fitness&type=all,,,,,,"The focus Beluga Fitness puts on clean, effective formulas is exactly what customers need."
beorganicskin.in,beorganicskin.in,https://beorganicskin.in,Beorganicskin,In,"Be Organic – 100% Natural Skin, Hair &amp; Wellness Essentials",beorganicskin.in@gmail.com,"ecom-swiper@11.css, ecom-swiper@11.0.5.js",Health & Supplements,100% Confirmed Real,Valid (Google Workspace),Configured (v=DMARC1),Configured,No,https://www.facebook.com/ads/library/?q=beorganicskin.in&type=all,https://www.instagram.com/beorganicskin,https://www.facebook.com/profile.php,,https://x.com/BeOrganic_ind,https://www.linkedin.com/company/be-organic-skin,"The focus beorganicskin.in puts on clean, effective formulas is exactly what customers need."
BESPRO ORGANICS,besproorganics.com,https://besproorganics.com,Besproorganics,Owner,PayPal,besproorganics@gmail.com,,Health & Supplements,100% Confirmed Real,Valid (Google Workspace),Configured (v=DMARC1),Configured,No,https://www.facebook.com/ads/library/?q=BESPRO%20ORGANICS&type=all,,,,,,"The focus BESPRO ORGANICS puts on clean, effective formulas is exactly what customers need."
bewellhealthandwellness.com,bewellhealthandwellness.com,https://bewellhealthandwellness.com,Support,Owner,Founder / Owner @ bewellhealthandwellness.com,support@2-bewell.com,,Health & Supplements,100% Confirmed Real,Valid (Host MX),Not Configured,Configured,No,https://www.facebook.com/ads/library/?q=bewellhealthandwellness.com&type=all,https://www.instagram.com/officialbewell,https://www.facebook.com/officialbewell,,,,"The focus bewellhealthandwellness.com puts on clean, effective formulas is exactly what customers need."
Beyoutiful Happy Balance,beyoutifulsupplements.com,https://beyoutifulsupplements.com,Info,Owner,Beyoutiful Happy Balance,info@beyoutifulsupplements.com,,Health & Supplements,100% Confirmed Real,Valid (Zoho Mail),Configured (v=DMARC1),Configured,No,https://www.facebook.com/ads/library/?q=Beyoutiful%20Happy%20Balance&type=all,https://www.instagram.com/beyoutifulhappybalance,https://www.facebook.com/beyoutifulhappybalance,,,,"The focus Beyoutiful Happy Balance puts on clean, effective formulas is exactly what customers need."
Bio Earth Organic,bioearthorganic.com.au,https://bioearthorganic.com.au,Sales,Owner,Bio Earth Organic,sales@bioearthorganic.com.au,"team@latofonts.com, impallari@gmail.com",Health & Supplements,100% Confirmed Real,Valid (Microsoft 365),Not Configured,Configured,No,https://www.facebook.com/ads/library/?q=Bio%20Earth%20Organic&type=all,https://www.instagram.com/bioearthorganic,https://www.facebook.com/868541053227819,,,,"The focus Bio Earth Organic puts on clean, effective formulas is exactly what customers need."
BioMaker Nutrition,biomakernutrition.com.mx,https://biomakernutrition.com.mx,Contacto,Owner,BioMaker Nutrition | Suplementos para Piel Saludable y Articulaciones,contacto@biomakernutrition.com,,Health & Supplements,100% Confirmed Real,Valid (Zoho Mail),Configured (v=DMARC1),Configured,No,https://www.facebook.com/ads/library/?q=BioMaker%20Nutrition&type=all,https://www.instagram.com/biomaker_n,https://www.facebook.com/biomakernutrition,,,,"The focus BioMaker Nutrition puts on clean, effective formulas is exactly what customers need."
blackambersupplements.com,blackambersupplements.com,https://blackambersupplements.com,Sales,Owner,Black Amber Supplements | Official Sports Nutrition Store,sales@blackambersupplements.com,,Health & Supplements,100% Confirmed Real,Valid (Host MX),Configured (v=DMARC1),Configured,No,https://www.facebook.com/ads/library/?q=blackambersupplements.com&type=all,https://www.instagram.com/blackambersupplements,https://www.facebook.com/blackambersupplements,,,,"The focus blackambersupplements.com puts on clean, effective formulas is exactly what customers need."
Black Girl Vitamins,blackgirlvitamins.co,https://blackgirlvitamins.co,Hello,Owner,Black Girl Vitamins,hello@blackgirlvitamins.co,,Health & Supplements,100% Confirmed Real,Valid (Google Workspace),Configured (v=DMARC1),Configured,No,https://www.facebook.com/ads/library/?q=Black%20Girl%20Vitamins&type=all,https://www.instagram.com/blackgirlvitamins,https://www.facebook.com/blackgirlvitamins,https://www.tiktok.com/@blackgirlvitamins,,,"The focus Black Girl Vitamins puts on clean, effective formulas is exactly what customers need."
Blue Sky Vitamin,blueskyvitamin.com,https://blueskyvitamin.com,Sales,Owner,Blue Sky Vitamin | Vitamins &amp; Supplements Online Retailer,sales@blueskyvitamin.com,customersupport@blueskyvitamin.com,Health & Supplements,100% Confirmed Real,Valid (Google Workspace),Configured (v=DMARC1),Configured,No,https://www.facebook.com/ads/library/?q=Blue%20Sky%20Vitamin&type=all,https://www.instagram.com/blueskyvitamin,https://www.facebook.com/BlueSkyVitamin,,https://x.com/blueskyvitamin,,"The focus Blue Sky Vitamin puts on clean, effective formulas is exactly what customers need."
Britt's Superfoods DK,brittsuperfoods.dk,https://brittsuperfoods.dk,Info,Owner,American Express,info@brittsuperfoods.dk,,Health & Supplements,100% Confirmed Real,Valid (Google Workspace),Configured (v=DMARC1),None,No,https://www.facebook.com/ads/library/?q=Britt%27s%20Superfoods%20DK&type=all,https://www.instagram.com/brittsuperfoods,https://www.facebook.com/brittsuperfoods,,https://x.com/brittsuperfoods,,"The focus Britt's Superfoods DK puts on clean, effective formulas is exactly what customers need."
Brushy Mountain Botanicals,brushymountainbotanicals.com,https://brushymountainbotanicals.com,Www,Brushymountainbotanicals,Brushy Mountain Botanicals,www.brushymountainbotanicals@gmail.com,,Health & Supplements,100% Confirmed Real,Valid (Google Workspace),Configured (v=DMARC1),Configured,No,https://www.facebook.com/ads/library/?q=Brushy%20Mountain%20Botanicals&type=all,,,,,,"The focus Brushy Mountain Botanicals puts on clean, effective formulas is exactly what customers need."
BYON Nutrition,byon.cl,https://byon.cl,Contacto,Owner,"Suplementos en Chile | Proteínas, creatinas y vitaminas | Byon",contacto@byon.cl,,Health & Supplements,100% Confirmed Real,Valid (Google Workspace),Configured (v=DMARC1),Configured,No,https://www.facebook.com/ads/library/?q=BYON%20Nutrition&type=all,https://www.instagram.com/byonutrition,https://www.facebook.com/people,,,,"The focus BYON Nutrition puts on clean, effective formulas is exactly what customers need."
catalyst4fitnesssupplements.com,catalyst4fitnesssupplements.com,https://catalyst4fitnesssupplements.com,Sharon,Owner,"Catalyst4Fitness Supplement Store
 &ndash; Catalyst 4 Fitness Supplements",sharon@catalyst4fitness.com,,Health & Supplements,68% Confirmed Real,Valid (Google Workspace),Configured (v=DMARC1),Configured,No,https://www.facebook.com/ads/library/?q=catalyst4fitnesssupplements.com&type=all,,,,,,"The focus catalyst4fitnesssupplements.com puts on clean, effective formulas is exactly what customers need."
Clementine Organics – Clementine.organics,clementineorganics.com,https://clementineorganics.com,Organics,Clementine,"Clementine Organics
 &ndash; Clementine.organics",organics.clementine@gmail.com,,Health & Supplements,68% Confirmed Real,Valid (Google Workspace),Configured (v=DMARC1),Configured,No,https://www.facebook.com/ads/library/?q=Clementine%20Organics%20%E2%80%93%20Clementine.organics&type=all,,,,,,"The focus Clementine Organics – Clementine.organics puts on clean, effective formulas is exactly what customers need."
Cosmin Marian Guta,cosminmarianguta.com,https://cosminmarianguta.com,Gutartgallery,Owner,Cosmin Marian Guta,gutartgallery@gmail.com,,Health & Supplements,100% Confirmed Real,Valid (Google Workspace),Configured (v=DMARC1),Configured,No,https://www.facebook.com/ads/library/?q=Cosmin%20Marian%20Guta&type=all,https://www.instagram.com/cosminmarianguta,,,,,"The focus Cosmin Marian Guta puts on clean, effective formulas is exactly what customers need."
cureviawellness.in,cureviawellness.in,https://cureviawellness.in,Cureviawellnesslko,Owner,Founder / Owner @ cureviawellness.in,cureviawellnesslko@gmail.com,,Health & Supplements,100% Confirmed Real,Valid (Google Workspace),Configured (v=DMARC1),Configured,No,https://www.facebook.com/ads/library/?q=cureviawellness.in&type=all,https://www.instagram.com/cureviawellness,https://www.facebook.com/tr,,,,"The focus cureviawellness.in puts on clean, effective formulas is exactly what customers need."
Daily Supplements,dailysupplements.it,https://dailysupplements.it,Nutrizione,Owner,Daily Supplements,nutrizione@dailysupplements.it,,Health & Supplements,100% Confirmed Real,Valid (Google Workspace),Not Configured,None,No,https://www.facebook.com/ads/library/?q=Daily%20Supplements&type=all,https://www.instagram.com/dailysupplements_italy,https://www.facebook.com/dailysupplementsitaly,,,,"The focus Daily Supplements puts on clean, effective formulas is exactly what customers need."
360 Nutrition,360nutrition.com,https://360nutrition.com,Hello,Owner,360 Nutrition,hello@360nutrition.com,,Health & Supplements,100% Confirmed Real,Valid (Google Workspace),Not Configured,None,No,https://www.facebook.com/ads/library/?q=360%20Nutrition&type=all,https://www.instagram.com/360nutrition.us,,https://www.tiktok.com/@360nutrition,,,"The focus 360 Nutrition puts on clean, effective formulas is exactly what customers need."
Aayush Organic,aayushorganic.com,https://aayushorganic.com,Info,Owner,Aayush Organic | Manufacturer &amp; Exporter of Wellness Products,info@aayushorganic.com,,Health & Supplements,100% Confirmed Real,Valid (Host MX),Not Configured,Configured,No,https://www.facebook.com/ads/library/?q=Aayush%20Organic&type=all,https://www.instagram.com/aayush_organic,https://www.facebook.com/aayushorganics,,https://x.com/aayush_organic,,"The focus Aayush Organic puts on clean, effective formulas is exactly what customers need."
Jo's Absolute Nutrition,absolutenutrition.ie,https://absolutenutrition.ie,Info,Owner,Jo&#39;s Absolute Nutrition | Protein Snacks | Energy balls | Gluten-free,info@absolutenutrition.ie,,Health & Supplements,100% Confirmed Real,Valid (Microsoft 365),Not Configured,Configured,No,https://www.facebook.com/ads/library/?q=Jo%27s%20Absolute%20Nutrition&type=all,https://www.instagram.com/josabsolutenutrition,https://www.facebook.com/absnutfoods,,https://x.com/absnutfoods,,"The focus Jo's Absolute Nutrition puts on clean, effective formulas is exactly what customers need."
Acknowledge's Organic Farm,acknowledge.co,https://acknowledge.co,Info,Owner,Founder / Owner @ Acknowledge's Organic Farm,info@acknowledgefarms.com,,Health & Supplements,100% Confirmed Real,Valid (Google Workspace),Configured (v=DMARC1),None,No,https://www.facebook.com/ads/library/?q=Acknowledge%27s%20Organic%20Farm&type=all,https://www.instagram.com/acknowledge_co,https://www.facebook.com/AcknowledgeFarms,,https://x.com/Acknowledge_co,https://www.linkedin.com/company/acknowledge-farms,"The focus Acknowledge's Organic Farm puts on clean, effective formulas is exactly what customers need."
A&D Nutrition and Vitamins,adsupps.com,https://adsupps.com,Adstoreorders,Owner,A&amp;D Nutrition and Vitamins,adstoreorders@gmail.com,,Health & Supplements,68% Confirmed Real,Valid (Google Workspace),Configured (v=DMARC1),Configured,No,https://www.facebook.com/ads/library/?q=A%26D%20Nutrition%20and%20Vitamins&type=all,,,,,,"The focus A&D Nutrition and Vitamins puts on clean, effective formulas is exactly what customers need."
Ali Fitness Equipment,alifitnessequipment.com,https://alifitnessequipment.com,Info,Owner,"alifitnessequipment.com
 &ndash; Ali Fitness Equipment",info@alifitnessequipment.com,,Health & Supplements,100% Confirmed Real,Valid (Host MX),Configured (v=DMARC1),Configured,No,https://www.facebook.com/ads/library/?q=Ali%20Fitness%20Equipment&type=all,,,,,,"The focus Ali Fitness Equipment puts on clean, effective formulas is exactly what customers need."
American Wilderness Botanicals,americanwildernessbotanicals.org,https://americanwildernessbotanicals.org,Rockymountainplants,Owner,American Wilderness Botanicals,rockymountainplants@gmail.com,,Health & Supplements,100% Confirmed Real,Valid (Google Workspace),Configured (v=DMARC1),Configured,No,https://www.facebook.com/ads/library/?q=American%20Wilderness%20Botanicals&type=all,,https://www.facebook.com/Rockymountainplants,,,,"The focus American Wilderness Botanicals puts on clean, effective formulas is exactly what customers need."
aMiKa - Gutes aus dem Süden,amika.bz.it,https://amika.bz.it,Info,Owner,aMiKa - Gutes aus dem Süden,info@amika.bz.it,,Health & Supplements,100% Confirmed Real,Valid (Host MX),Configured (v=DMARC1),Configured,No,https://www.facebook.com/ads/library/?q=aMiKa%20-%20Gutes%20aus%20dem%20S%C3%BCden&type=all,https://www.instagram.com/amika_gutesausdemsueden,https://www.facebook.com/aMiKa.bz.it,,,,"The focus aMiKa - Gutes aus dem Süden puts on clean, effective formulas is exactly what customers need."
And Now You Sleep,andnowyousleep.com,https://andnowyousleep.com,Hello,Owner,"And Now You Sleep hjælper dig med at modvirke søvnløshed, stress, uro",hello@andnowyousleep.com,,Health & Supplements,100% Confirmed Real,Valid (Google Workspace),Configured (v=DMARC1),Configured,No,https://www.facebook.com/ads/library/?q=And%20Now%20You%20Sleep&type=all,https://www.instagram.com/andnowyousleep,https://www.facebook.com/andnowyousleep,,,,"The focus And Now You Sleep puts on clean, effective formulas is exactly what customers need."
Anthem Supplements,anthemsupplements.ca,https://anthemsupplements.ca,Support,Owner,Anthem Supplements | Canada’s #1 Supplement Store,support@anthemsupplements.ca,,Health & Supplements,100% Confirmed Real,Valid (Google Workspace),Configured (v=DMARC1),Configured,No,https://www.facebook.com/ads/library/?q=Anthem%20Supplements&type=all,,,,,,"The focus Anthem Supplements puts on clean, effective formulas is exactly what customers need."
Athanor Nutrition,athanornutrition.com,https://athanornutrition.com,Contact,Owner,Athanor Nutrition,contact@athanornutrition.com,,Health & Supplements,100% Confirmed Real,Valid (Host MX),Configured (v=DMARC1),Configured,No,https://www.facebook.com/ads/library/?q=Athanor%20Nutrition&type=all,https://www.instagram.com/athanor_nutrition,https://www.facebook.com/profile.php,,,,"The focus Athanor Nutrition puts on clean, effective formulas is exactly what customers need."
Aurevian Wellness,aurevianwellness.com,https://aurevianwellness.com,Support,Owner,"Aurevian Wellness — Home Saunas, Cold Plunges &amp; Recovery Systems",support@aurevianwellness.com,,Health & Supplements,100% Confirmed Real,Valid (Google Workspace),Not Configured,Configured,No,https://www.facebook.com/ads/library/?q=Aurevian%20Wellness&type=all,https://www.instagram.com/aurevian.wellness,https://www.facebook.com/AurevianWellness,,,,"The focus Aurevian Wellness puts on clean, effective formulas is exactly what customers need."
Aussie Pooch Nutrition & Wellbeing,aussiepooch.com.au,https://aussiepooch.com.au,Woof,Owner,Pet Nutrition &amp; Wellbeing &ndash; Aussie Pooch Nutrition &amp; Wellbeing,woof@aussiepooch.com.au,,Health & Supplements,100% Confirmed Real,Valid (Microsoft 365),Configured (v=DMARC1),Configured,No,https://www.facebook.com/ads/library/?q=Aussie%20Pooch%20Nutrition%20%26%20Wellbeing&type=all,https://www.instagram.com/aussiepooch,https://www.facebook.com/aussiepooch,,,,"The focus Aussie Pooch Nutrition & Wellbeing puts on clean, effective formulas is exactly what customers need."
Ayurvedic Shop,ayurvedicshop.net,https://ayurvedicshop.net,Support,Owner,Ayurvedic Shop,support@ayurvedicshop.net,,Health & Supplements,100% Confirmed Real,Valid (Zoho Mail),Not Configured,Configured,No,https://www.facebook.com/ads/library/?q=Ayurvedic%20Shop&type=all,,,,,,"The focus Ayurvedic Shop puts on clean, effective formulas is exactly what customers need."
Bad Nutrition,badnutrition.co,https://badnutrition.co,Info,Owner,Chia Pudding - Inherently Nutritious and Delicious - Bad Nutrition OR,info@badbrand.com,,Health & Supplements,88% Confirmed Real,Valid (Google Workspace),Not Configured,Configured,No,https://www.facebook.com/ads/library/?q=Bad%20Nutrition&type=all,,,,,,"The focus Bad Nutrition puts on clean, effective formulas is exactly what customers need."
Bauldry Botanicals,bauldrybotanicals.com,https://bauldrybotanicals.com,Hello,Owner,"Luxury Fabrics, Wallpaper &amp; Soft Furnishings | Bauldry Botanicals",hello@bauldrybotanicals.com,"ecom-swiper@11.css, ecom-swiper@11.0.5.js",Health & Supplements,100% Confirmed Real,Valid (Google Workspace),Configured (v=DMARC1),None,No,https://www.facebook.com/ads/library/?q=Bauldry%20Botanicals&type=all,https://www.instagram.com/bauldrybotanicals,https://www.facebook.com/BauldryBotanicalsOfficial,https://www.tiktok.com/@bauldrybotanicals,,,"The focus Bauldry Botanicals puts on clean, effective formulas is exactly what customers need."
Beautify Organics,beautifyorganics.com.au,https://beautifyorganics.com.au,Info,Owner,Beautify Organics,info@beautifyorganics.com.au,,Health & Supplements,100% Confirmed Real,Valid (Microsoft 365),Not Configured,Configured,No,https://www.facebook.com/ads/library/?q=Beautify%20Organics&type=all,https://www.instagram.com/beautifyorganics.australia,https://www.facebook.com/beautifyorganics.australia,https://www.tiktok.com/@beautifyorganics.aus,,,"The focus Beautify Organics puts on clean, effective formulas is exactly what customers need."
BeMorganic,bemorganic.com,https://bemorganic.com,Support,Owner,Premium Supplement Gummies | BeMorganic,support@bemorganic.com,,Health & Supplements,100% Confirmed Real,Valid (Microsoft 365),Configured (v=DMARC1),Configured,No,https://www.facebook.com/ads/library/?q=BeMorganic&type=all,,,,,,"The focus BeMorganic puts on clean, effective formulas is exactly what customers need."
Bench Fitness Equipment,benchfitness.com,https://benchfitness.com,Team,Owner,Founder / Owner @ Bench Fitness Equipment,team@benchfitness.com,,Health & Supplements,100% Confirmed Real,Valid (Microsoft 365),Configured (v=DMARC1),Configured,No,https://www.facebook.com/ads/library/?q=Bench%20Fitness%20Equipment&type=all,https://www.instagram.com/benchfitnessequipment,https://www.facebook.com/Benchfitnessequipment,,,https://www.linkedin.com/company/bench-fitness,"The focus Bench Fitness Equipment puts on clean, effective formulas is exactly what customers need."
Better Nutrition,betternutrition.in,https://betternutrition.in,Care,Owner,Better Nutrition: India&#39;s First Biofortified Atta - 2X more Zinc,care@greenday.co,files@quinn-live.bundle.js,Health & Supplements,100% Confirmed Real,Valid (Zoho Mail),Not Configured,Configured,No,https://www.facebook.com/ads/library/?q=Better%20Nutrition&type=all,https://www.instagram.com/betternutritionforall,https://www.facebook.com/profile.php,,,https://www.linkedin.com/company/better-nutrition-for-all,"The focus Better Nutrition puts on clean, effective formulas is exactly what customers need."
Better Supplements,bettersupps.shop,https://bettersupps.shop,Admin,Owner,Better Supplements,admin@bettersupps.shop,,Health & Supplements,100% Confirmed Real,Valid (Google Workspace),Configured (v=DMARC1),None,No,https://www.facebook.com/ads/library/?q=Better%20Supplements&type=all,https://www.instagram.com/better.supps,,,,,"The focus Better Supplements puts on clean, effective formulas is exactly what customers need."
Bike N Fitness,bikenfitness.com,https://bikenfitness.com,Info,Owner,Bike N Fitness | Be active - Live well | Bike and Fitness Specialist,info@bikenfitness.com,,Health & Supplements,100% Confirmed Real,Valid (Google Workspace),Configured (v=DMARC1),None,No,https://www.facebook.com/ads/library/?q=Bike%20N%20Fitness&type=all,,https://www.facebook.com/profile.php,,,,"The focus Bike N Fitness puts on clean, effective formulas is exactly what customers need."
biozeusfitness.com,biozeusfitness.com,https://biozeusfitness.com,Info,Owner,PayPal,info@biozeusfitness.com,,Health & Supplements,100% Confirmed Real,Valid (Microsoft 365),Not Configured,Configured,No,https://www.facebook.com/ads/library/?q=biozeusfitness.com&type=all,https://www.instagram.com/biozeusfitness,,,,,"The focus biozeusfitness.com puts on clean, effective formulas is exactly what customers need."
Bloomera Wellness Ltd,bloomera.co.uk,https://bloomera.co.uk,Info,Owner,Bloomera Wellness Ltd - Shop Organic Superfoods,info@bloomera.co.uk,,Health & Supplements,100% Confirmed Real,Valid (Host MX),Configured (v=DMARC1),Configured,No,https://www.facebook.com/ads/library/?q=Bloomera%20Wellness%20Ltd&type=all,https://www.instagram.com/bloomerawellness,https://www.facebook.com/people,,,,"The focus Bloomera Wellness Ltd puts on clean, effective formulas is exactly what customers need."
The Sleeping Beauties Collection,bloominbeauties.net,https://bloominbeauties.net,Bloominbeautiesllc,Owner,The Sleeping Beauties Collection,bloominbeautiesllc@gmail.com,,Health & Supplements,100% Confirmed Real,Valid (Google Workspace),Configured (v=DMARC1),Configured,No,https://www.facebook.com/ads/library/?q=The%20Sleeping%20Beauties%20Collection&type=all,,,,,,"The focus The Sleeping Beauties Collection puts on clean, effective formulas is exactly what customers need."
"Bloom Nutrition, Dietitians",bloomboost.ca,https://bloomboost.ca,Hello,Owner,American Express,hello@bloomboost.ca,,Health & Supplements,100% Confirmed Real,Valid (Google Workspace),Configured (v=DMARC1),Configured,No,https://www.facebook.com/ads/library/?q=Bloom%20Nutrition%2C%20Dietitians&type=all,https://www.instagram.com/bloomboostnutrition,,,,,"The focus Bloom Nutrition, Dietitians puts on clean, effective formulas is exactly what customers need."
Blue Herbals,blueherbals.com,https://blueherbals.com,Help,Owner,Blue Herbals,help@blueherbals.com,,Health & Supplements,100% Confirmed Real,Valid (Microsoft 365),Not Configured,Configured,No,https://www.facebook.com/ads/library/?q=Blue%20Herbals&type=all,https://www.instagram.com/blueherbals,https://www.facebook.com/Blue-Herbals-103325901631659,,https://x.com/HerbalsBlue,,"The focus Blue Herbals puts on clean, effective formulas is exactly what customers need."
Bodyfitness Performance Supplements,bodyfitnessperformancesupplements.com,https://bodyfitnessperformancesupplements.com,Bodyfitness2765,Owner,Bodyfitness Performance Supplements,bodyfitness2765@gmail.com,,Health & Supplements,68% Confirmed Real,Valid (Google Workspace),Configured (v=DMARC1),Configured,No,https://www.facebook.com/ads/library/?q=Bodyfitness%20Performance%20Supplements&type=all,https://www.instagram.com/bodyfitnessupplements,https://www.facebook.com/Bodyfitnessperformancesupplements,,,,"The focus Bodyfitness Performance Supplements puts on clean, effective formulas is exactly what customers need."
Botanical Art By Diane De Roo,botanicalartbydiane.ca,https://botanicalartbydiane.ca,Botanicalart,Owner,Botanical Art by Diane De Roo &ndash; Botanical Art By Diane De Roo,botanicalart@shaw.ca,,Health & Supplements,63% Confirmed Real,Valid (Host MX),Configured (v=DMARC1),Configured,No,https://www.facebook.com/ads/library/?q=Botanical%20Art%20By%20Diane%20De%20Roo&type=all,https://www.instagram.com/botanicalartbydiane,https://www.facebook.com/BotanicalArtByDianeDeRoo,,,,"The focus Botanical Art By Diane De Roo puts on clean, effective formulas is exactly what customers need."
Brawn Herbals,brawnherbals.com,https://brawnherbals.com,Achoo,Owner,Buy Herbal &amp; Natural Products Online - Brawn Herbals,achoo@brawnherbals.in,,Health & Supplements,100% Confirmed Real,Valid (Google Workspace),Configured (v=DMARC1),Configured,No,https://www.facebook.com/ads/library/?q=Brawn%20Herbals&type=all,https://www.instagram.com/brawnherbals,https://www.facebook.com/brawnherbals,,,https://www.linkedin.com/company/brawnherbals,"The focus Brawn Herbals puts on clean, effective formulas is exactly what customers need."
Buddy Nutrition,buddynutrition.com.br,https://buddynutrition.com.br,Atendimento,Owner,"Nutrição Canina Descomplicada | Buddy Nutrition
        &ndash; Buddy Nutrition",atendimento@buddynutrition.com.br,,Health & Supplements,100% Confirmed Real,Valid (Google Workspace),Configured (v=DMARC1),Configured,No,https://www.facebook.com/ads/library/?q=Buddy%20Nutrition&type=all,https://www.instagram.com/buddy.nutrition,https://www.facebook.com/buddynutritionoficial,https://www.tiktok.com/@buddy.nutrition,,,"The focus Buddy Nutrition puts on clean, effective formulas is exactly what customers need."
Buddha & Bubbles Botanicals,buddhaandbubbles.com,https://buddhaandbubbles.com,Hello,Owner,Apple Pay,hello@buddhaandbubbles.com,,Health & Supplements,100% Confirmed Real,Valid (Zoho Mail),Configured (v=DMARC1),Configured,No,https://www.facebook.com/ads/library/?q=Buddha%20%26%20Bubbles%20Botanicals&type=all,https://www.instagram.com/buddhaandbubbles_,https://www.facebook.com/buddhaandbubblessoapco,,,,"The focus Buddha & Bubbles Botanicals puts on clean, effective formulas is exactly what customers need."
Carlyle Nutritionals,carlylenutritionals.com,https://carlylenutritionals.com,Customerservice,Owner,Carlyle Nutritionals,customerservice@carlylenutritionals.com,,Health & Supplements,100% Confirmed Real,Valid (Microsoft 365),Configured (v=DMARC1),Configured,No,https://www.facebook.com/ads/library/?q=Carlyle%20Nutritionals&type=all,https://www.instagram.com/carlylenutritionals,https://www.facebook.com/CarlyleNutritionalsUSA,,,,"The focus Carlyle Nutritionals puts on clean, effective formulas is exactly what customers need."
Cedar Bridge Botanicals,cedarbridgebotanicals.com,https://cedarbridgebotanicals.com,Cedarbridebotanicals,Owner,Cedar Bridge Botanicals,cedarbridebotanicals@gmail.com,cedarbridgebotanicals@gmail.com,Health & Supplements,100% Confirmed Real,Valid (Google Workspace),Configured (v=DMARC1),Configured,No,https://www.facebook.com/ads/library/?q=Cedar%20Bridge%20Botanicals&type=all,https://www.instagram.com/cedarbridgebotanicals,https://www.facebook.com/cedarbridgebotanicals,,,,"The focus Cedar Bridge Botanicals puts on clean, effective formulas is exactly what customers need."
COLEHERBALS LLC,coleherbals.com,https://coleherbals.com,Linda92549,Owner,coleherbals.com,linda92549@gmail.com,,Health & Supplements,68% Confirmed Real,Valid (Google Workspace),Configured (v=DMARC1),Configured,No,https://www.facebook.com/ads/library/?q=COLEHERBALS%20LLC&type=all,https://www.instagram.com/dr_coles_herbal_remedies,https://www.facebook.com/Dr.ColesHerbals,,,,"The focus COLEHERBALS LLC puts on clean, effective formulas is exactly what customers need."
DAJESA Hair Wellness,dajesa.com,https://dajesa.com,Contact,Owner,DAJESA — Scalp Care &amp; Hair Wellness for Women,contact@dajesa.com,,Health & Supplements,100% Confirmed Real,Valid (Microsoft 365),Not Configured,Configured,No,https://www.facebook.com/ads/library/?q=DAJESA%20Hair%20Wellness&type=all,https://www.instagram.com/dajesawellness,https://www.facebook.com/dajesawellness,https://www.tiktok.com/@dajesawellness,,,"The focus DAJESA Hair Wellness puts on clean, effective formulas is exactly what customers need."
Dark Horse Wellness,darkhorsewellness.shop,https://darkhorsewellness.shop,Info,Owner,Dark Horse Wellness,info@darkhorsewellness.shop,,Health & Supplements,100% Confirmed Real,Valid (Host MX),Configured (v=DMARC1),None,No,https://www.facebook.com/ads/library/?q=Dark%20Horse%20Wellness&type=all,https://www.instagram.com/darkhorsewellnessco,,,,,"The focus Dark Horse Wellness puts on clean, effective formulas is exactly what customers need."
Daybreak Nutrition,daybreaknutrition.com,https://daybreaknutrition.com,Support,Owner,Daybreak Nutrition,support@daybreaknutrition.com,,Health & Supplements,100% Confirmed Real,Valid (Google Workspace),Not Configured,Configured,No,https://www.facebook.com/ads/library/?q=Daybreak%20Nutrition&type=all,,,,,,"The focus Daybreak Nutrition puts on clean, effective formulas is exactly what customers need."
dewaorganics.co.za – dewa organics,dewaorganics.co.za,https://dewaorganics.co.za,Info,Owner,"dewaorganics.co.za
 &ndash; dewa organics",info@dewaorganics.co.za,,Health & Supplements,100% Confirmed Real,Valid (Zoho Mail),Configured (v=DMARC1),Configured,No,https://www.facebook.com/ads/library/?q=dewaorganics.co.za%20%E2%80%93%20dewa%20organics&type=all,https://www.instagram.com/dewa_organics,,,,,"The focus dewaorganics.co.za – dewa organics puts on clean, effective formulas is exactly what customers need."
Down Sleep,downsleep.com.mx,https://downsleep.com.mx,Downsleep,Owner,Down Sleep,downsleep@hotmail.com,,Health & Supplements,100% Confirmed Real,Valid (Microsoft 365),Configured (v=DMARC1),Configured,No,https://www.facebook.com/ads/library/?q=Down%20Sleep&type=all,,,,,,"The focus Down Sleep puts on clean, effective formulas is exactly what customers need."
Dr. Ashley Wellness,drashleywellness.com,https://drashleywellness.com,Support,Owner,"Your New Favorite Supplement Line
&ndash; Dr. Ashley Wellness",support@drashleywellness.com,,Health & Supplements,100% Confirmed Real,Valid (Google Workspace),Configured (v=DMARC1),Configured,No,https://www.facebook.com/ads/library/?q=Dr.%20Ashley%20Wellness&type=all,https://www.instagram.com/dr_ashleylucas,https://www.facebook.com/DrAshleyLucas,,,,"The focus Dr. Ashley Wellness puts on clean, effective formulas is exactly what customers need."
Dreamsleep,dreamsleep.in,https://dreamsleep.in,Dreamsleepmattresses1,Owner,Dreamsleep,dreamsleepmattresses1@gmail.com,,Health & Supplements,100% Confirmed Real,Valid (Google Workspace),Configured (v=DMARC1),Configured,No,https://www.facebook.com/ads/library/?q=Dreamsleep&type=all,,,,,,"The focus Dreamsleep puts on clean, effective formulas is exactly what customers need."
Vieve Protein Water,drink-vieve.co.uk,https://drink-vieve.co.uk,Nhello,Owner,Vieve | Protein Water Drinks & Collagen Powders,nhello@drink-vieve.com,sales@drink-vieve.com,Health & Supplements,100% Confirmed Real,Valid (Google Workspace),Configured (v=DMARC1),Configured,No,https://www.facebook.com/ads/library/?q=Vieve%20Protein%20Water&type=all,https://www.instagram.com/drinkvieve,https://www.facebook.com/drinkvieve,https://www.tiktok.com/@drinkvieve,https://x.com/drinkvieve,,"The focus Vieve Protein Water puts on clean, effective formulas is exactly what customers need."
DY Nutrition Bulgaria,dynutrition.bg,https://dynutrition.bg,Contact,Owner,DY Nutrition Bulgaria,contact@dynutrition.bg,,Health & Supplements,98% Confirmed Real,Valid (Host MX),Not Configured,Configured,No,https://www.facebook.com/ads/library/?q=DY%20Nutrition%20Bulgaria&type=all,,,,,,"The focus DY Nutrition Bulgaria puts on clean, effective formulas is exactly what customers need."
EarthFirst Organic,earthfirstorganic.com,https://earthfirstorganic.com,Customerservice,Owner,EarthFirst Organic,customerservice@earthfirstorganic.com,,Health & Supplements,100% Confirmed Real,Valid (Google Workspace),Configured (v=DMARC1),Configured,No,https://www.facebook.com/ads/library/?q=EarthFirst%20Organic&type=all,https://www.instagram.com/earthfirst.organic,https://www.facebook.com/tr,https://www.tiktok.com/@earthfirst.organic,,https://www.linkedin.com/company/earthfirst-organic,"The focus EarthFirst Organic puts on clean, effective formulas is exactly what customers need."
Easter Greens,eastergreens.co.uk,https://eastergreens.co.uk,Easterroad,Owner,Easter Greens | 100% plant based groceries,easterroad@eastergreens.co.uk,"alasdair@eastergreens.co.uk, ivy@eastergreens.co.uk",Health & Supplements,100% Confirmed Real,Valid (Google Workspace),Configured (v=DMARC1),None,No,https://www.facebook.com/ads/library/?q=Easter%20Greens&type=all,https://www.instagram.com/eastergreens,https://www.facebook.com/eastergreens,,https://x.com/eastergreensed,,"The focus Easter Greens puts on clean, effective formulas is exactly what customers need."
Elevated Herbal Frequency,elevatedherbalfrequency.com,https://elevatedherbalfrequency.com,Elevatedherbalfrequency,Owner,Custom Herbal Blends for Chakras &ndash; Elevated Herbal Frequency,elevatedherbalfrequency@gmail.com,,Health & Supplements,100% Confirmed Real,Valid (Google Workspace),Configured (v=DMARC1),Configured,No,https://www.facebook.com/ads/library/?q=Elevated%20Herbal%20Frequency&type=all,,,,,,"The focus Elevated Herbal Frequency puts on clean, effective formulas is exactly what customers need."
Elevate Fitnessgear,elevate-fitnessgear.com,https://elevate-fitnessgear.com,Shop,Owner,"Elevate Fitnessgear, Innovative Home Workout Systeme.",shop@elevate-fitnessgear.com,,Health & Supplements,100% Confirmed Real,Valid (Host MX),Configured (v=DMARC1),Configured,No,https://www.facebook.com/ads/library/?q=Elevate%20Fitnessgear&type=all,https://www.instagram.com/shopelevatefitnessgear,https://www.facebook.com/profile.php,https://www.tiktok.com/@shopelevatefitnessgear,,,"The focus Elevate Fitnessgear puts on clean, effective formulas is exactly what customers need."
elevatedmicrogreens.app,elevatedmicrogreens.app,https://elevatedmicrogreens.app,Stephen,Owner,Amazon,stephen@elevatedmicrogreens.app,,Health & Supplements,100% Confirmed Real,Valid (Google Workspace),Not Configured,Configured,No,https://www.facebook.com/ads/library/?q=elevatedmicrogreens.app&type=all,https://www.instagram.com/elevatedmicrogreens,https://www.facebook.com/elevatedmicrogreens.llc,,,,"The focus elevatedmicrogreens.app puts on clean, effective formulas is exactly what customers need."
elitewellnesshq.com,elitewellnesshq.com,https://elitewellnesshq.com,Support,Owner,Your Headquarters for Human Optimization,support@elitewellnesshq.com,,Health & Supplements,100% Confirmed Real,Valid (Google Workspace),Configured (v=DMARC1),Configured,No,https://www.facebook.com/ads/library/?q=elitewellnesshq.com&type=all,https://www.instagram.com/elitewellnesshaven,,,,,"The focus elitewellnesshq.com puts on clean, effective formulas is exactly what customers need."
USA Fitness Equipment Depot,fitnessequipmentdepot.net,https://fitnessequipmentdepot.net,Sales,Owner,USA Fitness Equipment Depot | New &amp; Used Gym Equipment,sales@fitnessequipmentdepot.net,,Health & Supplements,100% Confirmed Real,Valid (Google Workspace),Not Configured,Configured,No,https://www.facebook.com/ads/library/?q=USA%20Fitness%20Equipment%20Depot&type=all,https://www.instagram.com/fitness_equipment_usa,https://www.facebook.com/FitnessEquipDepot,,,,"The focus USA Fitness Equipment Depot puts on clean, effective formulas is exactly what customers need."
Foundation Wellness,foundationwellness.com,https://foundationwellness.com,Contact,Owner,Foundation Wellness | Foot Health &amp; Pain Relief for Healthy Living,contact@foundationwellness.com,,Health & Supplements,100% Confirmed Real,Valid (Microsoft 365),Configured (v=DMARC1),Configured,No,https://www.facebook.com/ads/library/?q=Foundation%20Wellness&type=all,https://www.instagram.com/foundationwellnessco,https://www.facebook.com/FoundationWellnessCo,,,,"The focus Foundation Wellness puts on clean, effective formulas is exactly what customers need."
13nutrition.co.za,13nutrition.co.za,https://13nutrition.co.za,Theteam,Owner,"13Nutrition. Pure. Clean. Simple.
 &ndash; 13 Nutrition",theteam@13nutrition.co.za,,Health & Supplements,100% Confirmed Real,Valid (Google Workspace),Configured (v=DMARC1),None,No,https://www.facebook.com/ads/library/?q=13nutrition.co.za&type=all,https://www.instagram.com/13nutritioncollection,https://www.facebook.com/13nutrition,,,,"The focus 13nutrition.co.za puts on clean, effective formulas is exactly what customers need."
360 nutrition eg,360nutrition.eg,https://360nutrition.eg,Support,Owner,360 Nutrition EG,support@360nutrition.eg,,Health & Supplements,100% Confirmed Real,Valid (Microsoft 365),Configured (v=DMARC1),None,No,https://www.facebook.com/ads/library/?q=360%20nutrition%20eg&type=all,https://www.instagram.com/360nutrition.eg,https://www.facebook.com/profile.php,https://www.tiktok.com/@360nutrition.eg,,,"The focus 360 nutrition eg puts on clean, effective formulas is exactly what customers need."
610wellness.com,610wellness.com,https://610wellness.com,Info,Owner,Find Your Balance with 610 Wellness,info@610wellness.com,,Health & Supplements,100% Confirmed Real,Valid (Microsoft 365),Configured (v=DMARC1),Configured,No,https://www.facebook.com/ads/library/?q=610wellness.com&type=all,,,,,,"The focus 610wellness.com puts on clean, effective formulas is exactly what customers need."
Abundantly Well Organics,abundantlywellorganics.com,https://abundantlywellorganics.com,Abundantlywellorganics,Owner,Abundantly Well Organics,abundantlywellorganics@gmail.com,,Health & Supplements,100% Confirmed Real,Valid (Google Workspace),Configured (v=DMARC1),Configured,No,https://www.facebook.com/ads/library/?q=Abundantly%20Well%20Organics&type=all,,,,,,"The focus Abundantly Well Organics puts on clean, effective formulas is exactly what customers need."
Absolute Nutrition,absolutenutritiononline.com,https://absolutenutritiononline.com,Customerservice,Owner,Sports Nutrition Supplements Store - Absolute Nutrition,customerservice@absolutenutritiononline.com,sales@absolutenutritiononline.com,Health & Supplements,100% Confirmed Real,Valid (Google Workspace),Configured (v=DMARC1),Configured,No,https://www.facebook.com/ads/library/?q=Absolute%20Nutrition&type=all,https://www.instagram.com/absnutrition,https://www.facebook.com/AbsoluteNutrition,,https://x.com/absnutrition,,"The focus Absolute Nutrition puts on clean, effective formulas is exactly what customers need."
ACE Nutritions Inc,acenutritions.ca,https://acenutritions.ca,Info,Owner,ACE Nutritions Inc. Toronto &ndash; ACE Nutritions Inc,info@acenutritions.ca,cs@acenutritions.ca,Health & Supplements,100% Confirmed Real,Valid (Zoho Mail),Configured (v=DMARC1),Configured,No,https://www.facebook.com/ads/library/?q=ACE%20Nutritions%20Inc&type=all,,,,,,"The focus ACE Nutritions Inc puts on clean, effective formulas is exactly what customers need."
ActiveWork,activework.fitness,https://activework.fitness,Contact,Owner,Be Active. &ndash; ActiveWork,contact@activework.fitness,,Health & Supplements,98% Confirmed Real,Valid (Host MX),Not Configured,Configured,No,https://www.facebook.com/ads/library/?q=ActiveWork&type=all,https://www.instagram.com/activeworking,https://www.facebook.com/activeworking1,https://www.tiktok.com/@activeworking,https://x.com/activeworking1,,"The focus ActiveWork puts on clean, effective formulas is exactly what customers need."
ADRENALINE,adrenalinefitnesspro.com,https://adrenalinefitnesspro.com,Info,Owner,ADRENALINE | Attrezzature per il fitness e lo sport,info@adrenalinefitnesspro.com,,Health & Supplements,100% Confirmed Real,Valid (Google Workspace),Configured (v=DMARC1),Configured,No,https://www.facebook.com/ads/library/?q=ADRENALINE&type=all,https://www.instagram.com/adrenalinefitnesspro,https://www.facebook.com/adrenalinefitnesspro,,,,"The focus ADRENALINE puts on clean, effective formulas is exactly what customers need."
adyaorganics.com,adyaorganics.com,https://adyaorganics.com,Info,Owner,"Buy Organic Products Online in India
 &ndash; Adya Organics Official",info@adyaorganics.com,,Health & Supplements,100% Confirmed Real,Valid (Google Workspace),Configured (v=DMARC1),Configured,No,https://www.facebook.com/ads/library/?q=adyaorganics.com&type=all,https://www.instagram.com/adyaorganics,https://www.facebook.com/Adyaorganic,,,https://www.linkedin.com/company/adya-organicsorganicfood,"The focus adyaorganics.com puts on clean, effective formulas is exactly what customers need."
GlowTide Wellness,aelinlux.com,https://aelinlux.com,Aelinluxco,Owner,"Aelin Lux
 &ndash; GlowTide Wellness",aelinluxco@gmail.com,,Health & Supplements,100% Confirmed Real,Valid (Google Workspace),Configured (v=DMARC1),Configured,No,https://www.facebook.com/ads/library/?q=GlowTide%20Wellness&type=all,,,,,,"The focus GlowTide Wellness puts on clean, effective formulas is exactly what customers need."
African Herbal Treasures,africanherbaltreasures.com,https://africanherbaltreasures.com,Africanherbalstreasures,Owner,African Herbal Treasures | Buy Authentic Herbal Medicine in USA,africanherbalstreasures@gmail.com,,Health & Supplements,68% Confirmed Real,Valid (Google Workspace),Configured (v=DMARC1),Configured,No,https://www.facebook.com/ads/library/?q=African%20Herbal%20Treasures&type=all,,,,https://x.com/MariamTarbangdo,,"The focus African Herbal Treasures puts on clean, effective formulas is exactly what customers need."
Alchemy Botanicals & Herbs Corp,alchemybotanicalherbs.com,https://alchemybotanicalherbs.com,Sales,Owner,Alchemy Botanicals &amp; Herbs Herbal Boutique for Quality of Life,sales@alchemybotanicalherbs.com,"barbarasalinas181@gmail.com, thomaslogan01@gmail.com",Health & Supplements,100% Confirmed Real,Valid (Host MX),Configured (v=DMARC1),Configured,No,https://www.facebook.com/ads/library/?q=Alchemy%20Botanicals%20%26%20Herbs%20Corp&type=all,https://www.instagram.com/alchemybotanicalherbs,https://www.facebook.com/alchemybotanicalherbs,,,,"The focus Alchemy Botanicals & Herbs Corp puts on clean, effective formulas is exactly what customers need."
AlignaWellness,alignawellness.store,https://alignawellness.store,Finance,Owner,Afterpay,finance@worldcommerceusa.com,,Health & Supplements,68% Confirmed Real,Valid (Google Workspace),Configured (v=DMARC1),Configured,No,https://www.facebook.com/ads/library/?q=AlignaWellness&type=all,,,,,,"The focus AlignaWellness puts on clean, effective formulas is exactly what customers need."
Allpa Botanicals,allpabotanicals.com,https://allpabotanicals.com,Contact,Owner,Allpa Botanicals | Natural Hair &amp; Skin Care That Actually Works,contact@allpabotanicals.com,,Health & Supplements,100% Confirmed Real,Valid (Host MX),Configured (v=DMARC1),Configured,No,https://www.facebook.com/ads/library/?q=Allpa%20Botanicals&type=all,https://www.instagram.com/allpabotanicals,https://www.facebook.com/allpabotanicals,,,,"The focus Allpa Botanicals puts on clean, effective formulas is exactly what customers need."
ALNIMA | Premium Halal Wellness,alnima.store,https://alnima.store,Info,Owner,Founder / Owner @ ALNIMA | Premium Halal Wellness,info@alnimanatural.com,,Health & Supplements,100% Confirmed Real,Valid (Google Workspace),Configured (v=DMARC1),Configured,No,https://www.facebook.com/ads/library/?q=ALNIMA%20%7C%20Premium%20Halal%20Wellness&type=all,,,,,,"The focus ALNIMA | Premium Halal Wellness puts on clean, effective formulas is exactly what customers need."
The Leaf wellness,anchorplushealth.com,https://anchorplushealth.com,Theleaf,Owner,The Leaf wellness,theleaf@anchorplushealth.com,,Health & Supplements,100% Confirmed Real,Valid (Google Workspace),Configured (v=DMARC1),Configured,No,https://www.facebook.com/ads/library/?q=The%20Leaf%20wellness&type=all,https://www.instagram.com/pixel.design.lab,,https://www.tiktok.com/@pixeldesignlab,,,"The focus The Leaf wellness puts on clean, effective formulas is exactly what customers need."
Apex Fitness Apparel,apex-fitness.ca,https://apex-fitness.ca,Info,Owner,Apex Fitness Apparel,info@apex-fitness.ca,,Health & Supplements,100% Confirmed Real,Valid (Google Workspace),Not Configured,Configured,No,https://www.facebook.com/ads/library/?q=Apex%20Fitness%20Apparel&type=all,https://www.instagram.com/apexfitnessinc,https://www.facebook.com/ApexFitnessApparelInc,,,,"The focus Apex Fitness Apparel puts on clean, effective formulas is exactly what customers need."
APOORVA MUKUNDRAJ KHOBRAGADE,arovawellness.in,https://arovawellness.in,Hello,Owner,Arova Wellness,hello@arovawellness.in,,Health & Supplements,100% Confirmed Real,Valid (Zoho Mail),Configured (v=DMARC1),Configured,No,https://www.facebook.com/ads/library/?q=APOORVA%20MUKUNDRAJ%20KHOBRAGADE&type=all,,,,,,"The focus APOORVA MUKUNDRAJ KHOBRAGADE puts on clean, effective formulas is exactly what customers need."
Ascension Nutrition,ascension-nutrition.com,https://ascension-nutrition.com,Customerservice,Owner,Ascension Nutrition,customerservice@ascension-nutrition.com,,Health & Supplements,100% Confirmed Real,Valid (Microsoft 365),Not Configured,Configured,No,https://www.facebook.com/ads/library/?q=Ascension%20Nutrition&type=all,,,,,,"The focus Ascension Nutrition puts on clean, effective formulas is exactly what customers need."
AUREUM BOTANICALS,aureumbotanicals.com,https://aureumbotanicals.com,Info,Owner,AUREUM BOTANICALS - Plants for collectors,info@aureumbotanicals.com,,Health & Supplements,100% Confirmed Real,Valid (Host MX),Configured (v=DMARC1),Configured,No,https://www.facebook.com/ads/library/?q=AUREUM%20BOTANICALS&type=all,https://www.instagram.com/aureumbotanicals,https://www.facebook.com/aureumbotanicals,https://www.tiktok.com/@aureumbotanicals,https://x.com/aureumbotanical,,"The focus AUREUM BOTANICALS puts on clean, effective formulas is exactly what customers need."
Autumn Glow Botanical,autumnglowbotanical.com,https://autumnglowbotanical.com,Info,Owner,"Organic and Chemical-Free Skin Care
&ndash; Autumn Glow Botanical",info@autumnglowbotanical.com,,Health & Supplements,100% Confirmed Real,Valid (Google Workspace),Configured (v=DMARC1),Configured,No,https://www.facebook.com/ads/library/?q=Autumn%20Glow%20Botanical&type=all,,https://www.facebook.com/autumnglowbotanical,,,,"The focus Autumn Glow Botanical puts on clean, effective formulas is exactly what customers need."
AVITAMINSHOP.COM,avitaminshop.com,https://avitaminshop.com,Info,Owner,AVITAMINSHOP.COM | Mua Hàng Online Chính Hãng,info@avitaminshop.com,,Health & Supplements,98% Confirmed Real,Valid (Host MX),Not Configured,Configured,No,https://www.facebook.com/ads/library/?q=AVITAMINSHOP.COM&type=all,,,,,,"The focus AVITAMINSHOP.COM puts on clean, effective formulas is exactly what customers need."
Ayurvedafamily,ayurvedafamily.com,https://ayurvedafamily.com,Contact,Owner,Ayurvedafamily,contact@ayurvedafamily.com,u003econtact@ayurvedafamily.com,Health & Supplements,98% Confirmed Real,Valid (Zoho Mail),Not Configured,Configured,No,https://www.facebook.com/ads/library/?q=Ayurvedafamily&type=all,https://www.instagram.com/ayurvedafamily,https://www.facebook.com/tr,,https://x.com/AyurvedaFamily,,"The focus Ayurvedafamily puts on clean, effective formulas is exactly what customers need."
Babee Greens,babeegreens.com,https://babeegreens.com,Info,Owner,All Natural / Organic Cloth Diaper Company - Babee Greens,info@babeegreens.com,u003einfo@babeegreens.com,Health & Supplements,100% Confirmed Real,Valid (Google Workspace),Not Configured,None,No,https://www.facebook.com/ads/library/?q=Babee%20Greens&type=all,https://www.instagram.com/babeegreens,https://www.facebook.com/babeegreensusa,,,,"The focus Babee Greens puts on clean, effective formulas is exactly what customers need."
Back2Nature Herbals,back2natureherbals.com,https://back2natureherbals.com,Katb,Owner,Back2Nature Herbals: America&#39;s Shop for Health and Wellness,katb@back2natureherbals.com,,Health & Supplements,100% Confirmed Real,Valid (Microsoft 365),Configured (v=DMARC1),Configured,No,https://www.facebook.com/ads/library/?q=Back2Nature%20Herbals&type=all,https://www.instagram.com/shopify,,https://www.tiktok.com/@shopify,https://x.com/shopify,,"The focus Back2Nature Herbals puts on clean, effective formulas is exactly what customers need."
BAE Nutrition,baenutrition.com,https://baenutrition.com,Support,Owner,"Fertility, Multivitamin &amp; Skin Supplements | BAE Nutrition",support@baenutrition.com,johnsmith@company.com,Health & Supplements,100% Confirmed Real,Valid (Microsoft 365),Not Configured,Configured,No,https://www.facebook.com/ads/library/?q=BAE%20Nutrition&type=all,https://www.instagram.com/bae.nutrition_,https://www.facebook.com/people,https://www.tiktok.com/@baenutrition,,,"The focus BAE Nutrition puts on clean, effective formulas is exactly what customers need."
BEBODY fitness,bebodyfitness.com,https://bebodyfitness.com,Bebodyf,Owner,BEBODY fitness,bebodyf@gmail.com,,Health & Supplements,68% Confirmed Real,Valid (Google Workspace),Configured (v=DMARC1),Configured,No,https://www.facebook.com/ads/library/?q=BEBODY%20fitness&type=all,https://www.instagram.com/bebodyf,https://www.facebook.com/profile.php,https://www.tiktok.com/@bebody_fitness,,,"The focus BEBODY fitness puts on clean, effective formulas is exactly what customers need."
beerfitness,beerfitco.com,https://beerfitco.com,Beerfitnessco,Owner,"Beer Fit Company
 &ndash; beerfitness",beerfitnessco@gmail.com,,Health & Supplements,68% Confirmed Real,Valid (Google Workspace),Configured (v=DMARC1),Configured,No,https://www.facebook.com/ads/library/?q=beerfitness&type=all,https://www.instagram.com/beerfitcompany,,https://www.tiktok.com/@beerfitco,https://x.com/beerfitnessco,,"The focus beerfitness puts on clean, effective formulas is exactly what customers need."
begreenshop.it,begreenshop.it,https://begreenshop.it,Begreen,Hemp,Be Green Hemp &amp; Grow Shop - Il negozio del benessere,begreen.hemp@gmail.com,,Health & Supplements,68% Confirmed Real,Valid (Google Workspace),Configured (v=DMARC1),Configured,No,https://www.facebook.com/ads/library/?q=begreenshop.it&type=all,https://www.instagram.com/begreengrowshop,https://www.facebook.com/tr,,,,"The focus begreenshop.it puts on clean, effective formulas is exactly what customers need."
Belleza Orgánica Cursos México,bellezaorganicacursosmexico.com,https://bellezaorganicacursosmexico.com,Bellezaorganica,Cursosmx,Belleza Orgánica Cursos México,bellezaorganica.cursosmx@gmail.com,,Health & Supplements,68% Confirmed Real,Valid (Google Workspace),Configured (v=DMARC1),Configured,No,https://www.facebook.com/ads/library/?q=Belleza%20Org%C3%A1nica%20Cursos%20M%C3%A9xico&type=all,https://www.instagram.com/bellezaorganica.cursosmx,https://www.facebook.com/bellezaorganica.cursosmx,,,,"The focus Belleza Orgánica Cursos México puts on clean, effective formulas is exactly what customers need."
Be One Organics,beoneorganics.com,https://beoneorganics.com,Matt,Owner,Be One Organics,matt@beoneorganics.com,,Health & Supplements,100% Confirmed Real,Valid (Google Workspace),Not Configured,Configured,No,https://www.facebook.com/ads/library/?q=Be%20One%20Organics&type=all,,,,,,"The focus Be One Organics puts on clean, effective formulas is exactly what customers need."
Berwick Supplements,berwicksupplements.com.au,https://berwicksupplements.com.au,Berwicksupplements,Owner,Buy Sports Supplements Online Australia | Berwick Supplements,berwicksupplements@outlook.com,team@berwicksupplements.com.au,Health & Supplements,100% Confirmed Real,Valid (Microsoft 365),Configured (v=DMARC1),Configured,No,https://www.facebook.com/ads/library/?q=Berwick%20Supplements&type=all,https://www.instagram.com/berwicksupplements,https://www.facebook.com/2176767889252304,,,,"The focus Berwick Supplements puts on clean, effective formulas is exactly what customers need."
Biosorganic,biosorganic.com,https://biosorganic.com,Info,Owner,Biosorganic.com,info@biosorganic.com,,Health & Supplements,100% Confirmed Real,Valid (Google Workspace),Configured (v=DMARC1),None,No,https://www.facebook.com/ads/library/?q=Biosorganic&type=all,,,,,,"The focus Biosorganic puts on clean, effective formulas is exactly what customers need."
Black Horse Supplements,blackhorsesupplements.com,https://blackhorsesupplements.com,Info,Owner,Stop Two® - Black Horse Supplements - سباقات الخيل,info@blackhorsesupplements.com,u003einfo@blackhorsesupplements.com,Health & Supplements,100% Confirmed Real,Valid (Zoho Mail),Configured (v=DMARC1),Configured,No,https://www.facebook.com/ads/library/?q=Black%20Horse%20Supplements&type=all,https://www.instagram.com/black_horse_supplements,https://www.facebook.com/profile.php,https://www.tiktok.com/@blackhorsesupplements,,,"The focus Black Horse Supplements puts on clean, effective formulas is exactly what customers need."
Blara Organic House,blaraorganichouse.ca,https://blaraorganichouse.ca,Orders,Owner,Left,orders@blaraorganichouse.ca,,Health & Supplements,100% Confirmed Real,Valid (Host MX),Configured (v=DMARC1),Configured,No,https://www.facebook.com/ads/library/?q=Blara%20Organic%20House&type=all,https://www.instagram.com/blaraorganichouse.ca,https://www.facebook.com/people,https://www.tiktok.com/@blaraorganic,https://x.com/Blaraorganic,,"The focus Blara Organic House puts on clean, effective formulas is exactly what customers need."
BlossomPure Organic,blossompure.com,https://blossompure.com,Online,Owner,Apple Pay,online@blossompure.com,,Health & Supplements,100% Confirmed Real,Valid (Google Workspace),Configured (v=DMARC1),Configured,No,https://www.facebook.com/ads/library/?q=BlossomPure%20Organic&type=all,https://www.instagram.com/blossompureorg,https://www.facebook.com/blossompureorg,,,https://www.linkedin.com/company/blossompure-organic,"The focus BlossomPure Organic puts on clean, effective formulas is exactly what customers need."
Blumáin Organic Skincare,blumainorganicskincare.ie,https://blumainorganicskincare.ie,Blumainorganics,Owner,Blumáin Organic Skincare,blumainorganics@gmail.com,,Health & Supplements,100% Confirmed Real,Valid (Google Workspace),Configured (v=DMARC1),Configured,No,https://www.facebook.com/ads/library/?q=Blum%C3%A1in%20Organic%20Skincare&type=all,https://www.instagram.com/blumainorganicskincare,https://www.facebook.com/blumainorganicskincare,https://www.tiktok.com/@blumainorganicskincare,,,"The focus Blumáin Organic Skincare puts on clean, effective formulas is exactly what customers need."
Blu Lady A Wellness Boutique,bluladyawellnessboutique.com,https://bluladyawellnessboutique.com,Bluladywellness,Owner,American Express,bluladywellness@gmail.com,,Health & Supplements,68% Confirmed Real,Valid (Google Workspace),Configured (v=DMARC1),Configured,No,https://www.facebook.com/ads/library/?q=Blu%20Lady%20A%20Wellness%20Boutique&type=all,,,,,,"The focus Blu Lady A Wellness Boutique puts on clean, effective formulas is exactly what customers need."
Botanical Envy,botanicalenvy.net,https://botanicalenvy.net,Hello,Owner,Botanical Envy- Organic &amp; Natural skincare products,hello@botanicalenvy.net,,Health & Supplements,100% Confirmed Real,Valid (Host MX),Configured (v=DMARC1),Configured,No,https://www.facebook.com/ads/library/?q=Botanical%20Envy&type=all,https://www.instagram.com/botanical_envy_,https://www.facebook.com/profile.php,,,,"The focus Botanical Envy puts on clean, effective formulas is exactly what customers need."
Brilliance Beauty and Wellness,brilliancebeautyandwellness.com,https://brilliancebeautyandwellness.com,Support,Owner,Brilliance Beauty and Wellness. Radiate. Rejuvenate. Renew,support@brilliancebeautyandwellness.com,,Health & Supplements,100% Confirmed Real,Valid (Google Workspace),Not Configured,Configured,No,https://www.facebook.com/ads/library/?q=Brilliance%20Beauty%20and%20Wellness&type=all,,,,,,"The focus Brilliance Beauty and Wellness puts on clean, effective formulas is exactly what customers need."
Burdock Farms Botanicals,burdockfarmsbotanicals.com,https://burdockfarmsbotanicals.com,Kirstenseebald,Owner,Burdock Farms Botanicals | Handmade Candles &amp; Skincare from Eden NY,kirstenseebald@yahoo.com,,Health & Supplements,100% Confirmed Real,Valid (Yahoo Mail),Configured (v=DMARC1),Configured,No,https://www.facebook.com/ads/library/?q=Burdock%20Farms%20Botanicals&type=all,,,,,,"The focus Burdock Farms Botanicals puts on clean, effective formulas is exactly what customers need."
Butter,buttersleepwear.com,https://buttersleepwear.com,Info,Owner,Butter,info@buttersleepwear.com,,Health & Supplements,100% Confirmed Real,Valid (Google Workspace),Configured (v=DMARC1),None,No,https://www.facebook.com/ads/library/?q=Butter&type=all,https://www.instagram.com/buttersleepwear,,,,,"The focus Butter puts on clean, effective formulas is exactly what customers need."
BYCLAUDIAGUTIERREZ,byclaudiagutierrez.com,https://byclaudiagutierrez.com,Byclaudiagutierrez,Owner,"Claudia Gutiérrez | Ready-to-Wear, Resortwear &amp; Bespoke Design",byclaudiagutierrez@gmail.com,,Health & Supplements,100% Confirmed Real,Valid (Google Workspace),Configured (v=DMARC1),Configured,No,https://www.facebook.com/ads/library/?q=BYCLAUDIAGUTIERREZ&type=all,https://www.instagram.com/claudiagutierrezcollection,,,,,"The focus BYCLAUDIAGUTIERREZ puts on clean, effective formulas is exactly what customers need."
Caldre Wellness,caldrewellness.com,https://caldrewellness.com,Caldrewellness,Owner,Caldre Wellness,caldrewellness@gmail.com,,Health & Supplements,100% Confirmed Real,Valid (Google Workspace),Configured (v=DMARC1),Configured,No,https://www.facebook.com/ads/library/?q=Caldre%20Wellness&type=all,https://www.instagram.com/caldrewellness,https://www.facebook.com/profile.php,,,,"The focus Caldre Wellness puts on clean, effective formulas is exactly what customers need."
Castro Courtside Fitness,castrocourtsidefitness.shop,https://castrocourtsidefitness.shop,Support,Owner,Castro Courtside Fitness,support@castrocourtsidefitness.com,,Health & Supplements,100% Confirmed Real,Valid (Google Workspace),Not Configured,Configured,No,https://www.facebook.com/ads/library/?q=Castro%20Courtside%20Fitness&type=all,https://www.instagram.com/castrocourtsidefitness,https://www.facebook.com/profile.php,https://www.tiktok.com/@castrocourtsidefitness,https://x.com/castrocourtside,,"The focus Castro Courtside Fitness puts on clean, effective formulas is exactly what customers need."
Cement Factory Nutrition,cementfactory.co,https://cementfactory.co,Cementfactoryinquires,Owner,Cement Factory Nutrition,cementfactoryinquires@gmail.com,,Health & Supplements,100% Confirmed Real,Valid (Google Workspace),Configured (v=DMARC1),Configured,No,https://www.facebook.com/ads/library/?q=Cement%20Factory%20Nutrition&type=all,https://www.instagram.com/cementfactory,https://www.facebook.com/cementsupps,,,,"The focus Cement Factory Nutrition puts on clean, effective formulas is exactly what customers need."
click fitness,clickfitness.co.uk,https://clickfitness.co.uk,U003esales,Owner,click fitness,u003esales@clickfitness.co.uk,"sales@winehaven.co.uk, contact@xxxxxx.co.uk",Health & Supplements,100% Confirmed Real,Valid (Google Workspace),Not Configured,Configured,No,https://www.facebook.com/ads/library/?q=click%20fitness&type=all,,,,,,"The focus click fitness puts on clean, effective formulas is exactly what customers need."
Coastalwavesbotanicals,customcandlesandsoap.com,https://customcandlesandsoap.com,Info,Owner,Coastalwavesbotanicals,info@coastalwavesbotanicals.com,,Health & Supplements,100% Confirmed Real,Valid (Host MX),Configured (v=DMARC1),None,No,https://www.facebook.com/ads/library/?q=Coastalwavesbotanicals&type=all,,,,,,"The focus Coastalwavesbotanicals puts on clean, effective formulas is exactly what customers need."
DAFY Nutrition,dafynutrition.com,https://dafynutrition.com,Info,Owner,"Homemade Dog Food UK
 &ndash; DAFY Nutrition",info@dafynutrition.com,"ecom-swiper@11.css, ecom-swiper@11.0.5.js",Health & Supplements,100% Confirmed Real,Valid (Microsoft 365),Configured (v=DMARC1),Configured,No,https://www.facebook.com/ads/library/?q=DAFY%20Nutrition&type=all,,https://www.facebook.com/tr,https://www.tiktok.com/@dafy_dogadviceforyou,,,"The focus DAFY Nutrition puts on clean, effective formulas is exactly what customers need."
Farmiya Organics,farmiyaorganics.com,https://farmiyaorganics.com,Info,Owner,Founder / Owner @ Farmiya Organics,info@farmiyaorganics.com,,Health & Supplements,100% Confirmed Real,Valid (Microsoft 365),Configured (v=DMARC1),Configured,No,https://www.facebook.com/ads/library/?q=Farmiya%20Organics&type=all,https://www.instagram.com/farmiya_organics,https://www.facebook.com/profile.php,,,,"The focus Farmiya Organics puts on clean, effective formulas is exactly what customers need."
IMPERIAL,imperialmifitness.com,https://imperialmifitness.com,Imperialmifitness,Owner,IMPERIAL,imperialmifitness@gmail.com,,Health & Supplements,100% Confirmed Real,Valid (Google Workspace),Configured (v=DMARC1),Configured,No,https://www.facebook.com/ads/library/?q=IMPERIAL&type=all,,,,,,"The focus IMPERIAL puts on clean, effective formulas is exactly what customers need."
INI Health & Nutrition,inihealthnutrition.com,https://inihealthnutrition.com,Kingisesi,Owner,King Ises I - INI Health &amp; Nutrition,kingisesi@inihealthnutrition.com,,Health & Supplements,100% Confirmed Real,Valid (Zoho Mail),Not Configured,Configured,No,https://www.facebook.com/ads/library/?q=INI%20Health%20%26%20Nutrition&type=all,https://www.instagram.com/inihealthandnutrition,https://www.facebook.com/inihealthandnutrition,,,,"The focus INI Health & Nutrition puts on clean, effective formulas is exactly what customers need."
irwinfitness,irwinfitness.ca,https://irwinfitness.ca,Contact,Owner,Irwin Fitness: Built in 🇨🇦,contact@irwinfitness.ca,,Health & Supplements,100% Confirmed Real,Valid (Google Workspace),Not Configured,Configured,No,https://www.facebook.com/ads/library/?q=irwinfitness&type=all,https://www.instagram.com/irwinfitnesssystems,https://www.facebook.com/irwinfitnesssupply,,,,"The focus irwinfitness puts on clean, effective formulas is exactly what customers need."
Ítaca Organics,itacaorganics.com,https://itacaorganics.com,Hola,Owner,Ítaca Organics,hola@itacaorganics.com,,Health & Supplements,100% Confirmed Real,Valid (Google Workspace),Configured (v=DMARC1),Configured,No,https://www.facebook.com/ads/library/?q=%C3%8Dtaca%20Organics&type=all,,,,,,"The focus Ítaca Organics puts on clean, effective formulas is exactly what customers need."
Jade Sleep – JADE,jadesleep.in,https://jadesleep.in,Contact,Owner,"Buy adjustable beds, mattresses and pillows online | Jade Sleep &ndash; JADE",contact@jadesleep.in,,Health & Supplements,100% Confirmed Real,Valid (Google Workspace),Configured (v=DMARC1),Configured,No,https://www.facebook.com/ads/library/?q=Jade%20Sleep%20%E2%80%93%20JADE&type=all,https://www.instagram.com/jadesleep.in,https://www.facebook.com/jadesleep.in,,,https://www.linkedin.com/company/jade-innovations,"The focus Jade Sleep – JADE puts on clean, effective formulas is exactly what customers need."
JC Fitness Store,jcfitnesslifestyles.com,https://jcfitnesslifestyles.com,Info,Owner,JC Fitness Store,info@jcfitnesslifestyles.com,,Health & Supplements,100% Confirmed Real,Valid (Host MX),Configured (v=DMARC1),None,No,https://www.facebook.com/ads/library/?q=JC%20Fitness%20Store&type=all,,,,,,"The focus JC Fitness Store puts on clean, effective formulas is exactly what customers need."
Jones Fitness,jonesfitness727.com,https://jonesfitness727.com,Jonesfitness727,Owner,Jones Fitness,jonesfitness727@outlook.com,,Health & Supplements,100% Confirmed Real,Valid (Microsoft 365),Configured (v=DMARC1),Configured,No,https://www.facebook.com/ads/library/?q=Jones%20Fitness&type=all,https://www.instagram.com/jonesfitness727,,,,,"The focus Jones Fitness puts on clean, effective formulas is exactly what customers need."
Júce Organics,juceorganics.com,https://juceorganics.com,Info,Owner,Júce Organics,info@juceorganics.com,support@juceorganics.com,Health & Supplements,100% Confirmed Real,Valid (Google Workspace),Not Configured,None,No,https://www.facebook.com/ads/library/?q=J%C3%BAce%20Organics&type=all,https://www.instagram.com/juce.organics,https://www.facebook.com/tr,https://www.tiktok.com/@juce.organics,,,"The focus Júce Organics puts on clean, effective formulas is exactly what customers need."
Just Move Supplements,justmovesupplements.com,https://justmovesupplements.com,Info,Owner,Best Tasting Premium Vegan Protein &amp; Supplements | Just MOVE,info@justmovesupplements.com,,Health & Supplements,100% Confirmed Real,Valid (Host MX),Configured (v=DMARC1),Configured,No,https://www.facebook.com/ads/library/?q=Just%20Move%20Supplements&type=all,https://www.instagram.com/Justmovesupplements,https://www.facebook.com/Justmovesupplments,https://www.tiktok.com/@justmovesupplements,,,"The focus Just Move Supplements puts on clean, effective formulas is exactly what customers need."
GRAHIL WELLNESS PRIVATE LIMITED,kharifoods.com,https://kharifoods.com,Hello,Owner,Khari Foods: Feel Good Snacking,hello@kharifoods.in,,Health & Supplements,98% Confirmed Real,Valid (Zoho Mail),Not Configured,Configured,No,https://www.facebook.com/ads/library/?q=GRAHIL%20WELLNESS%20PRIVATE%20LIMITED&type=all,https://www.instagram.com/kharifoods,https://www.facebook.com/kharifoods,,,,"The focus GRAHIL WELLNESS PRIVATE LIMITED puts on clean, effective formulas is exactly what customers need."
Kimball Botanicals LLC,kimballbotanicals.com,https://kimballbotanicals.com,Kimballbotanicals,Owner,American Express,kimballbotanicals@gmail.com,,Health & Supplements,100% Confirmed Real,Valid (Google Workspace),Configured (v=DMARC1),Configured,No,https://www.facebook.com/ads/library/?q=Kimball%20Botanicals%20LLC&type=all,,,,,,"The focus Kimball Botanicals LLC puts on clean, effective formulas is exactly what customers need."
KIND Botanicals,kindbotanicals.com,https://kindbotanicals.com,Wecare,Owner,"KIND Botanicals | Elevate Your Wellness Routine
 &ndash; Kind Botanicals",wecare@kindbotanicals.com,,Health & Supplements,100% Confirmed Real,Valid (Google Workspace),Configured (v=DMARC1),Configured,No,https://www.facebook.com/ads/library/?q=KIND%20Botanicals&type=all,https://www.instagram.com/kindbotanicals,https://www.facebook.com/KindBotanicals,,,,"The focus KIND Botanicals puts on clean, effective formulas is exactly what customers need."
Kristine Elizabeth Modern Wellness,kristineelizabethshop.com,https://kristineelizabethshop.com,Info,Owner,Kristine Elizabeth Modern Wellness,info@kristineelizabeth.com,,Health & Supplements,100% Confirmed Real,Valid (Google Workspace),Not Configured,None,No,https://www.facebook.com/ads/library/?q=Kristine%20Elizabeth%20Modern%20Wellness&type=all,,https://www.facebook.com/Jivaliving,,,,"The focus Kristine Elizabeth Modern Wellness puts on clean, effective formulas is exactly what customers need."
Kultivate Wellness,kultivatewellness.com,https://kultivatewellness.com,Info,Owner,Kultivate Wellness,info@kultivatewellness.com,,Health & Supplements,100% Confirmed Real,Valid (Google Workspace),Configured (v=DMARC1),Configured,No,https://www.facebook.com/ads/library/?q=Kultivate%20Wellness&type=all,https://www.instagram.com/kultivate.wellness,https://www.facebook.com/kultivatewellness,,https://x.com/KultivateW,,"The focus Kultivate Wellness puts on clean, effective formulas is exactly what customers need."
123vitamines,123vitamines.nl,https://123vitamines.nl,Klantenservice,Owner,123vitamines,klantenservice@123vitamines.nl,,Health & Supplements,100% Confirmed Real,Valid (Google Workspace),Configured (v=DMARC1),Configured,No,https://www.facebook.com/ads/library/?q=123vitamines&type=all,https://www.instagram.com/123vitamines,https://www.facebook.com/123vitamines.nl,https://www.tiktok.com/@123vitamines,,,"The focus 123vitamines puts on clean, effective formulas is exactly what customers need."
180degreenutrition,180degreenutrition.com,https://180degreenutrition.com,Stan180degrees,Owner,180degreenutrition,stan180degrees@gmail.com,,Health & Supplements,68% Confirmed Real,Valid (Google Workspace),Configured (v=DMARC1),Configured,No,https://www.facebook.com/ads/library/?q=180degreenutrition&type=all,https://www.instagram.com/180degreesnutrition,,,,,"The focus 180degreenutrition puts on clean, effective formulas is exactly what customers need."
3GuteGeister,3gutegeister.de,https://3gutegeister.de,Info,Owner,3GuteGeister,info@3gutegeister.de,,Health & Supplements,100% Confirmed Real,Valid (Host MX),Configured (v=DMARC1),None,No,https://www.facebook.com/ads/library/?q=3GuteGeister&type=all,,,,,,"The focus 3GuteGeister puts on clean, effective formulas is exactly what customers need."
ABC&D Fitness,abcanddfitness.com,https://abcanddfitness.com,Beniwuch,Owner,ABC&amp;D Fitness Store,beniwuch@gmail.com,,Health & Supplements,68% Confirmed Real,Valid (Google Workspace),Configured (v=DMARC1),Configured,No,https://www.facebook.com/ads/library/?q=ABC%26D%20Fitness&type=all,,,,,,"The focus ABC&D Fitness puts on clean, effective formulas is exactly what customers need."
ACE Nutrition USA,acenutritionusa.com,https://acenutritionusa.com,Info,Owner,ACE Nutrition USA,info@acenutritionusa.com,,Health & Supplements,100% Confirmed Real,Valid (Google Workspace),Not Configured,Configured,No,https://www.facebook.com/ads/library/?q=ACE%20Nutrition%20USA&type=all,,,,,,"The focus ACE Nutrition USA puts on clean, effective formulas is exactly what customers need."
Akalpita Ayurveda,akalpita.com,https://akalpita.com,Support,Owner,Akalpita Ayurveda,support@akalpita.com,,Health & Supplements,100% Confirmed Real,Valid (Host MX),Configured (v=DMARC1),Configured,No,https://www.facebook.com/ads/library/?q=Akalpita%20Ayurveda&type=all,https://www.instagram.com/Akalpita_2025,,,,,"The focus Akalpita Ayurveda puts on clean, effective formulas is exactly what customers need."
Akemi Organics,akemiorganics.com,https://akemiorganics.com,Info,Owner,Akemi Organics,info@akemiorganics.com,,Health & Supplements,100% Confirmed Real,Valid (Host MX),Configured (v=DMARC1),Configured,No,https://www.facebook.com/ads/library/?q=Akemi%20Organics&type=all,https://www.instagram.com/the.akemi.beauty,https://www.facebook.com/people,,,,"The focus Akemi Organics puts on clean, effective formulas is exactly what customers need."
AK Organic,akorganic.pk,https://akorganic.pk,Akorganic00,Owner,"AK Organic - Herbal Hair Oil, Soap & Shampoo",akorganic00@gmil.com,,Health & Supplements,98% Confirmed Real,Valid (Host MX),Not Configured,Configured,No,https://www.facebook.com/ads/library/?q=AK%20Organic&type=all,https://www.instagram.com/akorganic.pk,https://www.facebook.com/akorganicofficial,https://www.tiktok.com/@akorganic,,,"The focus AK Organic puts on clean, effective formulas is exactly what customers need."
ALASKAN COLLAGEN,alaskancollagen.com,https://alaskancollagen.com,Info,Owner,ALASKAN COLLAGEN,info@purecollagenco.com,hello@alaskancollagen.com,Health & Supplements,100% Confirmed Real,Valid (Microsoft 365),Not Configured,Configured,No,https://www.facebook.com/ads/library/?q=ALASKAN%20COLLAGEN&type=all,,,,,,"The focus ALASKAN COLLAGEN puts on clean, effective formulas is exactly what customers need."
Amaro Mondino – The Organic Bitter Aperitif handmade in Bavaria.,amaro-mondino.de,https://amaro-mondino.de,Mail,Owner,American Express,mail@amaro-mondino.de,,Health & Supplements,100% Confirmed Real,Valid (Host MX),Configured (v=DMARC1),Configured,No,https://www.facebook.com/ads/library/?q=Amaro%20Mondino%20%E2%80%93%20The%20Organic%20Bitter%20Aperitif%20handmade%20in%20Bavaria.&type=all,https://www.instagram.com/mondinoamaro,https://www.facebook.com/mondinoamaro,,,,"The focus Amaro Mondino – The Organic Bitter Aperitif handmade in Bavaria. puts on clean, effective formulas is exactly what customers need."
Ancestral Nutrition,ancestralnutrition.com.au,https://ancestralnutrition.com.au,Contact,Owner,Ancestral Nutrition | Premium Australian Beef Organs,contact@ancestralnutrition.com.au,,Health & Supplements,100% Confirmed Real,Valid (Google Workspace),Configured (v=DMARC1),Configured,No,https://www.facebook.com/ads/library/?q=Ancestral%20Nutrition&type=all,https://www.instagram.com/ancestral_nutrition,https://www.facebook.com/ancestralnutritionau,,,,"The focus Ancestral Nutrition puts on clean, effective formulas is exactly what customers need."
animamundiherbals.com,animamundiherbals.com,https://animamundiherbals.com,Info,Owner,"Plant Medicines
 &ndash; Anima Mundi Herbals",info@animamundiherbals.com,"wholesale@animamundiherbals.com, partnerships@animamundiherbals.com",Health & Supplements,100% Confirmed Real,Valid (Google Workspace),Configured (v=DMARC1),Configured,No,https://www.facebook.com/ads/library/?q=animamundiherbals.com&type=all,https://www.instagram.com/animamundiherbals,https://www.facebook.com/animamundiherbals,,,,"The focus animamundiherbals.com puts on clean, effective formulas is exactly what customers need."
A ONE ORGANIC,aoneorganicofficial.com,https://aoneorganicofficial.com,Aoneorganic25,Owner,A One Organic,aoneorganic25@gmail.com,,Health & Supplements,100% Confirmed Real,Valid (Google Workspace),Configured (v=DMARC1),Configured,No,https://www.facebook.com/ads/library/?q=A%20ONE%20ORGANIC&type=all,,,,,,"The focus A ONE ORGANIC puts on clean, effective formulas is exactly what customers need."
Apex Supplements,apexsupplements.co.uk,https://apexsupplements.co.uk,Hello,Owner,American Express,hello@apexsupplements.co.uk,,Health & Supplements,100% Confirmed Real,Valid (Zoho Mail),Configured (v=DMARC1),Configured,No,https://www.facebook.com/ads/library/?q=Apex%20Supplements&type=all,https://www.instagram.com/apexsupplementsltd,https://www.facebook.com/ApexSupplementsLtd,,,,"The focus Apex Supplements puts on clean, effective formulas is exactly what customers need."
Berg-Apotheke,apotheken-wellness.de,https://apotheken-wellness.de,Info,Owner,"Kosmetik, Medizinische Hautpflege &amp; Vitalstoffe | Berg-Apotheke",info@apotheken-wellness.de,,Health & Supplements,100% Confirmed Real,Valid (Microsoft 365),Configured (v=DMARC1),Configured,No,https://www.facebook.com/ads/library/?q=Berg-Apotheke&type=all,,,,,,"The focus Berg-Apotheke puts on clean, effective formulas is exactly what customers need."
Architect Nutrition,architectmuscle.com,https://architectmuscle.com,Contact,Owner,Architect Nutrition,contact@architectmuscle.com,,Health & Supplements,100% Confirmed Real,Valid (Google Workspace),Not Configured,None,No,https://www.facebook.com/ads/library/?q=Architect%20Nutrition&type=all,,,,,,"The focus Architect Nutrition puts on clean, effective formulas is exactly what customers need."
Astra Wellness,astrawelllness.store,https://astrawelllness.store,Astrawellness,Store,Astra Wellness,astrawellness.store@gmail.com,,Health & Supplements,68% Confirmed Real,Valid (Google Workspace),Configured (v=DMARC1),Configured,No,https://www.facebook.com/ads/library/?q=Astra%20Wellness&type=all,https://www.instagram.com/astrawelllness.store,https://www.facebook.com/astrawelllness.store,https://www.tiktok.com/@astrawellness.store,,,"The focus Astra Wellness puts on clean, effective formulas is exactly what customers need."
ATHLETICA WELLNESS.Co,athleticawellness.co,https://athleticawellness.co,Athleticawellnessco,Owner,ATHLETICA WELLNESS.Co,athleticawellnessco@outlook.com,,Health & Supplements,100% Confirmed Real,Valid (Microsoft 365),Configured (v=DMARC1),Configured,No,https://www.facebook.com/ads/library/?q=ATHLETICA%20WELLNESS.Co&type=all,https://www.instagram.com/athleticawellness.co,https://www.facebook.com/profile.php,https://www.tiktok.com/@jade48304,,,"The focus ATHLETICA WELLNESS.Co puts on clean, effective formulas is exactly what customers need."
Organic Blueberries Athwal Farms,athwalfarms.com,https://athwalfarms.com,Info,Owner,American Express,info@athwalfarms.com,,Health & Supplements,100% Confirmed Real,Valid (Host MX),Configured (v=DMARC1),Configured,No,https://www.facebook.com/ads/library/?q=Organic%20Blueberries%20Athwal%20Farms&type=all,,https://www.facebook.com/OrganicBlueberryFarm,,,,"The focus Organic Blueberries Athwal Farms puts on clean, effective formulas is exactly what customers need."
RITIKA KAMBOJ,aureyawellness.com,https://aureyawellness.com,Hello,Owner,"www.aureyawellness.com
 &ndash; Aureya Wellness",hello@aureyawellness.com,info@aureya.com,Health & Supplements,100% Confirmed Real,Valid (Google Workspace),Configured (v=DMARC1),None,No,https://www.facebook.com/ads/library/?q=RITIKA%20KAMBOJ&type=all,https://www.instagram.com/aureyawellness,,https://www.tiktok.com/@shopify,,,"The focus RITIKA KAMBOJ puts on clean, effective formulas is exactly what customers need."
Aveta Birth Botanicals,avetabirthbotanicals.com,https://avetabirthbotanicals.com,Avetabirthbotanicals,Owner,Aveta Birth Botanicals,avetabirthbotanicals@gmail.com,,Health & Supplements,100% Confirmed Real,Valid (Google Workspace),Configured (v=DMARC1),Configured,No,https://www.facebook.com/ads/library/?q=Aveta%20Birth%20Botanicals&type=all,,,,,,"The focus Aveta Birth Botanicals puts on clean, effective formulas is exactly what customers need."
Avid Health and Wellness,avidhealthandwellness.com,https://avidhealthandwellness.com,Sales,Owner,"Premium Saunas, Sauna heaters, Steam Baths Avid Health and Wellness",sales@avidhealthandwellness.com,"%20sales@avidhealthandwellness.com, 20sales@avidhealthandwellness.com",Health & Supplements,100% Confirmed Real,Valid (Google Workspace),Configured (v=DMARC1),Configured,No,https://www.facebook.com/ads/library/?q=Avid%20Health%20and%20Wellness&type=all,https://www.instagram.com/avid_health_and_wellness,https://www.facebook.com/profile.php,,,,"The focus Avid Health and Wellness puts on clean, effective formulas is exactly what customers need."
Wellness & Fitness Hub,awalmass.com,https://awalmass.com,Abdulhafizu42,Owner,"Wellness & Fitness Hub
 &ndash; Wellness &amp; Fitness Hub",abdulhafizu42@gmail.com,,Health & Supplements,68% Confirmed Real,Valid (Google Workspace),Configured (v=DMARC1),Configured,No,https://www.facebook.com/ads/library/?q=Wellness%20%26%20Fitness%20Hub&type=all,,,,,,"The focus Wellness & Fitness Hub puts on clean, effective formulas is exactly what customers need."
Ayurvedic Sutra®,ayurvedicsutra.com,https://ayurvedicsutra.com,Sales,Owner,Founder / Owner @ Ayurvedic Sutra®,sales@ayurvedicsutra.com,,Health & Supplements,100% Confirmed Real,Valid (Host MX),Configured (v=DMARC1),Configured,No,https://www.facebook.com/ads/library/?q=Ayurvedic%20Sutra%C2%AE&type=all,https://www.instagram.com/ayurvedic_sutra,https://www.facebook.com/tr,,https://x.com/ayurvedicsutra,https://www.linkedin.com/company/ayurvedic-sutra,"The focus Ayurvedic Sutra® puts on clean, effective formulas is exactly what customers need."
Agnivesh Ayurved Healthcare,ayurvedagnivesh.com,https://ayurvedagnivesh.com,Sales,Owner,Founder / Owner @ Agnivesh Ayurved Healthcare,sales@agniveshayurved.com,,Health & Supplements,88% Confirmed Real,Valid (Google Workspace),Not Configured,Configured,No,https://www.facebook.com/ads/library/?q=Agnivesh%20Ayurved%20Healthcare&type=all,https://www.instagram.com/agnivesh.ayurved,https://www.facebook.com/ayurvedagnivesh,,,,"The focus Agnivesh Ayurved Healthcare puts on clean, effective formulas is exactly what customers need."
Azusanutrition,azusanutrition.org,https://azusanutrition.org,Azusanutritiondepot,Owner,My Nutrition Depot &ndash; Azusanutrition,azusanutritiondepot@gmail.com,,Health & Supplements,100% Confirmed Real,Valid (Google Workspace),Configured (v=DMARC1),Configured,No,https://www.facebook.com/ads/library/?q=Azusanutrition&type=all,,,,,,"The focus Azusanutrition puts on clean, effective formulas is exactly what customers need."
Back To Nature Organics,back2natureorganics.com,https://back2natureorganics.com,Frank,Owner,Back To Nature Organics,frank@back2natureorganics.com,carrie@back2natureorganics.com,Health & Supplements,100% Confirmed Real,Valid (Host MX),Configured (v=DMARC1),Configured,No,https://www.facebook.com/ads/library/?q=Back%20To%20Nature%20Organics&type=all,,,,,,"The focus Back To Nature Organics puts on clean, effective formulas is exactly what customers need."
Barton Supplements,bartonsupplements.com,https://bartonsupplements.com,Support,Owner,"Science-Backed Nutrition For Stronger You
 &ndash; Barton Supplements",support@bartonnutrition.com,support@bartonsupplements.com,Health & Supplements,100% Confirmed Real,Valid (Google Workspace),Configured (v=DMARC1),Configured,No,https://www.facebook.com/ads/library/?q=Barton%20Supplements&type=all,https://www.instagram.com/barton.nutrition,https://www.facebook.com/bartonsupplement,,,,"The focus Barton Supplements puts on clean, effective formulas is exactly what customers need."
Be Blessed Fitness,beblessedfitness.com,https://beblessedfitness.com,Support,Owner,"Be Blessed Fitness – Train Anywhere, Stay Blessed 💪",support@beblessedfitness.com,,Health & Supplements,100% Confirmed Real,Valid (Google Workspace),Configured (v=DMARC1),None,No,https://www.facebook.com/ads/library/?q=Be%20Blessed%20Fitness&type=all,https://www.instagram.com/beblessedfitness,,https://www.tiktok.com/@beblessedfitness__,,,"The focus Be Blessed Fitness puts on clean, effective formulas is exactly what customers need."
Berchta's Botanicals,berchtasbotanicals.ca,https://berchtasbotanicals.ca,Berchtas,Botanical,American Express,berchtas.botanical.garden@gmail.com,,Health & Supplements,68% Confirmed Real,Valid (Google Workspace),Configured (v=DMARC1),Configured,No,https://www.facebook.com/ads/library/?q=Berchta%27s%20Botanicals&type=all,https://www.instagram.com/berchtas_botanicals,https://www.facebook.com/berchtasbotanicals,https://www.tiktok.com/@hoof_feather_and_bloom,,,"The focus Berchta's Botanicals puts on clean, effective formulas is exactly what customers need."
BestBotanicals,bestbotanicals.com,https://bestbotanicals.com,Service,Owner,Best Botanicals,service@bestbotanicals.com,,Health & Supplements,100% Confirmed Real,Valid (Microsoft 365),Configured (v=DMARC1),Configured,No,https://www.facebook.com/ads/library/?q=BestBotanicals&type=all,https://www.instagram.com/bestbotanicals,https://www.facebook.com/Best-Botanicals-1047323988806973,,https://x.com/BotanicalsBest,,"The focus BestBotanicals puts on clean, effective formulas is exactly what customers need."
bestherbalremedies.co,bestherbalremedies.co,https://bestherbalremedies.co,Care,Owner,Best Herbal Remedies &ndash; Bestherbalremedies.co,care@bestherbalremedies.co,,Health & Supplements,100% Confirmed Real,Valid (Host MX),Configured (v=DMARC1),Configured,No,https://www.facebook.com/ads/library/?q=bestherbalremedies.co&type=all,,,,,,"The focus bestherbalremedies.co puts on clean, effective formulas is exactly what customers need."
BETA Wellness NL,beta-wellness.nl,https://beta-wellness.nl,Sales,Owner,Founder / Owner @ BETA Wellness NL,sales@beta-wellness.nl,,Health & Supplements,100% Confirmed Real,Valid (Microsoft 365),Configured (v=DMARC1),Configured,No,https://www.facebook.com/ads/library/?q=BETA%20Wellness%20NL&type=all,,https://www.facebook.com/profile.php,,,,"The focus BETA Wellness NL puts on clean, effective formulas is exactly what customers need."
Bio Regen,bioregenwellness.com,https://bioregenwellness.com,Info,Owner,Bio Regenerative,info@bioregenwellness.com,,Health & Supplements,100% Confirmed Real,Valid (Google Workspace),Configured (v=DMARC1),Configured,No,https://www.facebook.com/ads/library/?q=Bio%20Regen&type=all,https://www.instagram.com/bioregenwellness,,,,https://www.linkedin.com/company/bioregenwellness,"The focus Bio Regen puts on clean, effective formulas is exactly what customers need."
Biosota™ Organics Pty Ltd,biosota.com.au,https://biosota.com.au,Info,Owner,icon-X,info@biosota.com,marketing@biosota.com,Health & Supplements,100% Confirmed Real,Valid (Host MX),Configured (v=DMARC1),Configured,No,https://www.facebook.com/ads/library/?q=Biosota%E2%84%A2%20Organics%20Pty%20Ltd&type=all,https://www.instagram.com/biosotahoneyau,https://www.facebook.com/biosotahoneyau,https://www.tiktok.com/@biosotamanuka,https://x.com/biosota,https://www.linkedin.com/company/biosotaorganics,"The focus Biosota™ Organics Pty Ltd puts on clean, effective formulas is exactly what customers need."
b-naturalsnutrition,b-naturals.com,https://b-naturals.com,Bowowmeow1,Owner,"Berte&#39;s Holistic Products for Dogs and Cats
 &ndash; b-naturalsnutrition",bowowmeow1@outlook.com,,Health & Supplements,100% Confirmed Real,Valid (Microsoft 365),Configured (v=DMARC1),Configured,No,https://www.facebook.com/ads/library/?q=b-naturalsnutrition&type=all,,,,,,"The focus b-naturalsnutrition puts on clean, effective formulas is exactly what customers need."
BODYGENT | Recovery and fitness gear that actually works.,bodygent.com,https://bodygent.com,Info,Owner,BODYGENT | Recovery and fitness gear that actually works.,info@bodygent.com,,Health & Supplements,100% Confirmed Real,Valid (Host MX),Configured (v=DMARC1),Configured,No,https://www.facebook.com/ads/library/?q=BODYGENT%20%7C%20Recovery%20and%20fitness%20gear%20that%20actually%20works.&type=all,,,,,,"The focus BODYGENT | Recovery and fitness gear that actually works. puts on clean, effective formulas is exactly what customers need."
BoKU® Superfood,bokusuperfood.com,https://bokusuperfood.com,Support,Owner,Boku Organic Superfood Products | Boku® Superfood &ndash; BoKU® Superfood,support@bokusuperfood.com,,Health & Supplements,100% Confirmed Real,Valid (Google Workspace),Configured (v=DMARC1),Configured,No,https://www.facebook.com/ads/library/?q=BoKU%C2%AE%20Superfood&type=all,https://www.instagram.com/bokusuperfood,https://www.facebook.com/BokuSuperFood,,,,"The focus BoKU® Superfood puts on clean, effective formulas is exactly what customers need."
Bonita & Fitness,bonitaandfitness.com,https://bonitaandfitness.com,Contacto,Owner,"Bonita &amp; Fitness | Activewear | Leggings, Sports Bras, Hoodies &amp; Más",contacto@bonitaandfitness.com,,Health & Supplements,100% Confirmed Real,Valid (Google Workspace),Not Configured,None,No,https://www.facebook.com/ads/library/?q=Bonita%20%26%20Fitness&type=all,https://www.instagram.com/bonitaandfitness,https://www.facebook.com/bonitaandfitness,https://www.tiktok.com/@bonitaandfitness,https://x.com/BonitayFitness,,"The focus Bonita & Fitness puts on clean, effective formulas is exactly what customers need."
botanicalaluzdivina,botanicaluzdivina.com,https://botanicaluzdivina.com,Botanicalaluzdivina2015,Owner,Botanica la Luz Divina &ndash; botanicalaluzdivina,botanicalaluzdivina2015@yahoo.com,,Health & Supplements,100% Confirmed Real,Valid (Yahoo Mail),Configured (v=DMARC1),Configured,No,https://www.facebook.com/ads/library/?q=botanicalaluzdivina&type=all,https://www.instagram.com/luzdivinabotanica,https://www.facebook.com/botanicalaluzdivina,,,,"The focus botanicalaluzdivina puts on clean, effective formulas is exactly what customers need."
Botanika Herbals,botanikaherbals.com.au,https://botanikaherbals.com.au,Info,Owner,Botanika Herbals Apothecary &amp; Elixir Bar,info@botanikaherbals.com.au,,Health & Supplements,100% Confirmed Real,Valid (Google Workspace),Not Configured,Configured,No,https://www.facebook.com/ads/library/?q=Botanika%20Herbals&type=all,https://www.instagram.com/botanikaherbals,https://www.facebook.com/botanikaherbalsau,,,,"The focus Botanika Herbals puts on clean, effective formulas is exactly what customers need."
BrainBoosted Nutrition,brainboosted.co.uk,https://brainboosted.co.uk,Brainboostedsupplements,Owner,American Express,brainboostedsupplements@gmail.com,,Health & Supplements,100% Confirmed Real,Valid (Google Workspace),Configured (v=DMARC1),Configured,No,https://www.facebook.com/ads/library/?q=BrainBoosted%20Nutrition&type=all,https://www.instagram.com/brainboostedsupplements,,https://www.tiktok.com/@BrainBoosted0,,,"The focus BrainBoosted Nutrition puts on clean, effective formulas is exactly what customers need."
Buddies Organics,buddiesorganics.com,https://buddiesorganics.com,Marketing,Owner,Buddies Organics,marketing@bioharvest.com.my,,Health & Supplements,68% Confirmed Real,Valid (Microsoft 365),Configured (v=DMARC1),Configured,No,https://www.facebook.com/ads/library/?q=Buddies%20Organics&type=all,,,,,,"The focus Buddies Organics puts on clean, effective formulas is exactly what customers need."
CAPITAL FITNESS,capitalfitnessindia.com,https://capitalfitnessindia.com,Capitalfitnessindia,Owner,CAPITAL FITNESS,capitalfitnessindia@gmail.com,,Health & Supplements,100% Confirmed Real,Valid (Google Workspace),Configured (v=DMARC1),Configured,No,https://www.facebook.com/ads/library/?q=CAPITAL%20FITNESS&type=all,,,,,,"The focus CAPITAL FITNESS puts on clean, effective formulas is exactly what customers need."
Clean Nutrition Co,cleannutritionco.com,https://cleannutritionco.com,Info,Owner,Clean Nutrition Co.,info@cleannutritionco.com,,Health & Supplements,100% Confirmed Real,Valid (Google Workspace),Not Configured,Configured,No,https://www.facebook.com/ads/library/?q=Clean%20Nutrition%20Co&type=all,https://www.instagram.com/cleannutritionco,https://www.facebook.com/cleannutritionco,,,,"The focus Clean Nutrition Co puts on clean, effective formulas is exactly what customers need."
Dr. Randolph's Wellness Store,drrandolphswellnessstore.com,https://drrandolphswellnessstore.com,Webinfo,Owner,Dr. Randolph&#39;s Wellness Store - Hormone Supplements &amp; Wellness,webinfo@cwrandolph.com,orders@cwrandolph.com,Health & Supplements,88% Confirmed Real,Valid (Host MX),Configured (v=DMARC1),Configured,No,https://www.facebook.com/ads/library/?q=Dr.%20Randolph%27s%20Wellness%20Store&type=all,,https://www.facebook.com/AgelessWell,,https://x.com/agelesswell,,"The focus Dr. Randolph's Wellness Store puts on clean, effective formulas is exactly what customers need."
DY Nutrition Worldwide,dynutrition.com,https://dynutrition.com,Contact,Owner,Dorian Yates Nutrition Supplements &ndash; DY Nutrition Worldwide,contact@dynutrition.com,,Health & Supplements,100% Confirmed Real,Valid (Google Workspace),Configured (v=DMARC1),Configured,No,https://www.facebook.com/ads/library/?q=DY%20Nutrition%20Worldwide&type=all,https://www.instagram.com/dynutrition,https://www.facebook.com/DorianYatesNutrition,https://www.tiktok.com/@dynutrition,https://x.com/DYNutrition,,"The focus DY Nutrition Worldwide puts on clean, effective formulas is exactly what customers need."
Egghead Nutrition,eggheadnutrition.com,https://eggheadnutrition.com,Hello,Owner,Premium Egg White Protein Supplements | Egghead Nutrition,hello@eggheadnutrition.com,,Health & Supplements,98% Confirmed Real,Valid (Host MX),Not Configured,Configured,No,https://www.facebook.com/ads/library/?q=Egghead%20Nutrition&type=all,https://www.instagram.com/eggheadnutrition,https://www.facebook.com/eggheadnutrition,,,,"The focus Egghead Nutrition puts on clean, effective formulas is exactly what customers need."
Elevate Wellness,elevatecbd.in,https://elevatecbd.in,Elevatecbdin,Owner,Elevate Wellness,elevatecbdin@gmail.com,,Health & Supplements,100% Confirmed Real,Valid (Google Workspace),Configured (v=DMARC1),Configured,No,https://www.facebook.com/ads/library/?q=Elevate%20Wellness&type=all,https://www.instagram.com/cbd.elevate,https://www.facebook.com/elevate.cbd.3,,,,"The focus Elevate Wellness puts on clean, effective formulas is exactly what customers need."
elevatedsleepproducts,elevatedsleepproducts.com,https://elevatedsleepproducts.com,Info,Owner,elevatedsleepproducts,info@brainos.vn,,Health & Supplements,83% Confirmed Real,Valid (Host MX),Not Configured,Configured,No,https://www.facebook.com/ads/library/?q=elevatedsleepproducts&type=all,,,,,,"The focus elevatedsleepproducts puts on clean, effective formulas is exactly what customers need."
ElementZero Nutrition,elementzeronutrition.com,https://elementzeronutrition.com,Sales,Owner,ElementZero Nutrition,sales@elementzeronutrition.com,,Health & Supplements,100% Confirmed Real,Valid (Zoho Mail),Not Configured,Configured,No,https://www.facebook.com/ads/library/?q=ElementZero%20Nutrition&type=all,https://www.instagram.com/ElementZero_Nutrition,https://www.facebook.com/ElementZeroNutrition,,,,"The focus ElementZero Nutrition puts on clean, effective formulas is exactly what customers need."
Elexir Supplements,elexirsupplements.co.uk,https://elexirsupplements.co.uk,Admin,Owner,Buy Nutritional Supplements online in UK | Elexirsupplements,admin@elexirsupplements.co.uk,,Health & Supplements,100% Confirmed Real,Valid (Microsoft 365),Configured (v=DMARC1),Configured,No,https://www.facebook.com/ads/library/?q=Elexir%20Supplements&type=all,https://www.instagram.com/shopify,https://www.facebook.com/shopify,,,,"The focus Elexir Supplements puts on clean, effective formulas is exactly what customers need."
Equilibre Performance Nutrition,epnutrition.ca,https://epnutrition.ca,Info,Owner,Equilibre Performance Nutrition,info@epnutrition.ca,,Health & Supplements,100% Confirmed Real,Valid (Google Workspace),Configured (v=DMARC1),Configured,No,https://www.facebook.com/ads/library/?q=Equilibre%20Performance%20Nutrition&type=all,https://www.instagram.com/epn_center,https://www.facebook.com/epnbrossard,,,,"The focus Equilibre Performance Nutrition puts on clean, effective formulas is exactly what customers need."
Epoch Nutrition Sciences,epochnutritionsciences.com,https://epochnutritionsciences.com,Michael,Owner,"Epoch Nutrition Sciences | Joint, Energy &amp; Cognitive Health",michael@epochnutritionsciences.com,epochnutritionsciences@gmail.com,Health & Supplements,100% Confirmed Real,Valid (Host MX),Configured (v=DMARC1),Configured,No,https://www.facebook.com/ads/library/?q=Epoch%20Nutrition%20Sciences&type=all,https://www.instagram.com/epochnutritionsciences,https://www.facebook.com/EpochNutritionSciences,https://www.tiktok.com/@prohealthcoach,,https://www.linkedin.com/company/33187189,"The focus Epoch Nutrition Sciences puts on clean, effective formulas is exactly what customers need."
faithwellnessgifts,faithwellnessgifts.com,https://faithwellnessgifts.com,Faithwellnesscoaching,Owner,American Express,faithwellnesscoaching@gmail.com,,Health & Supplements,68% Confirmed Real,Valid (Google Workspace),Configured (v=DMARC1),Configured,No,https://www.facebook.com/ads/library/?q=faithwellnessgifts&type=all,https://www.instagram.com/faithwellnessgifts,https://www.facebook.com/faithwellnessgifts,,,,"The focus faithwellnessgifts puts on clean, effective formulas is exactly what customers need."
FULFIL France,fulfilnutrition.fr,https://fulfilnutrition.fr,Service,Consommateurs,FULFIL France,service.consommateurs@ferrero.com,,Health & Supplements,100% Confirmed Real,Valid (Host MX),Configured (v=DMARC1),Configured,No,https://www.facebook.com/ads/library/?q=FULFIL%20France&type=all,https://www.instagram.com/fulfil_fr,https://www.facebook.com/Fulfil_fr,https://www.tiktok.com/@fulfil_nutrition,,,"The focus FULFIL France puts on clean, effective formulas is exactly what customers need."
FUUSHIKAorganic,fuushika.com,https://fuushika.com,Info,Owner,FUUSHIKAorganic [八ヶ岳・環境再生型オーガニック農場],info@fuushika.com,,Health & Supplements,100% Confirmed Real,Valid (Google Workspace),Not Configured,None,No,https://www.facebook.com/ads/library/?q=FUUSHIKAorganic&type=all,,,,,,"The focus FUUSHIKAorganic puts on clean, effective formulas is exactly what customers need."
Genius Nutrition UK,geniusnutrition.co.uk,https://geniusnutrition.co.uk,Info,Owner,Genius Nutrition® UK &ndash; Genius Nutrition UK,info@geniusnutrition.co.uk,info@nutribeast.co.uk,Health & Supplements,100% Confirmed Real,Valid (Google Workspace),Configured (v=DMARC1),Configured,No,https://www.facebook.com/ads/library/?q=Genius%20Nutrition%20UK&type=all,https://www.instagram.com/geniusnutritionuk,https://www.facebook.com/GeniusNutritionUK,,,,"The focus Genius Nutrition UK puts on clean, effective formulas is exactly what customers need."
The True Protein,gettrueprotein.com,https://gettrueprotein.com,Info,Owner,The True Protein,info@gettrueprotein.com,,Health & Supplements,100% Confirmed Real,Valid (Google Workspace),Not Configured,Configured,No,https://www.facebook.com/ads/library/?q=The%20True%20Protein&type=all,,https://www.facebook.com/tr,,,,"The focus The True Protein puts on clean, effective formulas is exactly what customers need."
360 Organic,360organic.in,https://360organic.in,Reachus,Owner,Home Page,reachus@360organic.com,viral@stlpharma.in,Health & Supplements,100% Confirmed Real,Valid (Host MX),Configured (v=DMARC1),Configured,No,https://www.facebook.com/ads/library/?q=360%20Organic&type=all,https://www.instagram.com/360degreeorganic,https://www.facebook.com/360degreeorganic,,,,"The focus 360 Organic puts on clean, effective formulas is exactly what customers need."
360Football Supplements,360football-supplements.ch,https://360football-supplements.ch,Supplements,Owner,"360Football Supplements - Für Fussballer, die mehr wollen",supplements@360football.ch,,Health & Supplements,68% Confirmed Real,Valid (Microsoft 365),Configured (v=DMARC1),Configured,No,https://www.facebook.com/ads/library/?q=360Football%20Supplements&type=all,https://www.instagram.com/360football.supplements,,https://www.tiktok.com/@360football_supplements,,,"The focus 360Football Supplements puts on clean, effective formulas is exactly what customers need."
47FitnessApparel,47fitnessapparel.com,https://47fitnessapparel.com,Sgupton47,Owner,American Express,sgupton47@gmail.com,,Health & Supplements,68% Confirmed Real,Valid (Google Workspace),Configured (v=DMARC1),Configured,No,https://www.facebook.com/ads/library/?q=47FitnessApparel&type=all,,,,,,"The focus 47FitnessApparel puts on clean, effective formulas is exactly what customers need."
4pawsfriendsherbalproducts.com,4pawsfriendsherbalproducts.com,https://4pawsfriendsherbalproducts.com,Wellnessfordogs,Owner,Founder / Owner @ 4pawsfriendsherbalproducts.com,wellnessfordogs@gmail.com,,Health & Supplements,68% Confirmed Real,Valid (Google Workspace),Configured (v=DMARC1),Configured,No,https://www.facebook.com/ads/library/?q=4pawsfriendsherbalproducts.com&type=all,,,,,,"The focus 4pawsfriendsherbalproducts.com puts on clean, effective formulas is exactly what customers need."
7:14 Organics™,714organics.com,https://714organics.com,Info,Owner,7:14 Organics™,info@714organics.com,,Health & Supplements,98% Confirmed Real,Valid (Mailgun),Not Configured,Configured,No,https://www.facebook.com/ads/library/?q=7%3A14%20Organics%E2%84%A2&type=all,,,,,,"The focus 7:14 Organics™ puts on clean, effective formulas is exactly what customers need."
AAR ORGANICS,aarorganics.com,https://aarorganics.com,Aarorganics,Owner,WELCOME TO AAR ORGANICS,aarorganics@gmail.com,,Health & Supplements,100% Confirmed Real,Valid (Google Workspace),Configured (v=DMARC1),Configured,No,https://www.facebook.com/ads/library/?q=AAR%20ORGANICS&type=all,,,,,,"The focus AAR ORGANICS puts on clean, effective formulas is exactly what customers need."
Actionmegasupplements,actionmegasupplements.com,https://actionmegasupplements.com,Actionmegasupplements,Owner,American Express,actionmegasupplements@gmail.com,,Health & Supplements,100% Confirmed Real,Valid (Google Workspace),Configured (v=DMARC1),Configured,No,https://www.facebook.com/ads/library/?q=Actionmegasupplements&type=all,https://www.instagram.com/actionmega.supplements,https://www.facebook.com/ActionmegaSupplements,,,,"The focus Actionmegasupplements puts on clean, effective formulas is exactly what customers need."
AFI Supplements,afisupplements.com,https://afisupplements.com,Info,Owner,AFI Supplements | Natural Dietary Supplements | Made in USA,info@afisupplements.com,,Health & Supplements,100% Confirmed Real,Valid (Microsoft 365),Configured (v=DMARC1),Configured,No,https://www.facebook.com/ads/library/?q=AFI%20Supplements&type=all,https://www.instagram.com/sabinsawellness,https://www.facebook.com/AmericasFinestInc,,https://x.com/afi_supplements,https://www.linkedin.com/company/afisupplements,"The focus AFI Supplements puts on clean, effective formulas is exactly what customers need."
Akesi Wellness,akesiwellness.com,https://akesiwellness.com,Hello,Owner,Akesi Wellness,hello@akesiwellness.com,,Health & Supplements,100% Confirmed Real,Valid (Microsoft 365),Configured (v=DMARC1),Configured,No,https://www.facebook.com/ads/library/?q=Akesi%20Wellness&type=all,https://www.instagram.com/akesiwellness,https://www.facebook.com/akesiwellness,,,,"The focus Akesi Wellness puts on clean, effective formulas is exactly what customers need."
Aktive Supplements,aktivesupplements.com,https://aktivesupplements.com,Support,Owner,Aktive Supplements,support@aktivesupplements.com,,Health & Supplements,100% Confirmed Real,Valid (Google Workspace),Not Configured,None,No,https://www.facebook.com/ads/library/?q=Aktive%20Supplements&type=all,https://www.instagram.com/aktivesupplements,https://www.facebook.com/profile.php,,,,"The focus Aktive Supplements puts on clean, effective formulas is exactly what customers need."
Alaskan Dream Botanicals,alaskandreambotanicals.com,https://alaskandreambotanicals.com,Info,Owner,Alaskan Dream Botanicals,info@alaskandreambotanicals.com,,Health & Supplements,100% Confirmed Real,Valid (Microsoft 365),Configured (v=DMARC1),Configured,No,https://www.facebook.com/ads/library/?q=Alaskan%20Dream%20Botanicals&type=all,https://www.instagram.com/alaskandreambotanicals,https://www.facebook.com/profile.php,,,,"The focus Alaskan Dream Botanicals puts on clean, effective formulas is exactly what customers need."
alchemyorganics,alchemy-organics.com,https://alchemy-organics.com,Alchemyorganics21,Owner,"SEA MOSS
 &ndash; alchemyorganics",alchemyorganics21@gmail.com,,Health & Supplements,68% Confirmed Real,Valid (Google Workspace),Configured (v=DMARC1),Configured,No,https://www.facebook.com/ads/library/?q=alchemyorganics&type=all,,,,,,"The focus alchemyorganics puts on clean, effective formulas is exactly what customers need."
alittlegreenshoppe,alittlegreenshoppe.com,https://alittlegreenshoppe.com,Contact,Owner,alittlegreenshoppe,contact@alittlegreenshoppe.com,,Health & Supplements,100% Confirmed Real,Valid (Host MX),Configured (v=DMARC1),Configured,No,https://www.facebook.com/ads/library/?q=alittlegreenshoppe&type=all,https://www.instagram.com/littlegreenshoppe,https://www.facebook.com/thelittlegreenshoppe,,,,"The focus alittlegreenshoppe puts on clean, effective formulas is exactly what customers need."
Alinastore,alinasleep.com,https://alinasleep.com,Info,Owner,"Alina - From blue light glasses to red light therapy!
 &ndash; Alinastore",info@alinastore.nl,"team@alinastore.nl, ecom-swiper@11.css",Health & Supplements,88% Confirmed Real,Valid (Host MX),Configured (v=DMARC1),Configured,No,https://www.facebook.com/ads/library/?q=Alinastore&type=all,https://www.instagram.com/alinasleep,https://www.facebook.com/profile.php,https://www.tiktok.com/@alinasleep.com,,,"The focus Alinastore puts on clean, effective formulas is exactly what customers need."
All1Protein,all1protein.com,https://all1protein.com,Tianna,Owner,All1Protein,tianna@all1protein.com,example@gmail.com,Health & Supplements,100% Confirmed Real,Valid (Google Workspace),Not Configured,None,No,https://www.facebook.com/ads/library/?q=All1Protein&type=all,https://www.instagram.com/all1protein,,,,,"The focus All1Protein puts on clean, effective formulas is exactly what customers need."
Allin1Nutrition,allin1nutrition.com,https://allin1nutrition.com,Info,Owner,Alln1Nutrition | Premium sportvoeding &amp; supplementen,info@alln1nutrition.com,,Health & Supplements,100% Confirmed Real,Valid (Google Workspace),Configured (v=DMARC1),None,No,https://www.facebook.com/ads/library/?q=Allin1Nutrition&type=all,https://www.instagram.com/alln1nutritionn,,https://www.tiktok.com/@alln1nutrition,https://x.com/Allin1nutri,,"The focus Allin1Nutrition puts on clean, effective formulas is exactly what customers need."
Alphatech Nutrition,alphatechnutrition.com,https://alphatechnutrition.com,Info,Owner,Alphatech Nutrition,info@alphatech.com,n@alphatech.nutrition,Health & Supplements,100% Confirmed Real,Valid (Host MX),Not Configured,None,No,https://www.facebook.com/ads/library/?q=Alphatech%20Nutrition&type=all,https://www.instagram.com/alphatech.nutrition,,,,,"The focus Alphatech Nutrition puts on clean, effective formulas is exactly what customers need."
Alte Gutsbrennerei Philipp Koch,alte-gutsbrennerei.shop,https://alte-gutsbrennerei.shop,Orders,Owner,Onlineshop Alte Gutsbrennerei Philipp Koch,orders@deheck.de,,Health & Supplements,58% Confirmed Real,Valid (Host MX),Not Configured,Configured,No,https://www.facebook.com/ads/library/?q=Alte%20Gutsbrennerei%20Philipp%20Koch&type=all,,,,,,"The focus Alte Gutsbrennerei Philipp Koch puts on clean, effective formulas is exactly what customers need."
Amas Organics,amasorganics.nl,https://amasorganics.nl,Info,Owner,Amas Organics,info@amasorganics.nl,,Health & Supplements,100% Confirmed Real,Valid (Host MX),Configured (v=DMARC1),None,No,https://www.facebook.com/ads/library/?q=Amas%20Organics&type=all,https://www.instagram.com/amasorganics,https://www.facebook.com/amasorganics,,,,"The focus Amas Organics puts on clean, effective formulas is exactly what customers need."
Amazing Nutritionals,amazingnutritionals.com,https://amazingnutritionals.com,Info,Owner,Amazing Nutritionals - Dog Supplement Vitamin Treats for a Longer Heal,info@amazingnutritionals.com,,Health & Supplements,100% Confirmed Real,Valid (Host MX),Configured (v=DMARC1),None,No,https://www.facebook.com/ads/library/?q=Amazing%20Nutritionals&type=all,https://www.instagram.com/amazingnutritionals,https://www.facebook.com/AmazingNutritionals,,https://x.com/ANutritionals,,"The focus Amazing Nutritionals puts on clean, effective formulas is exactly what customers need."
ameorganic.com,ameorganic.com,https://ameorganic.com,Connect,Owner,"Science of Reverse Aging
 &ndash; Ame Organic",connect@ameorganic.com,,Health & Supplements,100% Confirmed Real,Valid (Zoho Mail),Not Configured,Configured,No,https://www.facebook.com/ads/library/?q=ameorganic.com&type=all,https://www.instagram.com/ame.organic,https://www.facebook.com/tr,,https://x.com/ameorganic,,"The focus ameorganic.com puts on clean, effective formulas is exactly what customers need."
Answers Wellness,answerswellness.com,https://answerswellness.com,Info,Owner,Answers Wellness | Science-Based Natural Supplements,info@answerswellness.com,,Health & Supplements,100% Confirmed Real,Valid (Google Workspace),Not Configured,None,No,https://www.facebook.com/ads/library/?q=Answers%20Wellness&type=all,,https://www.facebook.com/tr,,,,"The focus Answers Wellness puts on clean, effective formulas is exactly what customers need."
Architect Nutrition,architectnutrition.com,https://architectnutrition.com,Info,Owner,"Architect Nutrition | Shilajit, Ashwagandha &amp; Black Seed Oil Gummies",info@architectnutrition.com,,Health & Supplements,100% Confirmed Real,Valid (Google Workspace),Configured (v=DMARC1),Configured,No,https://www.facebook.com/ads/library/?q=Architect%20Nutrition&type=all,https://www.instagram.com/architectnutrition,https://www.facebook.com/profile.php,https://www.tiktok.com/@architect.nutrition,,,"The focus Architect Nutrition puts on clean, effective formulas is exactly what customers need."
Arogyam Shop – arogyamayurveda,arogyamshop.com,https://arogyamshop.com,Support,Owner,Arogyam Shop &ndash; arogyamayurveda,support@arogyamshop.com,,Health & Supplements,100% Confirmed Real,Valid (Google Workspace),Not Configured,Configured,No,https://www.facebook.com/ads/library/?q=Arogyam%20Shop%20%E2%80%93%20arogyamayurveda&type=all,https://www.instagram.com/arogyam_ayurveda_store,https://www.facebook.com/arogyamayurvedastore,,,,"The focus Arogyam Shop – arogyamayurveda puts on clean, effective formulas is exactly what customers need."
Arts Food Supplements,artsfoodsupplements.nl,https://artsfoodsupplements.nl,Contact,Owner,Arts Food Supplements - voedingssupplementen van de hoogste kwaliteit!,contact@artsfoodsupplements.nl,,Health & Supplements,100% Confirmed Real,Valid (Microsoft 365),Not Configured,Configured,No,https://www.facebook.com/ads/library/?q=Arts%20Food%20Supplements&type=all,,,,,,"The focus Arts Food Supplements puts on clean, effective formulas is exactly what customers need."
Asena Organic,asenaorganic.com,https://asenaorganic.com,Info,Owner,"Certified Sustainable, Organic, and Ethical Women&#39;s Apparel",info@asenaorganic.com,,Health & Supplements,100% Confirmed Real,Valid (Host MX),Configured (v=DMARC1),Configured,No,https://www.facebook.com/ads/library/?q=Asena%20Organic&type=all,https://www.instagram.com/asenaorganic,,,,,"The focus Asena Organic puts on clean, effective formulas is exactly what customers need."
Attar Bohra Herbal,attarbohraherbal.in,https://attarbohraherbal.in,Attarbohraherbal,Owner,Attar Bohra Herbal | 100% Natural Ayurvedic Remedies,attarbohraherbal@gmail.com,,Health & Supplements,100% Confirmed Real,Valid (Google Workspace),Configured (v=DMARC1),Configured,No,https://www.facebook.com/ads/library/?q=Attar%20Bohra%20Herbal&type=all,https://www.instagram.com/attarbohraherbal,https://www.facebook.com/profile.php,,,,"The focus Attar Bohra Herbal puts on clean, effective formulas is exactly what customers need."
ATX Nutrition,atxnutritionindia.com,https://atxnutritionindia.com,Info,Owner,ATX Nutrition,info@atxnutritionindia.com,,Health & Supplements,98% Confirmed Real,Valid (Zoho Mail),Not Configured,Configured,No,https://www.facebook.com/ads/library/?q=ATX%20Nutrition&type=all,https://www.instagram.com/atxnutritionindia.official,https://www.facebook.com/people,,,,"The focus ATX Nutrition puts on clean, effective formulas is exactly what customers need."
Aurora Wellness,aurorawellness.life,https://aurorawellness.life,Dria,Owner,Aurora Wellness,dria@aurorawellness.life,,Health & Supplements,100% Confirmed Real,Valid (Zoho Mail),Configured (v=DMARC1),Configured,No,https://www.facebook.com/ads/library/?q=Aurora%20Wellness&type=all,https://www.instagram.com/aurorawellness.life,https://www.facebook.com/shopify,,,,"The focus Aurora Wellness puts on clean, effective formulas is exactly what customers need."
Australian Organic Meat Co,ausorganicmeatco.com.au,https://ausorganicmeatco.com.au,Karra,Owner,Free Range &amp; Organic Meat Online | Australian Organic Meat Co,karra@ausorganicmeatco.com.au,,Health & Supplements,100% Confirmed Real,Valid (Microsoft 365),Configured (v=DMARC1),Configured,No,https://www.facebook.com/ads/library/?q=Australian%20Organic%20Meat%20Co&type=all,https://www.instagram.com/ausorganicmeatco,https://www.facebook.com/Australianorganicmeatco,,,,"The focus Australian Organic Meat Co puts on clean, effective formulas is exactly what customers need."
Avenir Nutrition,avenirnutrition.com,https://avenirnutrition.com,Support,Owner,"Work Hard, Play Hard, Health Hard
&ndash; Avenir Nutrition",support@avenirnutrition.com,,Health & Supplements,100% Confirmed Real,Valid (Microsoft 365),Configured (v=DMARC1),Configured,No,https://www.facebook.com/ads/library/?q=Avenir%20Nutrition&type=all,https://www.instagram.com/its.avenir,,https://www.tiktok.com/@its_avenir,,,"The focus Avenir Nutrition puts on clean, effective formulas is exactly what customers need."
Awesome Botanical,awesomebotanical.com,https://awesomebotanical.com,Info,Owner,American Express,info@awesomebotanical.com,,Health & Supplements,100% Confirmed Real,Valid (Host MX),Configured (v=DMARC1),Configured,No,https://www.facebook.com/ads/library/?q=Awesome%20Botanical&type=all,https://www.instagram.com/awesomebotanical,https://www.facebook.com/awesomebotanical,https://www.tiktok.com/@awesomebotanical,https://x.com/AwesomeBotanics,https://www.linkedin.com/company/awesome-botanical,"The focus Awesome Botanical puts on clean, effective formulas is exactly what customers need."
Ayve Lives Organic,ayvelivesorganic.com,https://ayvelivesorganic.com,Info,Owner,Ayve Lives Organic,info@ayverex.com,,Health & Supplements,88% Confirmed Real,Valid (Host MX),Configured (v=DMARC1),Configured,No,https://www.facebook.com/ads/library/?q=Ayve%20Lives%20Organic&type=all,,,,,,"The focus Ayve Lives Organic puts on clean, effective formulas is exactly what customers need."
BABA nutrition,babanutrition.fr,https://babanutrition.fr,Contact,Owner,BABA nutrition - Laboratoire - Compléments alimentaires &ndash; Baba Nutrition,contact@babanutrition.fr,,Health & Supplements,100% Confirmed Real,Valid (Google Workspace),Configured (v=DMARC1),Configured,No,https://www.facebook.com/ads/library/?q=BABA%20nutrition&type=all,https://www.instagram.com/pandateatox,https://www.facebook.com/pandateatox,https://www.tiktok.com/@pandatea,,,"The focus BABA nutrition puts on clean, effective formulas is exactly what customers need."
Balance Fitness,balancefitness.com,https://balancefitness.com,Support,Owner,Founder / Owner @ Balance Fitness,support@balancefitness.com,,Health & Supplements,100% Confirmed Real,Valid (Google Workspace),Not Configured,Configured,No,https://www.facebook.com/ads/library/?q=Balance%20Fitness&type=all,https://www.instagram.com/balance_fitness_equipment,https://www.facebook.com/BalanceFitEquip,,https://x.com/BalanceFitEquip,https://www.linkedin.com/company/balance-fitness-equipment,"The focus Balance Fitness puts on clean, effective formulas is exactly what customers need."
Banks Botanical Beverages,banksbotanicals.com,https://banksbotanicals.com,Customerservice,Owner,Premium Australian Non Alcoholic Spirit | Banks Botanicals,customerservice@banksbotanicals.com,,Health & Supplements,100% Confirmed Real,Valid (Google Workspace),Configured (v=DMARC1),Configured,No,https://www.facebook.com/ads/library/?q=Banks%20Botanical%20Beverages&type=all,https://www.instagram.com/banks.botanicals,,,,,"The focus Banks Botanical Beverages puts on clean, effective formulas is exactly what customers need."
Basic Wellness 4 All,basicwellness4all.com,https://basicwellness4all.com,Sales,Owner,Basic Wellness 4 All,sales@basicwellness4all.com,,Health & Supplements,100% Confirmed Real,Valid (Host MX),Configured (v=DMARC1),Configured,No,https://www.facebook.com/ads/library/?q=Basic%20Wellness%204%20All&type=all,https://www.instagram.com/basicwellness4all,https://www.facebook.com/BasicWellness4All,,,,"The focus Basic Wellness 4 All puts on clean, effective formulas is exactly what customers need."
The Bast Shop,bastbotanicals.com,https://bastbotanicals.com,Bastbotanicals405,Owner,The Bast Shop – Herbal Wellness &amp; Wildcrafted Offerings,bastbotanicals405@gmail.com,,Health & Supplements,100% Confirmed Real,Valid (Google Workspace),Configured (v=DMARC1),Configured,No,https://www.facebook.com/ads/library/?q=The%20Bast%20Shop&type=all,,,,,,"The focus The Bast Shop puts on clean, effective formulas is exactly what customers need."
Batch Organics,batch-organics.com,https://batch-organics.com,Hi,Owner,Batch Organics | Plant Powered Healthy Food,hi@batch-organics.com,,Health & Supplements,100% Confirmed Real,Valid (Google Workspace),Configured (v=DMARC1),Configured,No,https://www.facebook.com/ads/library/?q=Batch%20Organics&type=all,https://www.instagram.com/batchorganics,https://www.facebook.com/tr,,,,"The focus Batch Organics puts on clean, effective formulas is exactly what customers need."
Bella Vita Organic,bellavitaorganic.com,https://bellavitaorganic.com,Shop,Owner,"Bellavita Organic – Premium Perfumes, Skincare &amp; Beauty Products",shop@bellavitaorganic.com,abc@xyz.com,Health & Supplements,100% Confirmed Real,Valid (Google Workspace),Configured (v=DMARC1),Configured,No,https://www.facebook.com/ads/library/?q=Bella%20Vita%20Organic&type=all,https://www.instagram.com/bellavita.official,https://www.facebook.com/bellavitaorganic,,https://x.com/bellavita_org,,"The focus Bella Vita Organic puts on clean, effective formulas is exactly what customers need."
bemaxx Fitness,be-maxx.com,https://be-maxx.com,Support,Owner,bemaxx Fitness - with every heartbeat,support@pl-concepts.com,"alpinejs@3.12.3.min.js, ihre@email.de",Health & Supplements,88% Confirmed Real,Valid (Microsoft 365),Not Configured,Configured,No,https://www.facebook.com/ads/library/?q=bemaxx%20Fitness&type=all,https://www.instagram.com/bemaxx_fitness,https://www.facebook.com/bemaxx.fitness,,,,"The focus bemaxx Fitness puts on clean, effective formulas is exactly what customers need."
BETA Wellness,beta-wellness.no,https://beta-wellness.no,Kontakt,Owner,Founder / Owner @ BETA Wellness,kontakt@beta-wellness.no,,Health & Supplements,100% Confirmed Real,Valid (Microsoft 365),Configured (v=DMARC1),Configured,No,https://www.facebook.com/ads/library/?q=BETA%20Wellness&type=all,https://www.instagram.com/qualityspas,,,,,"The focus BETA Wellness puts on clean, effective formulas is exactly what customers need."
Bevko Vitamins,bevkovitamins.com,https://bevkovitamins.com,Info,Owner,Bevko Vitamins | Physician-Formulated Supplements Made in USA,info@bevkovitamins.com,,Health & Supplements,100% Confirmed Real,Valid (Google Workspace),Not Configured,Configured,No,https://www.facebook.com/ads/library/?q=Bevko%20Vitamins&type=all,https://www.instagram.com/bevkovitamins,https://www.facebook.com/bevkovitamins,,,,"The focus Bevko Vitamins puts on clean, effective formulas is exactly what customers need."
Bloom Organic Bazaar,bloomorganicbazaar.com,https://bloomorganicbazaar.com,Info,Owner,American Express,info@bloomorganicbazaar.com,u003einfo@bloomorganicbazaar.com,Health & Supplements,100% Confirmed Real,Valid (Google Workspace),Not Configured,None,No,https://www.facebook.com/ads/library/?q=Bloom%20Organic%20Bazaar&type=all,https://www.instagram.com/bloomorganicbazaar,https://www.facebook.com/BloomOrganicBazaar,,,,"The focus Bloom Organic Bazaar puts on clean, effective formulas is exactly what customers need."
Blooming House Botanicals,bloominghouse.co,https://bloominghouse.co,Cody,Owner,Blooming House Botanicals,cody@bloominghouse.co,,Health & Supplements,100% Confirmed Real,Valid (Google Workspace),Not Configured,Configured,No,https://www.facebook.com/ads/library/?q=Blooming%20House%20Botanicals&type=all,,https://www.facebook.com/blooming.house.botanicals,,,,"The focus Blooming House Botanicals puts on clean, effective formulas is exactly what customers need."
Bluebird Botanicals,bluebirdbotanicals.com,https://bluebirdbotanicals.com,Info,Owner,Menu Icon,info@bluebirdbotanicals.com,,Health & Supplements,100% Confirmed Real,Valid (Google Workspace),Configured (v=DMARC1),Configured,No,https://www.facebook.com/ads/library/?q=Bluebird%20Botanicals&type=all,https://www.instagram.com/bluebirdbotanicals,https://www.facebook.com/BluebirdBotanicals,,https://x.com/bluebirdhemp,,"The focus Bluebird Botanicals puts on clean, effective formulas is exactly what customers need."
Blue Heron Botanicals,blueheronbotanicals.com,https://blueheronbotanicals.com,Theora,Owner,Blue Heron Botanicals - Zero Waste Skincare,theora@blueheronbotanicals.com,,Health & Supplements,100% Confirmed Real,Valid (Microsoft 365),Configured (v=DMARC1),Configured,No,https://www.facebook.com/ads/library/?q=Blue%20Heron%20Botanicals&type=all,https://www.instagram.com/blueheronbotanicals,https://www.facebook.com/BlueHeronBotanicals,https://www.tiktok.com/@blueheronbotanicals,,,"The focus Blue Heron Botanicals puts on clean, effective formulas is exactly what customers need."
Botanical Nature Basics,botanicalnaturebasics.com,https://botanicalnaturebasics.com,Mybox,Owner,Botanical Nature Basics,mybox@happylifecrate.com,help@botanicalnaturebasics.com,Health & Supplements,100% Confirmed Real,Valid (Google Workspace),Configured (v=DMARC1),Configured,No,https://www.facebook.com/ads/library/?q=Botanical%20Nature%20Basics&type=all,https://www.instagram.com/shopify,https://www.facebook.com/shopify,,,,"The focus Botanical Nature Basics puts on clean, effective formulas is exactly what customers need."
Botanical Voyage,botanicalvoyage.com,https://botanicalvoyage.com,Contact,Owner,Botanical Voyage,contact@botanicalvoyage.com,,Health & Supplements,100% Confirmed Real,Valid (Host MX),Configured (v=DMARC1),Configured,No,https://www.facebook.com/ads/library/?q=Botanical%20Voyage&type=all,,,,,,"The focus Botanical Voyage puts on clean, effective formulas is exactly what customers need."
Brawny Bear Nutrition,brawnybear.com,https://brawnybear.com,Contact,Owner,Brawny Bear Nutrition,contact@brawnybear.com,,Health & Supplements,100% Confirmed Real,Valid (Google Workspace),Not Configured,None,No,https://www.facebook.com/ads/library/?q=Brawny%20Bear%20Nutrition&type=all,https://www.instagram.com/brawnybearnutrition,https://www.facebook.com/brawnybearnutrition,,,https://www.linkedin.com/company/brawny-bear-nutrition,"The focus Brawny Bear Nutrition puts on clean, effective formulas is exactly what customers need."
Brenda's Botanicals Taos,brendasbotanicalstaos.com,https://brendasbotanicalstaos.com,Brendasbotanicalstaos,Owner,"Brenda&#39;s Botanicals | Taos NM
 &ndash; Brenda&#39;s Botanicals Taos",brendasbotanicalstaos@gmail.com,,Health & Supplements,100% Confirmed Real,Valid (Google Workspace),Configured (v=DMARC1),Configured,No,https://www.facebook.com/ads/library/?q=Brenda%27s%20Botanicals%20Taos&type=all,https://www.instagram.com/brendasbotanicalstaos_,https://www.facebook.com/brenda.archuleta.315,,,,"The focus Brenda's Botanicals Taos puts on clean, effective formulas is exactly what customers need."
Calma Verde Botanicals LLC,calmaverdebotanicals.com,https://calmaverdebotanicals.com,Info,Owner,Calma Verde Botanicals LLC,info@calmaverdebotanicals.com,,Health & Supplements,100% Confirmed Real,Valid (Microsoft 365),Configured (v=DMARC1),Configured,No,https://www.facebook.com/ads/library/?q=Calma%20Verde%20Botanicals%20LLC&type=all,,,,,,"The focus Calma Verde Botanicals LLC puts on clean, effective formulas is exactly what customers need."
Chill Bunny Wellness,chillbunny.com,https://chillbunny.com,Hello,Owner,American Express,hello@chillbunny.com,hello@chillbunny.com.au,Health & Supplements,100% Confirmed Real,Valid (Google Workspace),Configured (v=DMARC1),Configured,No,https://www.facebook.com/ads/library/?q=Chill%20Bunny%20Wellness&type=all,https://www.instagram.com/chillbunny_wellness,https://www.facebook.com/profile.php,https://www.tiktok.com/@chillbunnyco,https://x.com/ChillBunny_,,"The focus Chill Bunny Wellness puts on clean, effective formulas is exactly what customers need."
Dancing Moon Herbals,dancingmoonherbals.com,https://dancingmoonherbals.com,Dancingmoonherbals,Owner,Dancing Moon Herbals,dancingmoonherbals@gmail.com,,Health & Supplements,100% Confirmed Real,Valid (Google Workspace),Configured (v=DMARC1),Configured,No,https://www.facebook.com/ads/library/?q=Dancing%20Moon%20Herbals&type=all,,https://www.facebook.com/tr,,,,"The focus Dancing Moon Herbals puts on clean, effective formulas is exactly what customers need."
Dense Nutrition,densenutrition.com,https://densenutrition.com,Info,Owner,American Express,info@densenutrition.eu,,Health & Supplements,100% Confirmed Real,Valid (Host MX),Configured (v=DMARC1),Configured,No,https://www.facebook.com/ads/library/?q=Dense%20Nutrition&type=all,https://www.instagram.com/densenutrition.eu,,https://www.tiktok.com/@densenutrition.com,,,"The focus Dense Nutrition puts on clean, effective formulas is exactly what customers need."
dhathriayurveda.in,dhathriayurveda.in,https://dhathriayurveda.in,Care,Owner,Founder / Owner @ dhathriayurveda.in,care@dhathri.com,,Health & Supplements,100% Confirmed Real,Valid (Microsoft 365),Configured (v=DMARC1),Configured,No,https://www.facebook.com/ads/library/?q=dhathriayurveda.in&type=all,https://www.instagram.com/dhathri.ayurveda,https://www.facebook.com/DhathriAyurveda,,,,"The focus dhathriayurveda.in puts on clean, effective formulas is exactly what customers need."
Dr. Monaco's Natural Remedy,doctormonaco.com,https://doctormonaco.com,Wholesale,Owner,Dr. Monaco&#39;s Natural Remedy,wholesale@doctormonaco.com,info@doctormonaco.com,Health & Supplements,100% Confirmed Real,Valid (Host MX),Not Configured,None,No,https://www.facebook.com/ads/library/?q=Dr.%20Monaco%27s%20Natural%20Remedy&type=all,https://www.instagram.com/drmonacowellness,https://www.facebook.com/DoctorMonaco,,https://x.com/DoctorMonaco,,"The focus Dr. Monaco's Natural Remedy puts on clean, effective formulas is exactly what customers need."
Dr Lewis Nutrition®,drlewisnutrition.com,https://drlewisnutrition.com,John,Owner,Dr Lewis Nutrition® | Brain health supplement. Plant-based.,john@drlewisnutrition.com,"ecom-swiper@11.css, ecom-swiper@11.0.5.js",Health & Supplements,100% Confirmed Real,Valid (Microsoft 365),Not Configured,Configured,No,https://www.facebook.com/ads/library/?q=Dr%20Lewis%20Nutrition%C2%AE&type=all,https://www.instagram.com/drlewisnutrition,https://www.facebook.com/people,https://www.tiktok.com/@dailybraincare,https://x.com/DrJohnELewis1,,"The focus Dr Lewis Nutrition® puts on clean, effective formulas is exactly what customers need."
Dr. Wellness,drwellness.uk,https://drwellness.uk,Info,Owner,Dr. Wellness | UK’s Health &amp; Wellness Brand,info@drwellness.uk,,Health & Supplements,100% Confirmed Real,Valid (Host MX),Configured (v=DMARC1),Configured,No,https://www.facebook.com/ads/library/?q=Dr.%20Wellness&type=all,https://www.instagram.com/drwellness.uk,https://www.facebook.com/profile.php,,,,"The focus Dr. Wellness puts on clean, effective formulas is exactly what customers need."
Earth Elements Organics,earthelementsorganics.net,https://earthelementsorganics.net,Customer,Owner,Buy Organic Medicinal Oil | Organic Herbal Blends | Medicinal Balms,customer@earthelementsorganics.com,sales@earthelementsorganics.com,Health & Supplements,100% Confirmed Real,Valid (Host MX),Configured (v=DMARC1),Configured,No,https://www.facebook.com/ads/library/?q=Earth%20Elements%20Organics&type=all,https://www.instagram.com/eeorganics,https://www.facebook.com/EarthElementsOrganics,,https://x.com/EeoJana,https://www.linkedin.com/company/earth-elements-organics,"The focus Earth Elements Organics puts on clean, effective formulas is exactly what customers need."
Earthstar Botanicals,earthstarbotanicals.com,https://earthstarbotanicals.com,Contact,Owner,Earthstar Botanicals,contact@earthstarbotanicals.com,,Health & Supplements,98% Confirmed Real,Valid (Host MX),Not Configured,Configured,No,https://www.facebook.com/ads/library/?q=Earthstar%20Botanicals&type=all,https://www.instagram.com/earthstarbotanicals,,,,,"The focus Earthstar Botanicals puts on clean, effective formulas is exactly what customers need."
Eco Lifestyle Fitness Malaysia,ecolifestyleasean.com,https://ecolifestyleasean.com,Info,Owner,"Eco Lifestyle Fitness Asean
 &ndash; Eco Lifestyle Fitness ASEAN",info@ecolifestyleasean.com,thai@ecolifestyleasean.com,Health & Supplements,100% Confirmed Real,Valid (Google Workspace),Not Configured,Configured,No,https://www.facebook.com/ads/library/?q=Eco%20Lifestyle%20Fitness%20Malaysia&type=all,https://www.instagram.com/ecolifestylemedhealth,,,,,"The focus Eco Lifestyle Fitness Malaysia puts on clean, effective formulas is exactly what customers need."
Elite Wellness Pinnacle,elitewellnesspinnacle.com,https://elitewellnesspinnacle.com,Info,Owner,Elite Wellness Pinnacle,info@elitewellnesspinnacle.com,,Health & Supplements,100% Confirmed Real,Valid (Google Workspace),Not Configured,Configured,No,https://www.facebook.com/ads/library/?q=Elite%20Wellness%20Pinnacle&type=all,,,,,,"The focus Elite Wellness Pinnacle puts on clean, effective formulas is exactly what customers need."
Essential Wellness,essentialwellness.co.uk,https://essentialwellness.co.uk,Support,Owner,Essential Wellness | Physiotherapist Approved Supports,support@essentialwellness.co.uk,,Health & Supplements,100% Confirmed Real,Valid (Google Workspace),Not Configured,Configured,No,https://www.facebook.com/ads/library/?q=Essential%20Wellness&type=all,,https://www.facebook.com/essentialwellnessglobal,,https://x.com/change_awaits,,"The focus Essential Wellness puts on clean, effective formulas is exactly what customers need."
euphoricgreens.in,euphoricgreens.in,https://euphoricgreens.in,Euphoricgreens01,Owner,"Rare Organic Heirloom and native varieties.
 &ndash; Euphoricgreens",euphoricgreens01@gmail.com,,Health & Supplements,100% Confirmed Real,Valid (Google Workspace),Configured (v=DMARC1),Configured,No,https://www.facebook.com/ads/library/?q=euphoricgreens.in&type=all,https://www.instagram.com/euphoricgreens,https://www.facebook.com/profile.php,,,,"The focus euphoricgreens.in puts on clean, effective formulas is exactly what customers need."
1000Supplements.,1000supplements.com,https://1000supplements.com,Ba,Shops02,1000Supplements.,ba.shops02@gmail.com,,Health & Supplements,68% Confirmed Real,Valid (Google Workspace),Configured (v=DMARC1),Configured,No,https://www.facebook.com/ads/library/?q=1000Supplements.&type=all,https://www.instagram.com/1000supplement,https://www.facebook.com/profile.php,,https://x.com/1000Supplements,,"The focus 1000Supplements. puts on clean, effective formulas is exactly what customers need."
1st Step ProWellness,1ststepprowellness.com,https://1ststepprowellness.com,Jfish,Owner,1st Step ProWellness - Pure Liquid Vitamins,jfish@highperformancefitness.com,egardner@highperformancefitness.com,Health & Supplements,68% Confirmed Real,Valid (Google Workspace),Configured (v=DMARC1),Configured,No,https://www.facebook.com/ads/library/?q=1st%20Step%20ProWellness&type=all,https://www.instagram.com/1ststepprowellness,https://www.facebook.com/1stStepProWellness,,,,"The focus 1st Step ProWellness puts on clean, effective formulas is exactly what customers need."
2ND HAND FITNESS,2ndhandfitness.com.au,https://2ndhandfitness.com.au,Sales,Owner,Second Hand Gym Equipment,sales@2ndhandfitness.com.au,,Health & Supplements,100% Confirmed Real,Valid (Microsoft 365),Configured (v=DMARC1),Configured,No,https://www.facebook.com/ads/library/?q=2ND%20HAND%20FITNESS&type=all,https://www.instagram.com/2ndhandfitness,https://www.facebook.com/2ndHandFitness,https://www.tiktok.com/@2ndhandfitness,,,"The focus 2ND HAND FITNESS puts on clean, effective formulas is exactly what customers need."
715 Fitness,715fitness.com,https://715fitness.com,Shop715fitness,Owner,Relentless Hustle – 715 Fitness,shop715fitness@gmail.com,,Health & Supplements,100% Confirmed Real,Valid (Google Workspace),Configured (v=DMARC1),Configured,No,https://www.facebook.com/ads/library/?q=715%20Fitness&type=all,,,,,,"The focus 715 Fitness puts on clean, effective formulas is exactly what customers need."
7to9greenstore.com,7to9greenstore.com,https://7to9greenstore.com,7to9onlinestore,Owner,"7to9 Green Store
 &ndash; 7to9 Greenstore",7to9onlinestore@gmail.com,,Health & Supplements,100% Confirmed Real,Valid (Google Workspace),Configured (v=DMARC1),Configured,No,https://www.facebook.com/ads/library/?q=7to9greenstore.com&type=all,https://www.instagram.com/7to9greenstore,,,,,"The focus 7to9greenstore.com puts on clean, effective formulas is exactly what customers need."
Abba Vitamins,abbavitamins.com,https://abbavitamins.com,Empower,Owner,Abba Vitamins,empower@abbavitamins.com,,Health & Supplements,100% Confirmed Real,Valid (Google Workspace),Not Configured,Configured,No,https://www.facebook.com/ads/library/?q=Abba%20Vitamins&type=all,https://www.instagram.com/abbagummies,https://www.facebook.com/people,,,,"The focus Abba Vitamins puts on clean, effective formulas is exactly what customers need."
La Maison Abby,abbysleep.com,https://abbysleep.com,Service,Owner,Abby Sleep &ndash; La Maison Abby,service@abbysleep.com,,Health & Supplements,100% Confirmed Real,Valid (Microsoft 365),Not Configured,Configured,No,https://www.facebook.com/ads/library/?q=La%20Maison%20Abby&type=all,https://www.instagram.com/abbysleep,https://www.facebook.com/profile.php,,,,"The focus La Maison Abby puts on clean, effective formulas is exactly what customers need."
A Botanical Blessing,abotanicalblessing.com,https://abotanicalblessing.com,Abotanicalblessing,Owner,Curated Houseplants &amp; Plant Styling | A Botanical Blessing,abotanicalblessing@gmail.com,,Health & Supplements,100% Confirmed Real,Valid (Google Workspace),Configured (v=DMARC1),Configured,No,https://www.facebook.com/ads/library/?q=A%20Botanical%20Blessing&type=all,,,,,,"The focus A Botanical Blessing puts on clean, effective formulas is exactly what customers need."
Active Ayurvedic Life,activeayurvediclife.in,https://activeayurvediclife.in,Info,Owner,Active Ayurvedic Life,info@activeayurvediclife.com,,Health & Supplements,100% Confirmed Real,Valid (Host MX),Configured (v=DMARC1),Configured,No,https://www.facebook.com/ads/library/?q=Active%20Ayurvedic%20Life&type=all,,https://www.facebook.com/tr,,,,"The focus Active Ayurvedic Life puts on clean, effective formulas is exactly what customers need."
adorganics.in,adorganics.in,https://adorganics.in,Admin,Owner,"Organic Food Store Nagpur | Ad Organics
 &ndash; adorganics.in",admin@adorganics.in,sales@adorganics.in,Health & Supplements,98% Confirmed Real,Valid (Zoho Mail),Not Configured,Configured,No,https://www.facebook.com/ads/library/?q=adorganics.in&type=all,https://www.instagram.com/adorganics.in,https://www.facebook.com/profile.php,,,,"The focus adorganics.in puts on clean, effective formulas is exactly what customers need."
Agitate Fitness,agitatefitness.com.au,https://agitatefitness.com.au,Admin,Owner,Agitate Fitness | Supplements &amp; Apparel for Over 30s,admin@agitatefitness.com.au,,Health & Supplements,100% Confirmed Real,Valid (Microsoft 365),Configured (v=DMARC1),Configured,No,https://www.facebook.com/ads/library/?q=Agitate%20Fitness&type=all,https://www.instagram.com/agitatefitnessau,https://www.facebook.com/AgitateFitnessAustralia,,,,"The focus Agitate Fitness puts on clean, effective formulas is exactly what customers need."
Aktiv Fitness Store,aktivfitstore.com,https://aktivfitstore.com,Aktivfit7,Owner,Aktiv Fitness Store,aktivfit7@gmail.com,,Health & Supplements,68% Confirmed Real,Valid (Google Workspace),Configured (v=DMARC1),Configured,No,https://www.facebook.com/ads/library/?q=Aktiv%20Fitness%20Store&type=all,,,,,,"The focus Aktiv Fitness Store puts on clean, effective formulas is exactly what customers need."
Alugutter,alugutter.co.uk,https://alugutter.co.uk,Enquiries,Owner,"UK Aluminium Guttering, Fascia &amp; Wall Copings | Alugutter",enquiries@alugutter.co.uk,,Health & Supplements,100% Confirmed Real,Valid (Microsoft 365),Configured (v=DMARC1),Configured,No,https://www.facebook.com/ads/library/?q=Alugutter&type=all,https://www.instagram.com/alugutter.uk,https://www.facebook.com/alugutterbedford,,https://x.com/alugutter,https://www.linkedin.com/company/alugutter,"The focus Alugutter puts on clean, effective formulas is exactly what customers need."
Amacx Sports Nutrition - Canada,amacx.ca,https://amacx.ca,Info,Owner,American Express,info@amacx.ca,info@amacx.com,Health & Supplements,100% Confirmed Real,Valid (Host MX),Configured (v=DMARC1),Configured,No,https://www.facebook.com/ads/library/?q=Amacx%20Sports%20Nutrition%20-%20Canada&type=all,https://www.instagram.com/amacxsportsnutrition,https://www.facebook.com/Amacxsportsnutrition,https://www.tiktok.com/@amacxsportsnutrition,,https://www.linkedin.com/company/77642946,"The focus Amacx Sports Nutrition - Canada puts on clean, effective formulas is exactly what customers need."
amanherbals.com,amanherbals.com,https://amanherbals.com,Collabs,Amanherbals,Founder / Owner @ amanherbals.com,collabs.amanherbals@gmail.com,"sales@amanherbals.com, amanherbals16@gmail.com",Health & Supplements,100% Confirmed Real,Valid (Google Workspace),Configured (v=DMARC1),Configured,No,https://www.facebook.com/ads/library/?q=amanherbals.com&type=all,https://www.instagram.com/aman_herbals_,https://www.facebook.com/people,,,,"The focus amanherbals.com puts on clean, effective formulas is exactly what customers need."
Redi Supplements,alwaysredi.com,https://alwaysredi.com,Info,Owner,Redi Supplements,info@redisupps.com,,Health & Supplements,100% Confirmed Real,Valid (Google Workspace),Configured (v=DMARC1),None,No,https://www.facebook.com/ads/library/?q=Redi%20Supplements&type=all,https://www.instagram.com/alwaysredisupps,,,,,"The focus Redi Supplements puts on clean, effective formulas is exactly what customers need."
Ancestral Pet Supplements,ancestralpetsupplements.co.uk,https://ancestralpetsupplements.co.uk,Info,Owner,Ancestral Pet Supplements | Your Pet&#39;s Health Healing Aligned,info@ancestralpetsupplements.co.uk,,Health & Supplements,100% Confirmed Real,Valid (Host MX),Configured (v=DMARC1),Configured,No,https://www.facebook.com/ads/library/?q=Ancestral%20Pet%20Supplements&type=all,https://www.instagram.com/ancestralpetsupplements,https://www.facebook.com/profile.php,https://www.tiktok.com/@ancestralpetsupplements,,,"The focus Ancestral Pet Supplements puts on clean, effective formulas is exactly what customers need."
Annie's Organic Farm,anniesfarmtipperary.ie,https://anniesfarmtipperary.ie,Anniesfarmcashel,Owner,"Annie&#39;s Organic Farm Tipperary - Quality Salads, Herbs &amp; Vegetables",anniesfarmcashel@gmail.com,,Health & Supplements,68% Confirmed Real,Valid (Google Workspace),Configured (v=DMARC1),Configured,No,https://www.facebook.com/ads/library/?q=Annie%27s%20Organic%20Farm&type=all,https://www.instagram.com/anniesfarmtipperary,https://www.facebook.com/AnniesFarmTipperary,,https://x.com/annies_farm,,"The focus Annie's Organic Farm puts on clean, effective formulas is exactly what customers need."
Arfitness,arfitnessbr.com.br,https://arfitnessbr.com.br,Arfitnesssuporte,Owner,Arfitness,arfitnesssuporte@gmail.com,,Health & Supplements,68% Confirmed Real,Valid (Google Workspace),Configured (v=DMARC1),Configured,No,https://www.facebook.com/ads/library/?q=Arfitness&type=all,https://www.instagram.com/arfitnnes,,,,,"The focus Arfitness puts on clean, effective formulas is exactly what customers need."
Avoirr Herbal Health,avoirrhealth.com,https://avoirrhealth.com,Avoirrhealth,Owner,Avoirr Herbal Health,avoirrhealth@gmail.com,,Health & Supplements,100% Confirmed Real,Valid (Google Workspace),Configured (v=DMARC1),Configured,No,https://www.facebook.com/ads/library/?q=Avoirr%20Herbal%20Health&type=all,,,,,,"The focus Avoirr Herbal Health puts on clean, effective formulas is exactly what customers need."
awsumsnacks,awsumorganics.com,https://awsumorganics.com,Orders,Owner,"USDA Organic SNACKS, CEREAL, BABY PUFFS | AWSUMSNACKS&ndash; awsumsnacks",orders@awsumorganics.com,,Health & Supplements,100% Confirmed Real,Valid (Google Workspace),Not Configured,Configured,No,https://www.facebook.com/ads/library/?q=awsumsnacks&type=all,https://www.instagram.com/awsumsnacks,https://www.facebook.com/awsumsnacks,https://www.tiktok.com/@awsumsnacks8,https://x.com/awsumsnacks,,"The focus awsumsnacks puts on clean, effective formulas is exactly what customers need."
Ayurveda Hub,ayurvedahub.in,https://ayurvedahub.in,Support,Owner,"Best Ayurvedic Products for Skin, Hair &amp; Wellness | Ayurveda Hub",support@ayurvedahub.in,,Health & Supplements,100% Confirmed Real,Valid (Google Workspace),Not Configured,Configured,No,https://www.facebook.com/ads/library/?q=Ayurveda%20Hub&type=all,https://www.instagram.com/ayurveda_hub_official,https://www.facebook.com/ayurvedahub01,,,,"The focus Ayurveda Hub puts on clean, effective formulas is exactly what customers need."
BaffinCo Organic,baffinco.com,https://baffinco.com,Sales,Owner,American Express,sales@baffinco.com,,Health & Supplements,100% Confirmed Real,Valid (Host MX),Configured (v=DMARC1),None,No,https://www.facebook.com/ads/library/?q=BaffinCo%20Organic&type=all,https://www.instagram.com/getBaffinco,https://www.facebook.com/getBaffinco,,,,"The focus BaffinCo Organic puts on clean, effective formulas is exactly what customers need."
Belle Mere Fitness,bellemerefitness.com,https://bellemerefitness.com,Kalabc,Owner,Texas Built Barbells. Real Strength | Belle Mere Fitness,kalabc@bellemerefitness.com,bellemerefabrications@gmail.com,Health & Supplements,100% Confirmed Real,Valid (Host MX),Configured (v=DMARC1),Configured,No,https://www.facebook.com/ads/library/?q=Belle%20Mere%20Fitness&type=all,https://www.instagram.com/bellemerefitness,,https://www.tiktok.com/@BelleMereFitness,https://x.com/BelleMereFitness,,"The focus Belle Mere Fitness puts on clean, effective formulas is exactly what customers need."
Berlin Botanicals,berlin-botanicals.com,https://berlin-botanicals.com,Info,Owner,Berlin Botanicals | Bio Pflanzenhaarfarbe &amp; Naturkosmetik,info@berlin-botanicals.com,,Health & Supplements,100% Confirmed Real,Valid (Google Workspace),Configured (v=DMARC1),Configured,No,https://www.facebook.com/ads/library/?q=Berlin%20Botanicals&type=all,https://www.instagram.com/shopify,https://www.facebook.com/shopify,,,,"The focus Berlin Botanicals puts on clean, effective formulas is exactly what customers need."
Big Green Organic Food,biggreenorganic.com,https://biggreenorganic.com,Hello,Owner,Big Green Organic Food | Online Organic Store,hello@biggreenorganic.com,,Health & Supplements,100% Confirmed Real,Valid (Google Workspace),Not Configured,Configured,No,https://www.facebook.com/ads/library/?q=Big%20Green%20Organic%20Food&type=all,https://www.instagram.com/bgofood,,,,,"The focus Big Green Organic Food puts on clean, effective formulas is exactly what customers need."
Blue Collar Nutrition,blue-collarnutrition.com,https://blue-collarnutrition.com,Info,Owner,Blue Collar Nutrition,info@blue-collarnutrition.com,,Health & Supplements,100% Confirmed Real,Valid (Google Workspace),Configured (v=DMARC1),None,No,https://www.facebook.com/ads/library/?q=Blue%20Collar%20Nutrition&type=all,,,,,,"The focus Blue Collar Nutrition puts on clean, effective formulas is exactly what customers need."
bodyandfitness.com,bodyandfitness.com,https://bodyandfitness.com,Bodyandfitnessgroup,Owner,https://bodyandfitness.com/ | Bodyandfitness.com,bodyandfitnessgroup@gmail.com,,Health & Supplements,100% Confirmed Real,Valid (Google Workspace),Configured (v=DMARC1),Configured,No,https://www.facebook.com/ads/library/?q=bodyandfitness.com&type=all,https://www.instagram.com/bodyandfitnessgroup,https://www.facebook.com/bodyandfitnessgroup,,,,"The focus bodyandfitness.com puts on clean, effective formulas is exactly what customers need."
Bonsai Botanicals,bonsaibotanicals.com,https://bonsaibotanicals.com,Info,Owner,Bonsai Botanicals | Premium Japanese Bonsai Soil &amp; Substrates,info@bonsaibotanicals.com,,Health & Supplements,100% Confirmed Real,Valid (Google Workspace),Configured (v=DMARC1),Configured,No,https://www.facebook.com/ads/library/?q=Bonsai%20Botanicals&type=all,,https://www.facebook.com/bonsaibotanicals,,,,"The focus Bonsai Botanicals puts on clean, effective formulas is exactly what customers need."
Botanicts - Organic Extracts & Growth Fusions,botanicts.com,https://botanicts.com,Support,Owner,ionicons-v5-f,support@botanicts.com,,Health & Supplements,98% Confirmed Real,Valid (Host MX),Not Configured,Configured,No,https://www.facebook.com/ads/library/?q=Botanicts%20-%20Organic%20Extracts%20%26%20Growth%20Fusions&type=all,https://www.instagram.com/botanicts_,,,,,"The focus Botanicts - Organic Extracts & Growth Fusions puts on clean, effective formulas is exactly what customers need."
Botanical Wear,botanicalwear.com,https://botanicalwear.com,Info,Owner,Botanical Wear,info@botanicalwear.com,,Health & Supplements,100% Confirmed Real,Valid (Google Workspace),Configured (v=DMARC1),None,No,https://www.facebook.com/ads/library/?q=Botanical%20Wear&type=all,,https://www.facebook.com/profile.php,,,,"The focus Botanical Wear puts on clean, effective formulas is exactly what customers need."
BRBFITNESS,brbfitness.com,https://brbfitness.com,Admin,Owner,BRBFITNESS,admin@brbfitness.com,,Health & Supplements,100% Confirmed Real,Valid (Host MX),Configured (v=DMARC1),Configured,No,https://www.facebook.com/ads/library/?q=BRBFITNESS&type=all,,,,,,"The focus BRBFITNESS puts on clean, effective formulas is exactly what customers need."
Breathe Organics,breatheorganics.ae,https://breatheorganics.ae,Info,Owner,Breathe Organics,info@breatheorganics.ae,,Health & Supplements,100% Confirmed Real,Valid (Host MX),Not Configured,Configured,No,https://www.facebook.com/ads/library/?q=Breathe%20Organics&type=all,,https://www.facebook.com/people,,,,"The focus Breathe Organics puts on clean, effective formulas is exactly what customers need."
"British Vita | Premium Vitamins, Natural Supplements & Melatonin in UK",britishvita.co.uk,https://britishvita.co.uk,Britishvita,Uk,"British Vita | Premium Vitamins, Natural Supplements &amp; Melatonin in UK",britishvita.uk@gmail.com,,Health & Supplements,100% Confirmed Real,Valid (Google Workspace),Configured (v=DMARC1),Configured,No,https://www.facebook.com/ads/library/?q=British%20Vita%20%7C%20Premium%20Vitamins%2C%20Natural%20Supplements%20%26%20Melatonin%20in%20UK&type=all,,,,,,"The focus British Vita | Premium Vitamins, Natural Supplements & Melatonin in UK puts on clean, effective formulas is exactly what customers need."
Busy Beans Organic,busybeansfoods.com,https://busybeansfoods.com,Info,Owner,Busy Beans &ndash; Busy Beans Organic,info@busybeansfoods.com,,Health & Supplements,100% Confirmed Real,Valid (Google Workspace),Configured (v=DMARC1),Configured,No,https://www.facebook.com/ads/library/?q=Busy%20Beans%20Organic&type=all,https://www.instagram.com/busybeansorganic,https://www.facebook.com/busybeansorganic,,,,"The focus Busy Beans Organic puts on clean, effective formulas is exactly what customers need."
Celf Love Organics,celfloveorganics.com,https://celfloveorganics.com,Celfloveorganics,Owner,Celf Love Organics,celfloveorganics@gmail.com,,Health & Supplements,100% Confirmed Real,Valid (Google Workspace),Configured (v=DMARC1),Configured,No,https://www.facebook.com/ads/library/?q=Celf%20Love%20Organics&type=all,https://www.instagram.com/celfloveorganics,https://www.facebook.com/profile.php,https://www.tiktok.com/@celfloveorganics,https://x.com/celfloveorganic,,"The focus Celf Love Organics puts on clean, effective formulas is exactly what customers need."
The Perfect Sleep Chair,checkout.perfectsleepchair.com,https://checkout.perfectsleepchair.com,Sleepchairsupport,Owner,Founder / Owner @ The Perfect Sleep Chair,sleepchairsupport@journeyhl.com,,Health & Supplements,100% Confirmed Real,Valid (Microsoft 365),Configured (v=DMARC1),Configured,No,https://www.facebook.com/ads/library/?q=The%20Perfect%20Sleep%20Chair&type=all,,,,,,"The focus The Perfect Sleep Chair puts on clean, effective formulas is exactly what customers need."
Cheezheng Himalaya Tibetan Herbal Health Products,cheezhenghimalaya.com,https://cheezhenghimalaya.com,Info,Owner,Founder / Owner @ Cheezheng Himalaya Tibetan Herbal Health Products,info@himalayamed.com,,Health & Supplements,88% Confirmed Real,Valid (Google Workspace),Not Configured,Configured,No,https://www.facebook.com/ads/library/?q=Cheezheng%20Himalaya%20Tibetan%20Herbal%20Health%20Products&type=all,https://www.instagram.com/goldenhimalaya_pain_relieve,https://www.facebook.com/profile.php,,,,"The focus Cheezheng Himalaya Tibetan Herbal Health Products puts on clean, effective formulas is exactly what customers need."
Commit 2 U Fitness,commit2ufitness.com,https://commit2ufitness.com,Valeriew1606,Owner,Best Collection of Fitness Equipment&#39;s | Commit 2u Fitnes,valeriew1606@gmail.com,,Health & Supplements,68% Confirmed Real,Valid (Google Workspace),Configured (v=DMARC1),Configured,No,https://www.facebook.com/ads/library/?q=Commit%202%20U%20Fitness&type=all,,,,,,"The focus Commit 2 U Fitness puts on clean, effective formulas is exactly what customers need."
CPENAX NUTRITION,cpenaxnutrition.com,https://cpenaxnutrition.com,Support,Owner,CPENAX NUTRITION,support@cpenaxnutrition.com,,Health & Supplements,100% Confirmed Real,Valid (Host MX),Configured (v=DMARC1),Configured,No,https://www.facebook.com/ads/library/?q=CPENAX%20NUTRITION&type=all,https://www.instagram.com/cpenaxnutrition,,https://www.tiktok.com/@cpenaxnutrition,https://x.com/cpenaxnutrition,,"The focus CPENAX NUTRITION puts on clean, effective formulas is exactly what customers need."
D1 Performance and Nutrition,d1performanceandnutrition.com,https://d1performanceandnutrition.com,Info,Owner,"Fitness and Nutrition
 &ndash; D1 Performance and Nutrition",info@d1performanceandnutrition.com,,Health & Supplements,100% Confirmed Real,Valid (Host MX),Configured (v=DMARC1),Configured,No,https://www.facebook.com/ads/library/?q=D1%20Performance%20and%20Nutrition&type=all,https://www.instagram.com/d1performanceandnutrition,https://www.facebook.com/D1PerformanceandNutrition,,,,"The focus D1 Performance and Nutrition puts on clean, effective formulas is exactly what customers need."
Dee-Anso Organic Shea Butter,dee-ansosheabutter.com,https://dee-ansosheabutter.com,Info,Owner,Amazon,info@dee-ansosheabutter.com,,Health & Supplements,100% Confirmed Real,Valid (Host MX),Configured (v=DMARC1),Configured,No,https://www.facebook.com/ads/library/?q=Dee-Anso%20Organic%20Shea%20Butter&type=all,https://www.instagram.com/dee_anso_sheabutter,https://www.facebook.com/deeansosheabutter,,,,"The focus Dee-Anso Organic Shea Butter puts on clean, effective formulas is exactly what customers need."
Dog Bear Wellness,dogbearwellness.com,https://dogbearwellness.com,Support,Owner,Dog Bear Wellness — Handmade &amp; Curated Wellness Goods for Your Home,support@dogbearwellness.com,support@dogbearwellness.com.we,Health & Supplements,100% Confirmed Real,Valid (Host MX),Configured (v=DMARC1),Configured,No,https://www.facebook.com/ads/library/?q=Dog%20Bear%20Wellness&type=all,https://www.instagram.com/dogbearwellness,https://www.facebook.com/dogbearwellness,https://www.tiktok.com/@dogbearwellness,,,"The focus Dog Bear Wellness puts on clean, effective formulas is exactly what customers need."
DreamSleepz DK,dreamsleepz.dk,https://dreamsleepz.dk,Hello,Owner,DreamSleepz DK,hello@dreamsleepz.com,,Health & Supplements,100% Confirmed Real,Valid (Microsoft 365),Configured (v=DMARC1),Configured,No,https://www.facebook.com/ads/library/?q=DreamSleepz%20DK&type=all,,,,,,"The focus DreamSleepz DK puts on clean, effective formulas is exactly what customers need."
DreamCatcherOrganics,dreamcatcherorganics.com,https://dreamcatcherorganics.com,Hello,Owner,American Express,hello@dreamcatcherorganics.com,,Health & Supplements,100% Confirmed Real,Valid (Google Workspace),Not Configured,None,No,https://www.facebook.com/ads/library/?q=DreamCatcherOrganics&type=all,,,,,,"The focus DreamCatcherOrganics puts on clean, effective formulas is exactly what customers need."
Dr Herbalist,drherbalist.online,https://drherbalist.online,Ndrherbalist34,Owner,Dr Herbalist,ndrherbalist34@gmail.com,,Health & Supplements,100% Confirmed Real,Valid (Google Workspace),Configured (v=DMARC1),Configured,No,https://www.facebook.com/ads/library/?q=Dr%20Herbalist&type=all,,https://www.facebook.com/profile.php,,,,"The focus Dr Herbalist puts on clean, effective formulas is exactly what customers need."
Dr Handa IN,drhandaayurveda.in,https://drhandaayurveda.in,Ishhandapl,Owner,Founder / Owner @ Dr Handa IN,ishhandapl@gmail.com,,Health & Supplements,68% Confirmed Real,Valid (Google Workspace),Configured (v=DMARC1),Configured,No,https://www.facebook.com/ads/library/?q=Dr%20Handa%20IN&type=all,,,,,,"The focus Dr Handa IN puts on clean, effective formulas is exactly what customers need."
dritheherbalguy.com,dritheherbalguy.com,https://dritheherbalguy.com,Support,Owner,"Natures Diet with Dr. Iverson
&ndash; Dr. I The Herbal Guy . com",support@dritheherbalguy.com,,Health & Supplements,100% Confirmed Real,Valid (Host MX),Configured (v=DMARC1),Configured,No,https://www.facebook.com/ads/library/?q=dritheherbalguy.com&type=all,https://www.instagram.com/drandrewiverson,https://www.facebook.com/DrAndrewIverson,,https://x.com/DrAndrewIverson,,"The focus dritheherbalguy.com puts on clean, effective formulas is exactly what customers need."
Eat Your Greens Organic Farm,eatyourgreensorganicfarm.com,https://eatyourgreensorganicfarm.com,Eatyourgreensorganicfarm,Owner,Eat Your Greens! Organic Farm | Microgreens Powder | Central Texas,eatyourgreensorganicfarm@gmail.com,,Health & Supplements,100% Confirmed Real,Valid (Google Workspace),Configured (v=DMARC1),Configured,No,https://www.facebook.com/ads/library/?q=Eat%20Your%20Greens%20Organic%20Farm&type=all,https://www.instagram.com/eatyourgreensorganicfarm,https://www.facebook.com/eatyourgreensorganicfarm,,,,"The focus Eat Your Greens Organic Farm puts on clean, effective formulas is exactly what customers need."
Earthquake Eddie Bee Superfoods,eebsf.com,https://eebsf.com,Info,Owner,Earthquake Eddie Bee Superfoods,info@eebsf.com,,Health & Supplements,100% Confirmed Real,Valid (Google Workspace),Not Configured,Configured,No,https://www.facebook.com/ads/library/?q=Earthquake%20Eddie%20Bee%20Superfoods&type=all,,,,,,"The focus Earthquake Eddie Bee Superfoods puts on clean, effective formulas is exactly what customers need."
ekin Nutrition Sioux Falls,ekinsd.com,https://ekinsd.com,Ekinnutritionsiouxfalls,Owner,ekin Nutrition Sioux Falls,ekinnutritionsiouxfalls@gmail.com,,Health & Supplements,100% Confirmed Real,Valid (Google Workspace),Configured (v=DMARC1),Configured,No,https://www.facebook.com/ads/library/?q=ekin%20Nutrition%20Sioux%20Falls&type=all,https://www.instagram.com/ekinnutrition_siouxfalls,https://www.facebook.com/ekin.siouxxfalls,,,,"The focus ekin Nutrition Sioux Falls puts on clean, effective formulas is exactly what customers need."
Elevate Organic,elevateorganic.com,https://elevateorganic.com,Support,Owner,Where Science Meets Soil — Elevate Organic,support@elevateorganic.com,,Health & Supplements,100% Confirmed Real,Valid (Microsoft 365),Configured (v=DMARC1),Configured,No,https://www.facebook.com/ads/library/?q=Elevate%20Organic&type=all,https://www.instagram.com/elevateorganicnutrition,https://www.facebook.com/elevateorganicnutrition,https://www.tiktok.com/@elevate_organic,,https://www.linkedin.com/company/elevate-organic,"The focus Elevate Organic puts on clean, effective formulas is exactly what customers need."
EP Nutrition,ep-nutrition.de,https://ep-nutrition.de,Info,Owner,EP Nutrition - Elite Performance Nutrition,info@ep-nutrition.de,,Health & Supplements,100% Confirmed Real,Valid (Host MX),Configured (v=DMARC1),Configured,No,https://www.facebook.com/ads/library/?q=EP%20Nutrition&type=all,https://www.instagram.com/epn_nutrition,https://www.facebook.com/profile.php,https://www.tiktok.com/@epn_nutrition,,,"The focus EP Nutrition puts on clean, effective formulas is exactly what customers need."
360gradfitness,360gradfitness.com,https://360gradfitness.com,Info,Owner,360GradFitness &ndash; 360gradfitness,info@360gradfitness.de,,Health & Supplements,100% Confirmed Real,Valid (Google Workspace),Configured (v=DMARC1),Configured,No,https://www.facebook.com/ads/library/?q=360gradfitness&type=all,https://www.instagram.com/360.gradfitness,,,,,"The focus 360gradfitness puts on clean, effective formulas is exactly what customers need."
A&A Luxury Fitness,aaluxuryfitness.com,https://aaluxuryfitness.com,Aaluxuryfitness,Owner,A&amp;A Luxury Fitness,aaluxuryfitness@gmail.com,info@aaluxuryfitness.com,Health & Supplements,100% Confirmed Real,Valid (Google Workspace),Configured (v=DMARC1),Configured,No,https://www.facebook.com/ads/library/?q=A%26A%20Luxury%20Fitness&type=all,,,,,,"The focus A&A Luxury Fitness puts on clean, effective formulas is exactly what customers need."
absnutrition.com,absnutrition.com,https://absnutrition.com,Info,Owner,Best High Quality Weight loss Products &ndash; Absolute Nutrition,info@absnutrition.com,,Health & Supplements,100% Confirmed Real,Valid (Host MX),Configured (v=DMARC1),Configured,No,https://www.facebook.com/ads/library/?q=absnutrition.com&type=all,,,,,,"The focus absnutrition.com puts on clean, effective formulas is exactly what customers need."
FLO Vitamins,account.flovitamins.com,https://account.flovitamins.com,Hello,Owner,PMS Relief &amp; Women&#39;s Self-Care Vitamins | FLO,hello@flovitamins.com,,Health & Supplements,100% Confirmed Real,Valid (Google Workspace),Configured (v=DMARC1),Configured,No,https://www.facebook.com/ads/library/?q=FLO%20Vitamins&type=all,https://www.instagram.com/flovitamins,https://www.facebook.com/flovitamins,,https://x.com/flovitamins,,"The focus FLO Vitamins puts on clean, effective formulas is exactly what customers need."
Actual Superfoods,actualsuperfoods.shop,https://actualsuperfoods.shop,Support,Owner,Un-Dutched High-Flavanol Cacao Powder | Actual Superfoods,support@actualsuperfoods.shop,jay@actualsuperfoods.shop,Health & Supplements,100% Confirmed Real,Valid (Google Workspace),Configured (v=DMARC1),None,No,https://www.facebook.com/ads/library/?q=Actual%20Superfoods&type=all,,,https://www.tiktok.com/@actualsuperfoods,,,"The focus Actual Superfoods puts on clean, effective formulas is exactly what customers need."
Age Ayurveda,ageayurveda.com,https://ageayurveda.com,Contact,Owner,Age Ayurveda,contact@ageayurveda.com,,Health & Supplements,100% Confirmed Real,Valid (Host MX),Configured (v=DMARC1),Configured,No,https://www.facebook.com/ads/library/?q=Age%20Ayurveda&type=all,https://www.instagram.com/age_ayurveda,https://www.facebook.com/ageayurveda,,,,"The focus Age Ayurveda puts on clean, effective formulas is exactly what customers need."
aladdinfitness.com,aladdinfitness.com,https://aladdinfitness.com,Contact,Owner,علاء الدين فتنس - المتجر الرياضي الأول في العراق,contact@aladdinfitness.com,,Health & Supplements,100% Confirmed Real,Valid (Zoho Mail),Configured (v=DMARC1),Configured,No,https://www.facebook.com/ads/library/?q=aladdinfitness.com&type=all,https://www.instagram.com/aladdin_fitness,https://www.facebook.com/Aladdinfitnes,https://www.tiktok.com/@aladdin_fitness,,,"The focus aladdinfitness.com puts on clean, effective formulas is exactly what customers need."
Alpha Wellness USA,alphawellnessusa.com,https://alphawellnessusa.com,Support,Owner,Alpha Wellness USA,support@alphawellnessusa.com,,Health & Supplements,100% Confirmed Real,Valid (Google Workspace),Not Configured,Configured,No,https://www.facebook.com/ads/library/?q=Alpha%20Wellness%20USA&type=all,,,,,,"The focus Alpha Wellness USA puts on clean, effective formulas is exactly what customers need."
Anna Organics Online,annaorganics.com,https://annaorganics.com,The,Annaorganics,"Anna Hypermart Online
 &ndash; Anna Organics Online",the.annaorganics@gmail.com,,Health & Supplements,100% Confirmed Real,Valid (Google Workspace),Configured (v=DMARC1),Configured,No,https://www.facebook.com/ads/library/?q=Anna%20Organics%20Online&type=all,https://www.instagram.com/anna_organics,https://www.facebook.com/annaorganics,,,,"The focus Anna Organics Online puts on clean, effective formulas is exactly what customers need."
Ansh Organic,anshorganic.com,https://anshorganic.com,Support,Owner,Ansh Organic,support@anshorganic.com,,Health & Supplements,100% Confirmed Real,Valid (Host MX),Configured (v=DMARC1),Configured,No,https://www.facebook.com/ads/library/?q=Ansh%20Organic&type=all,,,,,,"The focus Ansh Organic puts on clean, effective formulas is exactly what customers need."
Anura Nutrition,anuranutrition.in,https://anuranutrition.in,Anuranutrition,Owner,Anura Nutrition - Top Authentic Supplements Store,anuranutrition@gmail.com,,Health & Supplements,100% Confirmed Real,Valid (Google Workspace),Configured (v=DMARC1),Configured,No,https://www.facebook.com/ads/library/?q=Anura%20Nutrition&type=all,https://www.instagram.com/ragav_balu,,,,,"The focus Anura Nutrition puts on clean, effective formulas is exactly what customers need."
Anvve Organic Store,anvve.com,https://anvve.com,Contact,Owner,Anvve | Organic Grocery Store &amp; Delivery in Dubai,contact@anvve.com,,Health & Supplements,100% Confirmed Real,Valid (Microsoft 365),Not Configured,Configured,No,https://www.facebook.com/ads/library/?q=Anvve%20Organic%20Store&type=all,https://www.instagram.com/anvveorganic,,,,https://www.linkedin.com/company/anvveorganic,"The focus Anvve Organic Store puts on clean, effective formulas is exactly what customers need."
Apex Protein Snacks LLC,apexproteinsnacks.com,https://apexproteinsnacks.com,Support,Owner,Founder / Owner @ Apex Protein Snacks LLC,support@apexproteinsnacks.com,,Health & Supplements,100% Confirmed Real,Valid (Google Workspace),Configured (v=DMARC1),None,No,https://www.facebook.com/ads/library/?q=Apex%20Protein%20Snacks%20LLC&type=all,https://www.instagram.com/apexproteinsnacks,https://www.facebook.com/apexproteinsnacks,,https://x.com/apexprotein,,"The focus Apex Protein Snacks LLC puts on clean, effective formulas is exactly what customers need."
Apex Fitness Recovery,apexfitnessrecovery.com,https://apexfitnessrecovery.com,Support,Owner,Apex Fitness Recovery,support@apexfitnessrecovery.com,,Health & Supplements,100% Confirmed Real,Valid (Google Workspace),Configured (v=DMARC1),Configured,No,https://www.facebook.com/ads/library/?q=Apex%20Fitness%20Recovery&type=all,,,,,,"The focus Apex Fitness Recovery puts on clean, effective formulas is exactly what customers need."
Apex Nutrition,apexnutrition.ca,https://apexnutrition.ca,Customerservice,Owner,Herbs and Essential Oils in Canada - Organic and Premium Quality,customerservice@apexnutrition.ca,,Health & Supplements,100% Confirmed Real,Valid (Microsoft 365),Configured (v=DMARC1),Configured,No,https://www.facebook.com/ads/library/?q=Apex%20Nutrition&type=all,https://www.instagram.com/apexnutrition.canada,https://www.facebook.com/apexnutritioncan,,,,"The focus Apex Nutrition puts on clean, effective formulas is exactly what customers need."
ARTH Wellness,arth-wellness.com,https://arth-wellness.com,Info,Owner,"ARTH | Handcrafted Candles, Refillable Luxury
 &ndash; ARTH Wellness",info@arth-wellness.com,,Health & Supplements,100% Confirmed Real,Valid (Google Workspace),Not Configured,Configured,No,https://www.facebook.com/ads/library/?q=ARTH%20Wellness&type=all,https://www.instagram.com/arth_wellness,,,,,"The focus ARTH Wellness puts on clean, effective formulas is exactly what customers need."
ASIA Biotech,asiabiotechherbal.com,https://asiabiotechherbal.com,Asiabiotech,2012,ASIA Biotech,asiabiotech.2012@gmail.com,,Health & Supplements,100% Confirmed Real,Valid (Google Workspace),Configured (v=DMARC1),Configured,No,https://www.facebook.com/ads/library/?q=ASIA%20Biotech&type=all,,,,,,"The focus ASIA Biotech puts on clean, effective formulas is exactly what customers need."
XTR Nutrition,au.xtrnutrition.com,https://au.xtrnutrition.com,Sales,Owner,XTR Nutrition - Sports and Health Food Specialists.,sales@xtrnutrition.com,,Health & Supplements,100% Confirmed Real,Valid (Google Workspace),Configured (v=DMARC1),Configured,No,https://www.facebook.com/ads/library/?q=XTR%20Nutrition&type=all,,,,,,"The focus XTR Nutrition puts on clean, effective formulas is exactly what customers need."
Avalawellness,avalawellness.in,https://avalawellness.in,Info,Owner,Avalawellness,info@avalawellness.in,,Health & Supplements,100% Confirmed Real,Valid (Google Workspace),Not Configured,None,No,https://www.facebook.com/ads/library/?q=Avalawellness&type=all,,,,,,"The focus Avalawellness puts on clean, effective formulas is exactly what customers need."
Ayurvedist,ayurvedist.co,https://ayurvedist.co,Dee,Owner,"Ayurvedist | Organic Longevity Teas for Focus, Energy &amp; Gut Health",dee@ayurvedist.co,,Health & Supplements,100% Confirmed Real,Valid (Google Workspace),Configured (v=DMARC1),None,No,https://www.facebook.com/ads/library/?q=Ayurvedist&type=all,https://www.instagram.com/ayurvedist.co,https://www.facebook.com/profile.php,https://www.tiktok.com/@ayurvedist,,,"The focus Ayurvedist puts on clean, effective formulas is exactly what customers need."
Ayurvedant,ayurvedant.com,https://ayurvedant.com,Info,Owner,Ayurvedant,info@ayurvedant.com,+@foo.com,Health & Supplements,100% Confirmed Real,Valid (Host MX),Configured (v=DMARC1),Configured,No,https://www.facebook.com/ads/library/?q=Ayurvedant&type=all,https://www.instagram.com/ayurvedant_official,https://www.facebook.com/tr,,,https://www.linkedin.com/company/ayurvedantofficial,"The focus Ayurvedant puts on clean, effective formulas is exactly what customers need."
Babydeepsleep,babydeepsleep.com,https://babydeepsleep.com,Wecare,Owner,BABYDEEPSLEEP® - Say Goodbye to Sleepless Nights &ndash; Babydeepsleep,wecare@babydeepsleep.com,,Health & Supplements,100% Confirmed Real,Valid (Host MX),Configured (v=DMARC1),Configured,No,https://www.facebook.com/ads/library/?q=Babydeepsleep&type=all,https://www.instagram.com/babydeepsleep,https://www.facebook.com/babydeepsleep,,,,"The focus Babydeepsleep puts on clean, effective formulas is exactly what customers need."
Backyard Wellness Haven,backyardwellnesshaven.com,https://backyardwellnesshaven.com,Support,Owner,Backyard Wellness Haven,support@backyardwellnesshaven.com,,Health & Supplements,100% Confirmed Real,Valid (Google Workspace),Configured (v=DMARC1),None,No,https://www.facebook.com/ads/library/?q=Backyard%20Wellness%20Haven&type=all,,,,,,"The focus Backyard Wellness Haven puts on clean, effective formulas is exactly what customers need."
BamBody Nutrition,bambodynutrition.com,https://bambodynutrition.com,Info,Owner,BamBody Nutrition,info@bambodynutrition.com,,Health & Supplements,100% Confirmed Real,Valid (Microsoft 365),Configured (v=DMARC1),Configured,No,https://www.facebook.com/ads/library/?q=BamBody%20Nutrition&type=all,https://www.instagram.com/bambodynutrition,https://www.facebook.com/BamBodyNutrition,,,,"The focus BamBody Nutrition puts on clean, effective formulas is exactly what customers need."
Barahnaja Organics,barahnajaorganics.com,https://barahnajaorganics.com,Info,Owner,"Barahnaja Organics | Himalayan Farm Produce
 &ndash; Barahnaja organics",info@barahnajaorganics.com,,Health & Supplements,100% Confirmed Real,Valid (Google Workspace),Configured (v=DMARC1),None,No,https://www.facebook.com/ads/library/?q=Barahnaja%20Organics&type=all,https://www.instagram.com/barahnaja.organics,https://www.facebook.com/Barahnajaorganics,,,,"The focus Barahnaja Organics puts on clean, effective formulas is exactly what customers need."
Bayleaf Herbals,bayleafherbals.com.au,https://bayleafherbals.com.au,Bayleafherbals,Owner,Bayleaf Herbals,bayleafherbals@gmail.com,,Health & Supplements,100% Confirmed Real,Valid (Google Workspace),Configured (v=DMARC1),Configured,No,https://www.facebook.com/ads/library/?q=Bayleaf%20Herbals&type=all,https://www.instagram.com/bayleafherbals,,,,,"The focus Bayleaf Herbals puts on clean, effective formulas is exactly what customers need."
Beastri Wellness,beastri.com,https://beastri.com,Beastri13,Owner,Beastri Wellness,beastri13@gmail.com,,Health & Supplements,100% Confirmed Real,Valid (Google Workspace),Configured (v=DMARC1),Configured,No,https://www.facebook.com/ads/library/?q=Beastri%20Wellness&type=all,https://www.instagram.com/beastri_wellness,https://www.facebook.com/profile.php,,,,"The focus Beastri Wellness puts on clean, effective formulas is exactly what customers need."
Beautifully Balanced Wellness,beautifullybalancedwellness.store,https://beautifullybalancedwellness.store,Hello,Owner,Beautifully Balanced Wellness,hello@beautifullybalancedwellness.store,,Health & Supplements,100% Confirmed Real,Valid (Google Workspace),Configured (v=DMARC1),Configured,No,https://www.facebook.com/ads/library/?q=Beautifully%20Balanced%20Wellness&type=all,,,,,,"The focus Beautifully Balanced Wellness puts on clean, effective formulas is exactly what customers need."
Bflexin Supplements,bflexinsupps.com,https://bflexinsupps.com,Sales,Owner,Bflexin supplements | Bflexin Supplements,sales@bflexinsupps.com,,Health & Supplements,100% Confirmed Real,Valid (Google Workspace),Configured (v=DMARC1),None,No,https://www.facebook.com/ads/library/?q=Bflexin%20Supplements&type=all,https://www.instagram.com/bflexinsupplements,https://www.facebook.com/BflexinSupplements,,https://x.com/shopify,,"The focus Bflexin Supplements puts on clean, effective formulas is exactly what customers need."
100% Organic Products,bhramarah.in,https://bhramarah.in,Bhramarah,Owner,"100% Organic Products
 &ndash; Bhramarah",bhramarah@gmail.com,"ecom-swiper@11.css, ecom-swiper@11.0.5.js",Health & Supplements,100% Confirmed Real,Valid (Google Workspace),Configured (v=DMARC1),Configured,No,https://www.facebook.com/ads/library/?q=100%25%20Organic%20Products&type=all,https://www.instagram.com/bhramarah,,,,,"The focus 100% Organic Products puts on clean, effective formulas is exactly what customers need."
Blackbeard Botanicals,blackbeardbotanicalsenc.com,https://blackbeardbotanicalsenc.com,Blackbeardbotanicals,Owner,Blackbeard Botanicals,blackbeardbotanicals@gmail.com,,Health & Supplements,68% Confirmed Real,Valid (Google Workspace),Configured (v=DMARC1),Configured,No,https://www.facebook.com/ads/library/?q=Blackbeard%20Botanicals&type=all,,,,,,"The focus Blackbeard Botanicals puts on clean, effective formulas is exactly what customers need."
blackforestsupplements.com,blackforestsupplements.com,https://blackforestsupplements.com,Info,Owner,"America&#39;s Supplements Brand
          &ndash; Black Forest",info@blackforestsupplements.com,,Health & Supplements,100% Confirmed Real,Valid (Google Workspace),Configured (v=DMARC1),Configured,No,https://www.facebook.com/ads/library/?q=blackforestsupplements.com&type=all,https://www.instagram.com/blackforestsupplements,https://www.facebook.com/blackforestsupplements,https://www.tiktok.com/@blackforestsupplements,https://x.com/BlackForestSupp,,"The focus blackforestsupplements.com puts on clean, effective formulas is exactly what customers need."
BM Animals Complete Nutrition,bmanimalscompletenutrition.net,https://bmanimalscompletenutrition.net,Ordersbmpets,Owner,BM Animals Complete Nutrition,ordersbmpets@gmail.com,,Health & Supplements,68% Confirmed Real,Valid (Google Workspace),Configured (v=DMARC1),Configured,No,https://www.facebook.com/ads/library/?q=BM%20Animals%20Complete%20Nutrition&type=all,https://www.instagram.com/bmanimals125,https://www.facebook.com/bmanimals,,,,"The focus BM Animals Complete Nutrition puts on clean, effective formulas is exactly what customers need."
Bodhi Organics,bodhibars.com,https://bodhibars.com,Bodhibars,Owner,Bodhi Organics,bodhibars@gmail.com,,Health & Supplements,100% Confirmed Real,Valid (Google Workspace),Configured (v=DMARC1),Configured,No,https://www.facebook.com/ads/library/?q=Bodhi%20Organics&type=all,https://www.instagram.com/bodhiorganic,https://www.facebook.com/bodhiorganic,,,,"The focus Bodhi Organics puts on clean, effective formulas is exactly what customers need."
Boemi Botanicals– BOEMI Botanicals,boemibotanicals.com,https://boemibotanicals.com,Info,Owner,"Boemi Botanicals
&ndash; BOEMI Botanicals",info@boemibotanicals.com,,Health & Supplements,95% Confirmed Real,Valid (Zoho Mail),Not Configured,None,No,https://www.facebook.com/ads/library/?q=Boemi%20Botanicals%E2%80%93%20BOEMI%20Botanicals&type=all,https://www.instagram.com/boemibotanicals,,,,,"The focus Boemi Botanicals– BOEMI Botanicals puts on clean, effective formulas is exactly what customers need."
Body Wellness Co,bodywellnessco.com.au,https://bodywellnessco.com.au,Hello,Owner,"Body Wellness Co | Natural Health, Beauty &amp; Wellness",hello@bodywellnessco.com.au,,Health & Supplements,98% Confirmed Real,Valid (Host MX),Not Configured,Configured,No,https://www.facebook.com/ads/library/?q=Body%20Wellness%20Co&type=all,https://www.instagram.com/bodywellnesscoau,https://www.facebook.com/bodywellnesscoau,,,,"The focus Body Wellness Co puts on clean, effective formulas is exactly what customers need."
Botanical Attire,botanicalattire.com,https://botanicalattire.com,Botanicalattire,Owner,American Express,botanicalattire@gmail.com,,Health & Supplements,100% Confirmed Real,Valid (Google Workspace),Configured (v=DMARC1),Configured,No,https://www.facebook.com/ads/library/?q=Botanical%20Attire&type=all,https://www.instagram.com/botanical_attire,https://www.facebook.com/profile.php,,,,"The focus Botanical Attire puts on clean, effective formulas is exactly what customers need."
British Vitamins,britishvitamins.uk,https://britishvitamins.uk,Care,Owner,American Express,care@britishvitamins.uk,,Health & Supplements,100% Confirmed Real,Valid (Google Workspace),Configured (v=DMARC1),Configured,No,https://www.facebook.com/ads/library/?q=British%20Vitamins&type=all,https://www.instagram.com/britishvitaminsuk,https://www.facebook.com/BritishVitamins,https://www.tiktok.com/@shopify,https://x.com/britishvitamins,,"The focus British Vitamins puts on clean, effective formulas is exactly what customers need."
Buygreensdirect.com,buygreensdirect.com,https://buygreensdirect.com,Sales,Owner,American Express,sales@buygreensdirect.com,,Health & Supplements,100% Confirmed Real,Valid (Zoho Mail),Configured (v=DMARC1),Configured,No,https://www.facebook.com/ads/library/?q=Buygreensdirect.com&type=all,,,,,,"The focus Buygreensdirect.com puts on clean, effective formulas is exactly what customers need."
b.wellness,bwellness.co.za,https://bwellness.co.za,Hello,Owner,b.wellness,hello@bwellness.co.za,,Health & Supplements,100% Confirmed Real,Valid (Microsoft 365),Not Configured,Configured,No,https://www.facebook.com/ads/library/?q=b.wellness&type=all,https://www.instagram.com/bwellnessofficial,https://www.facebook.com/Bwellnessofficial,,,,"The focus b.wellness puts on clean, effective formulas is exactly what customers need."
Carbyne Fitness,carbyne.my,https://carbyne.my,Support,Owner,Carbyne Fitness - Premium Home Gym Equipment in Malaysia,support@carbyne.my,,Health & Supplements,100% Confirmed Real,Valid (Google Workspace),Configured (v=DMARC1),Configured,No,https://www.facebook.com/ads/library/?q=Carbyne%20Fitness&type=all,https://www.instagram.com/carbyne.my,,,,,"The focus Carbyne Fitness puts on clean, effective formulas is exactly what customers need."
Clench Fitness,clenchfitness.com,https://clenchfitness.com,Info,Owner,Buy Resistance Bands &amp; Accessories | Clench Fitness,info@clenchfitness.com,u003einfo@clenchfitness.com,Health & Supplements,100% Confirmed Real,Valid (Google Workspace),Configured (v=DMARC1),Configured,No,https://www.facebook.com/ads/library/?q=Clench%20Fitness&type=all,,,,,,"The focus Clench Fitness puts on clean, effective formulas is exactly what customers need."
collagenandcompany.co.za,collagenandcompany.co.za,https://collagenandcompany.co.za,Info,Owner,"Collagen &amp; Company
 &ndash; Collagen &amp; Company",info@collagenandcompany.co.za,,Health & Supplements,100% Confirmed Real,Valid (Host MX),Configured (v=DMARC1),Configured,No,https://www.facebook.com/ads/library/?q=collagenandcompany.co.za&type=all,,,,,,"The focus collagenandcompany.co.za puts on clean, effective formulas is exactly what customers need."
Cotton Organic,cottonorganic.co.uk,https://cottonorganic.co.uk,Cottonorganicuk,Owner,Founder / Owner @ Cotton Organic,cottonorganicuk@gmail.com,,Health & Supplements,100% Confirmed Real,Valid (Google Workspace),Configured (v=DMARC1),Configured,No,https://www.facebook.com/ads/library/?q=Cotton%20Organic&type=all,,https://www.facebook.com/sharer,,,,"The focus Cotton Organic puts on clean, effective formulas is exactly what customers need."
Vitamin & Vital Tropfen,dasvitamin.ch,https://dasvitamin.ch,Info,Owner,Vitamine &amp; Nahrungsergänzungsmittel kaufen | Schweiz,info@dasvitamin.ch,,Health & Supplements,100% Confirmed Real,Valid (Host MX),Configured (v=DMARC1),Configured,No,https://www.facebook.com/ads/library/?q=Vitamin%20%26%20Vital%20Tropfen&type=all,https://www.instagram.com/dasvitamin.ch,,,,,"The focus Vitamin & Vital Tropfen puts on clean, effective formulas is exactly what customers need."
byevawellness,evawellness.nl,https://evawellness.nl,Info,Owner,"eva wellness
 &ndash; byevawellness",info@evawellness.nl,,Health & Supplements,100% Confirmed Real,Valid (Google Workspace),Not Configured,Configured,No,https://www.facebook.com/ads/library/?q=byevawellness&type=all,,,,,,"The focus byevawellness puts on clean, effective formulas is exactly what customers need."
EveryThing Green Botanical,everythinggreenbotanical.com,https://everythinggreenbotanical.com,Lapearlbeauty,Owner,American Express,lapearlbeauty@gmail.com,,Health & Supplements,68% Confirmed Real,Valid (Google Workspace),Configured (v=DMARC1),Configured,No,https://www.facebook.com/ads/library/?q=EveryThing%20Green%20Botanical&type=all,https://www.instagram.com/lapearlbeauty,https://www.facebook.com/lapearlbeauty,,https://x.com/Lapearlbeauty,,"The focus EveryThing Green Botanical puts on clean, effective formulas is exactly what customers need."
Fit-Spiration Wellness,fitspirationwellness.com,https://fitspirationwellness.com,Fitspirationwellnessco,Owner,Fit-Spiration Wellness,fitspirationwellnessco@gmail.com,info@fitspirationwellness.com,Health & Supplements,100% Confirmed Real,Valid (Google Workspace),Configured (v=DMARC1),Configured,No,https://www.facebook.com/ads/library/?q=Fit-Spiration%20Wellness&type=all,https://www.instagram.com/fitspiration_wellness,https://www.facebook.com/FitspirationWellnessCompany,,,,"The focus Fit-Spiration Wellness puts on clean, effective formulas is exactly what customers need."
FITS Dietary Supplements,fits.sk,https://fits.sk,Info,Owner,Doplnky stravy a vitamíny FITS priamo od výrobcu | fits.sk,info@fits-supplements.com,segaaa1@gmail.com,Health & Supplements,100% Confirmed Real,Valid (Host MX),Not Configured,Configured,No,https://www.facebook.com/ads/library/?q=FITS%20Dietary%20Supplements&type=all,https://www.instagram.com/fits_dietary_supplements,https://www.facebook.com/fits.eevitamiinid,https://www.tiktok.com/@fits.ee,,,"The focus FITS Dietary Supplements puts on clean, effective formulas is exactly what customers need."
Flexeno,flexenofitness.com,https://flexenofitness.com,Flexenofitness,Owner,Flexeno,flexenofitness@gmail.com,,Health & Supplements,100% Confirmed Real,Valid (Google Workspace),Configured (v=DMARC1),Configured,No,https://www.facebook.com/ads/library/?q=Flexeno&type=all,,,,,,"The focus Flexeno puts on clean, effective formulas is exactly what customers need."
Forever Botanicals,foreverbotanical.com,https://foreverbotanical.com,Customerservice,Owner,Forever Botanicals,customerservice@drdelphinium.com,,Health & Supplements,100% Confirmed Real,Valid (Google Workspace),Configured (v=DMARC1),Configured,No,https://www.facebook.com/ads/library/?q=Forever%20Botanicals&type=all,,,,,,"The focus Forever Botanicals puts on clean, effective formulas is exactly what customers need."
Nutrapet,fuelpetsupplements.com,https://fuelpetsupplements.com,Info,Owner,FUEL | Voedingssupplementen voor Honden met Postbiotica,info@nutrapet.de,,Health & Supplements,88% Confirmed Real,Valid (Host MX),Configured (v=DMARC1),Configured,No,https://www.facebook.com/ads/library/?q=Nutrapet&type=all,https://www.instagram.com/fuelpetsupplements,https://www.facebook.com/fueldogsupplements,,,,"The focus Nutrapet puts on clean, effective formulas is exactly what customers need."
frvivawellness,frvivawellness.com,https://frvivawellness.com,Service,Owner,frvivawellness,service@frvivawellness.com,,Health & Supplements,100% Confirmed Real,Valid (Host MX),Configured (v=DMARC1),Configured,No,https://www.facebook.com/ads/library/?q=frvivawellness&type=all,,,,,,"The focus frvivawellness puts on clean, effective formulas is exactly what customers need."
Furrolika Pet Wellness,furrolika.net,https://furrolika.net,Info,Owner,Furrolika Pet Wellness,info@furrolika.net,,Health & Supplements,100% Confirmed Real,Valid (Host MX),Configured (v=DMARC1),Configured,No,https://www.facebook.com/ads/library/?q=Furrolika%20Pet%20Wellness&type=all,,,,,,"The focus Furrolika Pet Wellness puts on clean, effective formulas is exactly what customers need."
Ken Starr MD– GetCleanSupplements.com,getcleansupplements.com,https://getcleansupplements.com,Frontdesk,Owner,Supplement Shop | Ken Starr MD,frontdesk@kenstarrmd.com,,Health & Supplements,68% Confirmed Real,Valid (Google Workspace),Configured (v=DMARC1),Configured,No,https://www.facebook.com/ads/library/?q=Ken%20Starr%20MD%E2%80%93%20GetCleanSupplements.com&type=all,https://www.instagram.com/kenstarrmdwellness,https://www.facebook.com/kenstarrmdwellness,https://www.tiktok.com/@kenstarrmdwellness,,,"The focus Ken Starr MD– GetCleanSupplements.com puts on clean, effective formulas is exactly what customers need."
24/7 Fitness Equipment,247fitnesseq.com,https://247fitnesseq.com,Rsabb9,Owner,24/7 Fitness Equipment,rsabb9@yahoo.com,,Health & Supplements,63% Confirmed Real,Valid (Yahoo Mail),Configured (v=DMARC1),Configured,No,https://www.facebook.com/ads/library/?q=24/7%20Fitness%20Equipment&type=all,,,,,,"The focus 24/7 Fitness Equipment puts on clean, effective formulas is exactly what customers need."
21Collagen.COM,21collagen.com,https://21collagen.com,Support,Owner,American Express,support@21collagen.com,,Health & Supplements,100% Confirmed Real,Valid (Host MX),Configured (v=DMARC1),Configured,No,https://www.facebook.com/ads/library/?q=21Collagen.COM&type=all,https://www.instagram.com/21collagen.ro,https://www.facebook.com/21collagen.ro,https://www.tiktok.com/@21collagen.ro,,https://www.linkedin.com/company/21-collagen-ro,"The focus 21Collagen.COM puts on clean, effective formulas is exactly what customers need."
2-Sleep,2-sleep.be,https://2-sleep.be,Info,Owner,Founder / Owner @ 2-Sleep,info@2-sleep.be,,Health & Supplements,100% Confirmed Real,Valid (Host MX),Configured (v=DMARC1),Configured,No,https://www.facebook.com/ads/library/?q=2-Sleep&type=all,https://www.instagram.com/2sleepbedden,https://www.facebook.com/2sleepbedden,,,,"The focus 2-Sleep puts on clean, effective formulas is exactly what customers need."
310 Nutrition,310nutrition.com,https://310nutrition.com,Support,Owner,Made from the highest quality ingredients – 310 Nutrition,support@310nutrition.com,,Health & Supplements,100% Confirmed Real,Valid (Google Workspace),Configured (v=DMARC1),Configured,No,https://www.facebook.com/ads/library/?q=310%20Nutrition&type=all,https://www.instagram.com/310nutrition,https://www.facebook.com/310Nutrition,https://www.tiktok.com/@310nutrition,https://x.com/310nutrition,,"The focus 310 Nutrition puts on clean, effective formulas is exactly what customers need."
"49th Octave Crystals, Healing & Wellness",49thoctave.com,https://49thoctave.com,Melissa,Owner,American Express,melissa@49thoctave.com,,Health & Supplements,100% Confirmed Real,Valid (Microsoft 365),Not Configured,Configured,No,https://www.facebook.com/ads/library/?q=49th%20Octave%20Crystals%2C%20Healing%20%26%20Wellness&type=all,,,,,,"The focus 49th Octave Crystals, Healing & Wellness puts on clean, effective formulas is exactly what customers need."
A2Z Fitness,a2zfitness.com.au,https://a2zfitness.com.au,Fit,Owner,Buy GYM Equipment Brisbane for Home &amp; Commercial Uses | A2Z Fitness,fit@a2zfitness.com.au,,Health & Supplements,100% Confirmed Real,Valid (Google Workspace),Not Configured,None,No,https://www.facebook.com/ads/library/?q=A2Z%20Fitness&type=all,https://www.instagram.com/a2z_fitness_gym_equipment,https://www.facebook.com/A2ZFitnessAus,,,,"The focus A2Z Fitness puts on clean, effective formulas is exactly what customers need."
Abxolute Nutrition,abxolutenutrition.com,https://abxolutenutrition.com,Info,Owner,Integratori Fitness | Abxolute Nutrition,info@abxolutenutrition.com,,Health & Supplements,100% Confirmed Real,Valid (Google Workspace),Configured (v=DMARC1),None,No,https://www.facebook.com/ads/library/?q=Abxolute%20Nutrition&type=all,https://www.instagram.com/abxolutenutrition,https://www.facebook.com/abxolutenutrition,https://www.tiktok.com/@abxolutenutrition,,,"The focus Abxolute Nutrition puts on clean, effective formulas is exactly what customers need."
Acoustic Remedy Cases,acousticremedycases.com,https://acousticremedycases.com,Hello,Owner,Amazon,hello@acousticremedycases.com,,Health & Supplements,100% Confirmed Real,Valid (Google Workspace),Configured (v=DMARC1),Configured,No,https://www.facebook.com/ads/library/?q=Acoustic%20Remedy%20Cases&type=all,https://www.instagram.com/acoustic_remedy_cases,https://www.facebook.com/AcousticRemedyCases,,https://x.com/ARemCases,,"The focus Acoustic Remedy Cases puts on clean, effective formulas is exactly what customers need."
Rigil Biotech Private Limited,activegreens.in,https://activegreens.in,Support,Owner,ActiveGreens,support@activegreens.in,,Health & Supplements,100% Confirmed Real,Valid (Google Workspace),Not Configured,Configured,No,https://www.facebook.com/ads/library/?q=Rigil%20Biotech%20Private%20Limited&type=all,https://www.instagram.com/activegreens,https://www.facebook.com/activegreens.in,,,,"The focus Rigil Biotech Private Limited puts on clean, effective formulas is exactly what customers need."
Advanced Nutrition Programme Australia,advancednutritionprogramme.com.au,https://advancednutritionprogramme.com.au,Hello,Owner,Skin Care Supplements Advanced Nutrition Programme Australia,hello@advancednutritionprogramme.com.au,,Health & Supplements,100% Confirmed Real,Valid (Microsoft 365),Configured (v=DMARC1),Configured,No,https://www.facebook.com/ads/library/?q=Advanced%20Nutrition%20Programme%20Australia&type=all,https://www.instagram.com/advancednutritionprogrammeau,https://www.facebook.com/AdvancedNutritionProgrammeAU,https://www.tiktok.com/@advancednutritionprogau,,,"The focus Advanced Nutrition Programme Australia puts on clean, effective formulas is exactly what customers need."
Suplementos Deportivos– Advance Nutrition,advancenutrition.cl,https://advancenutrition.cl,Administracion,Owner,"Suplementos Deportivos
&ndash; Advance Nutrition",administracion@advancenutrition.cl,,Health & Supplements,98% Confirmed Real,Valid (Host MX),Not Configured,Configured,No,https://www.facebook.com/ads/library/?q=Suplementos%20Deportivos%E2%80%93%20Advance%20Nutrition&type=all,https://www.instagram.com/AdvanceNutritionChile,,,,,"The focus Suplementos Deportivos– Advance Nutrition puts on clean, effective formulas is exactly what customers need."
Akshaya Organics – AKSHAYA,akshayaorganics.com,https://akshayaorganics.com,Support,Owner,"Akshaya Organics
 &ndash; AKSHAYA",support@akshayaorganics.com,support@akshayaorganics.comstore,Health & Supplements,100% Confirmed Real,Valid (Zoho Mail),Not Configured,Configured,No,https://www.facebook.com/ads/library/?q=Akshaya%20Organics%20%E2%80%93%20AKSHAYA&type=all,https://www.instagram.com/akshaya.organics,https://www.facebook.com/profile.php,,,,"The focus Akshaya Organics – AKSHAYA puts on clean, effective formulas is exactly what customers need."
Athletic Kulture,aksupplements.com,https://aksupplements.com,Info,Owner,www.aksupplements.com &ndash; Athletic Kulture,info@athletickulture.com,,Health & Supplements,93% Confirmed Real,Valid (Google Workspace),Configured (v=DMARC1),Configured,No,https://www.facebook.com/ads/library/?q=Athletic%20Kulture&type=all,,,,,,"The focus Athletic Kulture puts on clean, effective formulas is exactly what customers need."
All Wellness Alliance ELITE,allwellnessalliance.io,https://allwellnessalliance.io,Support,Owner,All Wellness Alliance ELITE,support@allwellnessalliance.io,,Health & Supplements,100% Confirmed Real,Valid (Host MX),Configured (v=DMARC1),Configured,No,https://www.facebook.com/ads/library/?q=All%20Wellness%20Alliance%20ELITE&type=all,,,,,,"The focus All Wellness Alliance ELITE puts on clean, effective formulas is exactly what customers need."
Amayah,amayahorganics.in,https://amayahorganics.in,Info,Owner,Amayah - Charcoal Free Natural Incense &amp; Essential Oils,info@amayahorganics.in,,Health & Supplements,100% Confirmed Real,Valid (Google Workspace),Not Configured,Configured,No,https://www.facebook.com/ads/library/?q=Amayah&type=all,https://www.instagram.com/amayahorganics.in,https://www.facebook.com/people,,,,"The focus Amayah puts on clean, effective formulas is exactly what customers need."
amazingorganics,amazingorganics.co,https://amazingorganics.co,Support,Owner,American Express,support@amazingorganics.co,,Health & Supplements,100% Confirmed Real,Valid (Host MX),Configured (v=DMARC1),Configured,No,https://www.facebook.com/ads/library/?q=amazingorganics&type=all,,,,,,"The focus amazingorganics puts on clean, effective formulas is exactly what customers need."
Ambiente Wellness,ambientewellness.cl,https://ambientewellness.cl,Waterhome,Owner,Ambiente Wellness,waterhome@waterhome.cl,,Health & Supplements,63% Confirmed Real,Valid (Host MX),Configured (v=DMARC1),Configured,No,https://www.facebook.com/ads/library/?q=Ambiente%20Wellness&type=all,https://www.instagram.com/ambiente.wellness,https://www.facebook.com/profile.php,,,,"The focus Ambiente Wellness puts on clean, effective formulas is exactly what customers need."
Animalhouse Fitness,animalhousefitness.com,https://animalhousefitness.com,Info,Owner,Animalhouse Fitness,info@animalhousefitness.com,,Health & Supplements,100% Confirmed Real,Valid (Google Workspace),Configured (v=DMARC1),Configured,No,https://www.facebook.com/ads/library/?q=Animalhouse%20Fitness&type=all,https://www.instagram.com/animalhousefit,,,,,"The focus Animalhouse Fitness puts on clean, effective formulas is exactly what customers need."
Apex Nutrition,apexnutrition.ec,https://apexnutrition.ec,Ventas,Owner,APEX Pure Creatine 350 g | Premium Performance Nutrition,ventas@apexnutrition.ec,,Health & Supplements,100% Confirmed Real,Valid (Zoho Mail),Not Configured,Configured,No,https://www.facebook.com/ads/library/?q=Apex%20Nutrition&type=all,https://www.instagram.com/apexnutrition_ec,https://www.facebook.com/Apexnutrition.ec,,,,"The focus Apex Nutrition puts on clean, effective formulas is exactly what customers need."
Araucana Organic Rosehip Oil,araucana.com.au,https://araucana.com.au,Marisol,Owner,Organic Rosehip Oil | Araucana Natural Skin Care Australia,marisol@araucana.com.au,,Health & Supplements,100% Confirmed Real,Valid (Google Workspace),Not Configured,None,No,https://www.facebook.com/ads/library/?q=Araucana%20Organic%20Rosehip%20Oil&type=all,https://www.instagram.com/araucana_rosehip_oil,https://www.facebook.com/Araucana-Rosehip-Oil-203626949681667,,,,"The focus Araucana Organic Rosehip Oil puts on clean, effective formulas is exactly what customers need."
AR Supplements,arsupplements.com,https://arsupplements.com,Support,Owner,AR Supplements – Svenskt kosttillskott &amp; protein från Ako Rahim,support@arsupplements.com,,Health & Supplements,100% Confirmed Real,Valid (Google Workspace),Configured (v=DMARC1),Configured,No,https://www.facebook.com/ads/library/?q=AR%20Supplements&type=all,https://www.instagram.com/arsupplements.com,https://www.facebook.com/arsupplements,,,,"The focus AR Supplements puts on clean, effective formulas is exactly what customers need."
Ascend Pro Wellness,ascendprowellness.com,https://ascendprowellness.com,Support,Owner,Ascend Pro Wellness,support@ascendprowellness.com,,Health & Supplements,100% Confirmed Real,Valid (Google Workspace),Not Configured,None,No,https://www.facebook.com/ads/library/?q=Ascend%20Pro%20Wellness&type=all,,,,,,"The focus Ascend Pro Wellness puts on clean, effective formulas is exactly what customers need."
Athena Nutrition,athenanutrition.com.au,https://athenanutrition.com.au,Team,Owner,Afterpay,team@athenanutrition.com.au,hello@athenanutrition.com.au,Health & Supplements,100% Confirmed Real,Valid (Microsoft 365),Configured (v=DMARC1),Configured,No,https://www.facebook.com/ads/library/?q=Athena%20Nutrition&type=all,https://www.instagram.com/athenanutrition_au,,,,,"The focus Athena Nutrition puts on clean, effective formulas is exactly what customers need."
Axel F Fitness,axelffitness.com,https://axelffitness.com,Info,Owner,Axel F Fitness: Your Ultimate Destination for Fitness &amp; Wellness,info@axelffitness.com,,Health & Supplements,100% Confirmed Real,Valid (Host MX),Configured (v=DMARC1),Configured,No,https://www.facebook.com/ads/library/?q=Axel%20F%20Fitness&type=all,,,,,,"The focus Axel F Fitness puts on clean, effective formulas is exactly what customers need."
Ayura Superfoods – AYURA,ayurasuperfoods.com,https://ayurasuperfoods.com,Ayurasuperfoods,Owner,"Ayura Superfoods
 &ndash; AYURA",ayurasuperfoods@gmail.com,,Health & Supplements,100% Confirmed Real,Valid (Google Workspace),Configured (v=DMARC1),Configured,No,https://www.facebook.com/ads/library/?q=Ayura%20Superfoods%20%E2%80%93%20AYURA&type=all,https://www.instagram.com/ayura.superfoods,,https://www.tiktok.com/@ayura.superfoods,,,"The focus Ayura Superfoods – AYURA puts on clean, effective formulas is exactly what customers need."
Ayurveda Organics,ayurvedaorganics.com.au,https://ayurvedaorganics.com.au,Contactayurvedaorganics,Owner,Anti Ageing Products Online | Organic Skin Care Australia,contactayurvedaorganics@gmail.com,me@gouravkanwal.com,Health & Supplements,100% Confirmed Real,Valid (Google Workspace),Configured (v=DMARC1),Configured,No,https://www.facebook.com/ads/library/?q=Ayurveda%20Organics&type=all,https://www.instagram.com/ayurvedaorganics,https://www.facebook.com/ayurvedaorganics,https://www.tiktok.com/@ayurvedaorganics,https://x.com/ayurvedaorganics,,"The focus Ayurveda Organics puts on clean, effective formulas is exactly what customers need."
Ayurved Power,ayurvedpower.in,https://ayurvedpower.in,Ayurvedpoweronline,Owner,"Ayurved Power – Ayurvedic Health Supplements, Juices &amp; Capsules | Jaip",ayurvedpoweronline@gmail.com,,Health & Supplements,100% Confirmed Real,Valid (Google Workspace),Configured (v=DMARC1),Configured,No,https://www.facebook.com/ads/library/?q=Ayurved%20Power&type=all,https://www.instagram.com/ayurved.power,,,,,"The focus Ayurved Power puts on clean, effective formulas is exactly what customers need."
Babel Organic,babelorganic.co.uk,https://babelorganic.co.uk,Hello,Owner,"Certified organic candles inspired by language
 &ndash; Babel Organic",hello@babelorganic.co.uk,"support@babelorganic.co.uk, wholesale@babelorganic.co.uk",Health & Supplements,100% Confirmed Real,Valid (Google Workspace),Configured (v=DMARC1),Configured,No,https://www.facebook.com/ads/library/?q=Babel%20Organic&type=all,https://www.instagram.com/babel.organic,https://www.facebook.com/babel.organic.candles,https://www.tiktok.com/@babelorganic,,,"The focus Babel Organic puts on clean, effective formulas is exactly what customers need."
Bad Back Remedy,badbackremedy.com,https://badbackremedy.com,Info,Owner,user,info@badbackremedy.com,,Health & Supplements,95% Confirmed Real,Valid (Host MX),Not Configured,None,No,https://www.facebook.com/ads/library/?q=Bad%20Back%20Remedy&type=all,https://www.instagram.com/badbackremedy,https://www.facebook.com/tr,,https://x.com/badbackremedy,,"The focus Bad Back Remedy puts on clean, effective formulas is exactly what customers need."
Bake Nutrition,bakenutrition.com,https://bakenutrition.com,Bakenutrition,Marketing,Founder / Owner @ Bake Nutrition,bakenutrition.marketing@gmail.com,,Health & Supplements,100% Confirmed Real,Valid (Google Workspace),Configured (v=DMARC1),Configured,No,https://www.facebook.com/ads/library/?q=Bake%20Nutrition&type=all,https://www.instagram.com/bakenutrition,https://www.facebook.com/bakenutritionworld,,,,"The focus Bake Nutrition puts on clean, effective formulas is exactly what customers need."
BaoanHerbal,baoanherbal.com,https://baoanherbal.com,Baoanherbal,Owner,BaoanHerbal,baoanherbal@gmail.com,,Health & Supplements,100% Confirmed Real,Valid (Google Workspace),Configured (v=DMARC1),Configured,No,https://www.facebook.com/ads/library/?q=BaoanHerbal&type=all,https://www.instagram.com/baoanherbal,https://www.facebook.com/BaoAnHerbal,,,,"The focus BaoanHerbal puts on clean, effective formulas is exactly what customers need."
Bear Hill Botanicals,bearhillbotanicals.com,https://bearhillbotanicals.com,Hello,Owner,"Bear Hill Botanicals natural skincare, body care",hello@bearhillbotanicals.com,jas@bearhillbotanicals.com,Health & Supplements,100% Confirmed Real,Valid (Host MX),Configured (v=DMARC1),Configured,No,https://www.facebook.com/ads/library/?q=Bear%20Hill%20Botanicals&type=all,https://www.instagram.com/bearhillbotanicals,https://www.facebook.com/bearhillbotanicals,,https://x.com/bearhillbeauty,,"The focus Bear Hill Botanicals puts on clean, effective formulas is exactly what customers need."
Beauty Sleep,beautysleepclub.com,https://beautysleepclub.com,Hello,Owner,Beauty Sleep – Official Site for Better Sleep &amp; Mouth Tape,hello@beautysleepclub.com,partners@beautysleepclub.com,Health & Supplements,100% Confirmed Real,Valid (Google Workspace),Configured (v=DMARC1),Configured,No,https://www.facebook.com/ads/library/?q=Beauty%20Sleep&type=all,,https://www.facebook.com/tr,,,,"The focus Beauty Sleep puts on clean, effective formulas is exactly what customers need."
Bella Vita,bellavitasupplements.com,https://bellavitasupplements.com,Cs,Owner,"Bellavita Suppliments
&ndash; Bella Vita",cs@bellavitaclinics.com,,Health & Supplements,68% Confirmed Real,Valid (Microsoft 365),Configured (v=DMARC1),Configured,No,https://www.facebook.com/ads/library/?q=Bella%20Vita&type=all,,,,,,"The focus Bella Vita puts on clean, effective formulas is exactly what customers need."
Berri,berriorganics.com,https://berriorganics.com,Founders,Owner,Plant-Based Organic Electrolyte Drinks for Hydration | Berri,founders@berripro.com,,Health & Supplements,68% Confirmed Real,Valid (Microsoft 365),Configured (v=DMARC1),Configured,No,https://www.facebook.com/ads/library/?q=Berri&type=all,,https://www.facebook.com/BerriOrganics,,,,"The focus Berri puts on clean, effective formulas is exactly what customers need."
Bhoomi Herbal India,bhoomiherbal.com,https://bhoomiherbal.com,Support,Owner,Bhoomi Herbal India,support@bhoomiherbal.com,info@bhoomiherbal.com,Health & Supplements,98% Confirmed Real,Valid (Zoho Mail),Not Configured,Configured,No,https://www.facebook.com/ads/library/?q=Bhoomi%20Herbal%20India&type=all,https://www.instagram.com/bhoomiherbal.in,https://www.facebook.com/profile.php,,https://x.com/bhoomiherbal,,"The focus Bhoomi Herbal India puts on clean, effective formulas is exactly what customers need."
BioCor Nutrition,biocornutrition.com,https://biocornutrition.com,Sales,Owner,"BioCor Nutrition - Safe, Effective Supplements For Life",sales@biocornutrition.com,,Health & Supplements,98% Confirmed Real,Valid (Zoho Mail),Not Configured,Configured,No,https://www.facebook.com/ads/library/?q=BioCor%20Nutrition&type=all,,,,,,"The focus BioCor Nutrition puts on clean, effective formulas is exactly what customers need."
Biovida Organics,biovidaorganics.com,https://biovidaorganics.com,Contact,Owner,Biovida Organics | Premium Natural Skincare Inspired by Nature,contact@biovidaorganics.com,,Health & Supplements,100% Confirmed Real,Valid (Microsoft 365),Configured (v=DMARC1),Configured,No,https://www.facebook.com/ads/library/?q=Biovida%20Organics&type=all,https://www.instagram.com/biovidaorganics,https://www.facebook.com/profile.php,,,,"The focus Biovida Organics puts on clean, effective formulas is exactly what customers need."
Botanical Babe,botanicalbabeplants.com,https://botanicalbabeplants.com,Botanicalbabeplants,Owner,"Botanical Babe
 &ndash; Botanical Babe",botanicalbabeplants@gmail.com,,Health & Supplements,100% Confirmed Real,Valid (Google Workspace),Configured (v=DMARC1),Configured,No,https://www.facebook.com/ads/library/?q=Botanical%20Babe&type=all,,,,,,"The focus Botanical Babe puts on clean, effective formulas is exactly what customers need."
Botanical remedies - Herbal Dispensary,botanicalremedies.co.uk,https://botanicalremedies.co.uk,Wojciech,Bujak,Botanical remedies - Herbal Dispensary,wojciech.bujak@botanicalremedies.co.uk,masterherbalistcov@gmail.com,Health & Supplements,100% Confirmed Real,Valid (Google Workspace),Configured (v=DMARC1),None,No,https://www.facebook.com/ads/library/?q=Botanical%20remedies%20-%20Herbal%20Dispensary&type=all,,,,,,"The focus Botanical remedies - Herbal Dispensary puts on clean, effective formulas is exactly what customers need."
Weingut Bruno Leiner,bruno-leiner.shop,https://bruno-leiner.shop,Info,Owner,Shop - Weingut Bruno Leiner,info@weingut-bruno-leiner.de,,Health & Supplements,100% Confirmed Real,Valid (Host MX),Configured (v=DMARC1),Configured,No,https://www.facebook.com/ads/library/?q=Weingut%20Bruno%20Leiner&type=all,https://www.instagram.com/weingut_brunoleiner,https://www.facebook.com/WeingutBrunoLeiner,,,,"The focus Weingut Bruno Leiner puts on clean, effective formulas is exactly what customers need."
"CanadianVit | Canada's Vitamins, Minerals & Natural Supplements",canadianvit.com,https://canadianvit.com,Canadianvit,Owner,"CanadianVit | Canada&#39;s Vitamins, Minerals &amp; Natural Supplements",canadianvit@gmail.com,,Health & Supplements,100% Confirmed Real,Valid (Google Workspace),Configured (v=DMARC1),Configured,No,https://www.facebook.com/ads/library/?q=CanadianVit%20%7C%20Canada%27s%20Vitamins%2C%20Minerals%20%26%20Natural%20Supplements&type=all,,,,,,"The focus CanadianVit | Canada's Vitamins, Minerals & Natural Supplements puts on clean, effective formulas is exactly what customers need."
EliteFitnessandDecor.com,elitefitnessanddecor.com,https://elitefitnessanddecor.com,Info,Elitefitnessanddecor,EliteFitnessandDecor.com,info.elitefitnessanddecor@gmail.com,,Health & Supplements,100% Confirmed Real,Valid (Google Workspace),Configured (v=DMARC1),Configured,No,https://www.facebook.com/ads/library/?q=EliteFitnessandDecor.com&type=all,https://www.instagram.com/elitefitnessanddecor,https://www.facebook.com/profile.php,,,,"The focus EliteFitnessandDecor.com puts on clean, effective formulas is exactly what customers need."
Ember and Soul Wellness,emberandsoulwellness.com,https://emberandsoulwellness.com,Support,Owner,Ember and Soul Wellness,support@emberandsoulwellness.com,,Health & Supplements,100% Confirmed Real,Valid (Google Workspace),Configured (v=DMARC1),None,No,https://www.facebook.com/ads/library/?q=Ember%20and%20Soul%20Wellness&type=all,,,,,,"The focus Ember and Soul Wellness puts on clean, effective formulas is exactly what customers need."
eunicebotanicals,eunicebotanicals.com,https://eunicebotanicals.com,Info,Owner,"Eunice Botanicals | Natural Skincare Products
 &ndash; eunicebotanicals",info@eunicebotanicals.com,,Health & Supplements,100% Confirmed Real,Valid (Host MX),Configured (v=DMARC1),Configured,No,https://www.facebook.com/ads/library/?q=eunicebotanicals&type=all,https://www.instagram.com/skin.carebyeunice,https://www.facebook.com/profile.php,,,,"The focus eunicebotanicals puts on clean, effective formulas is exactly what customers need."
Everyday Essentials Wellness Co.,everydayessentialswellnessco.com,https://everydayessentialswellnessco.com,Everydayessentialswellnessco,Owner,"Everyday Essentials Wellness Company
 &ndash; The WellNest CLT",everydayessentialswellnessco@gmail.com,,Health & Supplements,100% Confirmed Real,Valid (Google Workspace),Configured (v=DMARC1),Configured,No,https://www.facebook.com/ads/library/?q=Everyday%20Essentials%20Wellness%20Co.&type=all,,,,,,"The focus Everyday Essentials Wellness Co. puts on clean, effective formulas is exactly what customers need."
evoofwellness.com,evoofwellness.com,https://evoofwellness.com,Evoofwellness,Owner,EVO Wellness & Nursery &ndash; EVO Wellness &amp; Nursery,evoofwellness@gmail.com,info@evoofwellness.com,Health & Supplements,100% Confirmed Real,Valid (Google Workspace),Configured (v=DMARC1),Configured,No,https://www.facebook.com/ads/library/?q=evoofwellness.com&type=all,,,,,,"The focus evoofwellness.com puts on clean, effective formulas is exactly what customers need."
eWellnessHQ,ewellnesshq.com,https://ewellnesshq.com,Support,Owner,"eWellness HQ | Smart Wellness, Recovery &amp; Home Health Tech",support@ewellnesshq.com,,Health & Supplements,100% Confirmed Real,Valid (Google Workspace),Configured (v=DMARC1),None,No,https://www.facebook.com/ads/library/?q=eWellnessHQ&type=all,,,,,,"The focus eWellnessHQ puts on clean, effective formulas is exactly what customers need."
EZ Wellness Market,ezwellnesslife.com,https://ezwellnesslife.com,Ezecomm8992,Owner,EZ Wellness Market,ezecomm8992@gmail.com,,Health & Supplements,68% Confirmed Real,Valid (Google Workspace),Configured (v=DMARC1),Configured,No,https://www.facebook.com/ads/library/?q=EZ%20Wellness%20Market&type=all,,,,,,"The focus EZ Wellness Market puts on clean, effective formulas is exactly what customers need."
FITNESS STACKS,fitness-stacks.com,https://fitness-stacks.com,Fitnessstacks,Owner,FITNESS STACKS - PREMIER BODYBUILDING NUTRITIONAL SUPPLEMENTATION,fitnessstacks@gmail.com,,Health & Supplements,100% Confirmed Real,Valid (Google Workspace),Configured (v=DMARC1),Configured,No,https://www.facebook.com/ads/library/?q=FITNESS%20STACKS&type=all,,,,,,"The focus FITNESS STACKS puts on clean, effective formulas is exactly what customers need."
Fitness Served Daily,fitnesservedaily.com,https://fitnesservedaily.com,Fitnesservedaily,Owner,"F I T N E S S E R V E D A I L Y
 &ndash; Fitness Served Daily",fitnesservedaily@gmail.com,,Health & Supplements,100% Confirmed Real,Valid (Google Workspace),Configured (v=DMARC1),Configured,No,https://www.facebook.com/ads/library/?q=Fitness%20Served%20Daily&type=all,https://www.instagram.com/fitnesservedaily,https://www.facebook.com/FITNESSERVEDAILY,https://www.tiktok.com/@fitnesservedaily,,,"The focus Fitness Served Daily puts on clean, effective formulas is exactly what customers need."
FITNESS CASA,fitnesscasa.ca,https://fitnesscasa.ca,Info,Owner,icon-X,info@fitnesscasa.ca,,Health & Supplements,100% Confirmed Real,Valid (Google Workspace),Configured (v=DMARC1),Configured,No,https://www.facebook.com/ads/library/?q=FITNESS%20CASA&type=all,https://www.instagram.com/_fitnesscasa,https://www.facebook.com/tr,,,,"The focus FITNESS CASA puts on clean, effective formulas is exactly what customers need."
Flexx Nutrition,flexxmealprep.com,https://flexxmealprep.com,Flexxnutritionmealprep,Owner,Flexx Nutrition - Healthy indy meal prep,flexxnutritionmealprep@gmail.com,,Health & Supplements,68% Confirmed Real,Valid (Google Workspace),Configured (v=DMARC1),Configured,No,https://www.facebook.com/ads/library/?q=Flexx%20Nutrition&type=all,https://www.instagram.com/flexx_nutrition,https://www.facebook.com/profile.php,,,,"The focus Flexx Nutrition puts on clean, effective formulas is exactly what customers need."
Florencessence Health & Wellness,florencessencestore.com,https://florencessencestore.com,Info,Owner,Florencessence Health &amp; Wellness,info@florencessence.co.za,frontdesk@florencessence.co.za,Health & Supplements,93% Confirmed Real,Valid (Google Workspace),Configured (v=DMARC1),Configured,No,https://www.facebook.com/ads/library/?q=Florencessence%20Health%20%26%20Wellness&type=all,https://www.instagram.com/florencessence_sandton,,https://www.tiktok.com/@florencesseence_o,,,"The focus Florencessence Health & Wellness puts on clean, effective formulas is exactly what customers need."
Flōra Wellness,florawellnesscollection.com,https://florawellnesscollection.com,Hello,Owner,Flōra Wellness - Crafted Clean Wellness for the Discerning Traveler,hello@florawellnesscollection.com,,Health & Supplements,100% Confirmed Real,Valid (Google Workspace),Configured (v=DMARC1),None,No,https://www.facebook.com/ads/library/?q=Fl%C5%8Dra%20Wellness&type=all,https://www.instagram.com/florawellnesscollection,https://www.facebook.com/profile.php,https://www.tiktok.com/@florawellness_,,,"The focus Flōra Wellness puts on clean, effective formulas is exactly what customers need."
Frost Forged Wellness,frostforgedwellness.com,https://frostforgedwellness.com,Sales,Owner,Frost Forged Wellness — Forged by Fire. Tempered by Ice.,sales@frostforgedwellness.com,info@frostforgedwellness.com,Health & Supplements,100% Confirmed Real,Valid (Host MX),Configured (v=DMARC1),Configured,No,https://www.facebook.com/ads/library/?q=Frost%20Forged%20Wellness&type=all,https://www.instagram.com/frostforgedwellness,https://www.facebook.com/profile.php,,https://x.com/FrostForged_,,"The focus Frost Forged Wellness puts on clean, effective formulas is exactly what customers need."
110% Nutrition,110nutrition.com,https://110nutrition.com,Info,Owner,110% Nutrition - Nutritionist Florida | Fitness SupplementsExpert,info@110nutrition.com,,Health & Supplements,100% Confirmed Real,Valid (Microsoft 365),Not Configured,Configured,No,https://www.facebook.com/ads/library/?q=110%25%20Nutrition&type=all,https://www.instagram.com/110_nutrition,https://www.facebook.com/110Nutrition,,https://x.com/110_Nutrition,,"The focus 110% Nutrition puts on clean, effective formulas is exactly what customers need."
5 Star Nutrition,5starnutrition.com,https://5starnutrition.com,Info,Owner,5 Star Nutrition | Muscle Building &amp; Weight Loss Supplements,info@5starnutritionusa.com,info@5starnutrition.com,Health & Supplements,100% Confirmed Real,Valid (Google Workspace),Configured (v=DMARC1),Configured,No,https://www.facebook.com/ads/library/?q=5%20Star%20Nutrition&type=all,https://www.instagram.com/5starnutritionusa,https://www.facebook.com/5StarNutritionUSA,,,,"The focus 5 Star Nutrition puts on clean, effective formulas is exactly what customers need."
99B Organic,99borganic.com,https://99borganic.com,99b,Online,Organic Store in Salem | 99B Organic,99b.online@gmail.com,,Health & Supplements,68% Confirmed Real,Valid (Google Workspace),Configured (v=DMARC1),Configured,No,https://www.facebook.com/ads/library/?q=99B%20Organic&type=all,https://www.instagram.com/99borganic,https://www.facebook.com/99BOrganicshop,,,,"The focus 99B Organic puts on clean, effective formulas is exactly what customers need."
AARA ORGANICS,aaraorganics.com,https://aaraorganics.com,Aaraorganics,Owner,AARA ORGANICS,aaraorganics@gmail.com,,Health & Supplements,100% Confirmed Real,Valid (Google Workspace),Configured (v=DMARC1),Configured,No,https://www.facebook.com/ads/library/?q=AARA%20ORGANICS&type=all,,,,,,"The focus AARA ORGANICS puts on clean, effective formulas is exactly what customers need."
Accelerate Wellness,acceleratewellnesses.com,https://acceleratewellnesses.com,Support,Owner,American Express,support@acceleratewellnesses.com,,Health & Supplements,100% Confirmed Real,Valid (Google Workspace),Configured (v=DMARC1),Configured,No,https://www.facebook.com/ads/library/?q=Accelerate%20Wellness&type=all,https://www.instagram.com/accelerate.activewear,https://www.facebook.com/accelerate.activewear.gears,,,,"The focus Accelerate Wellness puts on clean, effective formulas is exactly what customers need."
Advanced Nutrition Programme,advancednutritionprogramme.com.hk,https://advancednutritionprogramme.com.hk,Info,Owner,Advanced Nutrition Programme HK | 香港官方總代理,info@stp-mineral.com,order@stp-mineral.com,Health & Supplements,100% Confirmed Real,Valid (Host MX),Not Configured,Configured,No,https://www.facebook.com/ads/library/?q=Advanced%20Nutrition%20Programme&type=all,https://www.instagram.com/janeiredale_hk,https://www.facebook.com/janeiredale.hk,,,,"The focus Advanced Nutrition Programme puts on clean, effective formulas is exactly what customers need."
Align Wholebody Wellness,alignwholebodywellness.com,https://alignwholebodywellness.com,Alignwholebodywellness,Owner,Align Wholebody Wellness,alignwholebodywellness@gmail.com,,Health & Supplements,100% Confirmed Real,Valid (Google Workspace),Configured (v=DMARC1),Configured,No,https://www.facebook.com/ads/library/?q=Align%20Wholebody%20Wellness&type=all,https://www.instagram.com/alignwholebodywellness,https://www.facebook.com/profile.php,,,,"The focus Align Wholebody Wellness puts on clean, effective formulas is exactly what customers need."
Alquimia e Herbalismo,alquimiaeherbalismo.com.br,https://alquimiaeherbalismo.com.br,Alquimiaeherbalismo,Owner,Alquimia e Herbalismo | A Loja de Chás Mágicos,alquimiaeherbalismo@gmail.com,,Health & Supplements,100% Confirmed Real,Valid (Google Workspace),Configured (v=DMARC1),Configured,No,https://www.facebook.com/ads/library/?q=Alquimia%20e%20Herbalismo&type=all,https://www.instagram.com/alquimiaeherbalismo,https://www.facebook.com/alquimiaeherbalismo,https://www.tiktok.com/@alquimiaeherbalismo,,,"The focus Alquimia e Herbalismo puts on clean, effective formulas is exactly what customers need."
amazingorganics.in,amazingorganics.in,https://amazingorganics.in,Amazingorganics,Ind,"Beauty &amp; Beyond: Skin and Hair Essentials
 &ndash; amazing organics",amazingorganics.ind@gmail.com,,Health & Supplements,100% Confirmed Real,Valid (Google Workspace),Configured (v=DMARC1),Configured,No,https://www.facebook.com/ads/library/?q=amazingorganics.in&type=all,,,,,,"The focus amazingorganics.in puts on clean, effective formulas is exactly what customers need."
AMBI Fitness,ambi-fitness.com,https://ambi-fitness.com,Ambi,Fitness,AMBI Fitness,ambi.fitness@outlook.de,,Health & Supplements,63% Confirmed Real,Valid (Microsoft 365),Not Configured,Configured,No,https://www.facebook.com/ads/library/?q=AMBI%20Fitness&type=all,https://www.instagram.com/ambi_fitness_,,https://www.tiktok.com/@ambi.fitness,,,"The focus AMBI Fitness puts on clean, effective formulas is exactly what customers need."
Ancient Ayurveda,ancientayurvedastore.com,https://ancientayurvedastore.com,Ancientayurvedastore,Owner,Ancient Ayurveda,ancientayurvedastore@gmail.com,,Health & Supplements,100% Confirmed Real,Valid (Google Workspace),Configured (v=DMARC1),Configured,No,https://www.facebook.com/ads/library/?q=Ancient%20Ayurveda&type=all,https://www.instagram.com/ancientayurvedastore,,,,,"The focus Ancient Ayurveda puts on clean, effective formulas is exactly what customers need."
Ananda Wellness,anandapeacehk.com,https://anandapeacehk.com,Support,Owner,Vimergy 香港 | 健康食品 | 保健品專門店 | Ananda Wellness HK,support@anandapeace.com,,Health & Supplements,100% Confirmed Real,Valid (Host MX),Configured (v=DMARC1),Configured,No,https://www.facebook.com/ads/library/?q=Ananda%20Wellness&type=all,,,,,,"The focus Ananda Wellness puts on clean, effective formulas is exactly what customers need."
Anew Sleep,anewsleep.com,https://anewsleep.com,Hello,Owner,Anew Sleep,hello@anewsleep.com,,Health & Supplements,100% Confirmed Real,Valid (Google Workspace),Configured (v=DMARC1),Configured,No,https://www.facebook.com/ads/library/?q=Anew%20Sleep&type=all,https://www.instagram.com/anewsleep,https://www.facebook.com/anewsleep,,,,"The focus Anew Sleep puts on clean, effective formulas is exactly what customers need."
Apexx Supplements,apexxsupplements.com,https://apexxsupplements.com,Apexxsupplements,Owner,Welcome To Apexx Supplements,apexxsupplements@gmail.com,info@apexxsupplements.com,Health & Supplements,100% Confirmed Real,Valid (Google Workspace),Configured (v=DMARC1),Configured,No,https://www.facebook.com/ads/library/?q=Apexx%20Supplements&type=all,,,,,,"The focus Apexx Supplements puts on clean, effective formulas is exactly what customers need."
apexpulsefitness.com,apexpulsefitness.com,https://apexpulsefitness.com,Support,Owner,Apex Pulse Fitness – Reach Your Apex,support@apexpulsefitness.com,"ecom-swiper@11.css, ecom-swiper@11.0.5.js",Health & Supplements,100% Confirmed Real,Valid (Google Workspace),Configured (v=DMARC1),Configured,No,https://www.facebook.com/ads/library/?q=apexpulsefitness.com&type=all,,,,,,"The focus apexpulsefitness.com puts on clean, effective formulas is exactly what customers need."
Apollofitness.ie,apollofitness.ie,https://apollofitness.ie,Info,Owner,"Gym &amp; Fitness Equipment Supplier in Ireland
 &ndash; Apollofitness.ie",info@apollofitness.ie,,Health & Supplements,100% Confirmed Real,Valid (Google Workspace),Configured (v=DMARC1),Configured,No,https://www.facebook.com/ads/library/?q=Apollofitness.ie&type=all,,,,,,"The focus Apollofitness.ie puts on clean, effective formulas is exactly what customers need."
Aaramya Wellness Products,aramyacare.in,https://aramyacare.in,Aaramya1407,Owner,Aaramya Wellness Products | Herbal Care for Everyday Use,aaramya1407@gmail.com,,Health & Supplements,100% Confirmed Real,Valid (Google Workspace),Configured (v=DMARC1),Configured,No,https://www.facebook.com/ads/library/?q=Aaramya%20Wellness%20Products&type=all,https://www.instagram.com/aaramya__wellness,https://www.facebook.com/profile.php,,,,"The focus Aaramya Wellness Products puts on clean, effective formulas is exactly what customers need."
Auralia Vitamins Store,auraliastore.ie,https://auraliastore.ie,David,Owner,auraliastore.ie&ndash; Auralia Vitamins Store,david@auralia.ie,,Health & Supplements,63% Confirmed Real,Valid (Host MX),Configured (v=DMARC1),Configured,No,https://www.facebook.com/ads/library/?q=Auralia%20Vitamins%20Store&type=all,https://www.instagram.com/auralia.ie,https://www.facebook.com/AuraliaCosmeticClinic,,,,"The focus Auralia Vitamins Store puts on clean, effective formulas is exactly what customers need."
Aurika Wellness,aurikawellness.co.in,https://aurikawellness.co.in,Customercare,Owner,Aurika Wellness,customercare@aurikawellness.co.in,,Health & Supplements,100% Confirmed Real,Valid (Host MX),Configured (v=DMARC1),Configured,No,https://www.facebook.com/ads/library/?q=Aurika%20Wellness&type=all,https://www.instagram.com/aurikawellnessstore,https://www.facebook.com/profile.php,,,,"The focus Aurika Wellness puts on clean, effective formulas is exactly what customers need."
Awoken,awokennutrition.com,https://awokennutrition.com,Wecare,Owner,Awoken,wecare@awokennutrition.com,,Health & Supplements,100% Confirmed Real,Valid (Google Workspace),Not Configured,Configured,No,https://www.facebook.com/ads/library/?q=Awoken&type=all,https://www.instagram.com/awokennutrition,,https://www.tiktok.com/@awoken.nutrition,,,"The focus Awoken puts on clean, effective formulas is exactly what customers need."
Axcess Nutrition,axcessnutrition.com.au,https://axcessnutrition.com.au,Info,Owner,Axcess Nutrition,info@axcessnutrition.com.au,,Health & Supplements,100% Confirmed Real,Valid (Microsoft 365),Not Configured,Configured,No,https://www.facebook.com/ads/library/?q=Axcess%20Nutrition&type=all,,,,,,"The focus Axcess Nutrition puts on clean, effective formulas is exactly what customers need."
Aya Herbals,ayaherbals.com,https://ayaherbals.com,Brown,Owner,Online herbal store for health and nourishment | Aya Herbals,brown@healthyselves.com,,Health & Supplements,100% Confirmed Real,Valid (Microsoft 365),Not Configured,Configured,No,https://www.facebook.com/ads/library/?q=Aya%20Herbals&type=all,,,,,,"The focus Aya Herbals puts on clean, effective formulas is exactly what customers need."
Ayurveda Plaza,ayurvedaplaza.com,https://ayurvedaplaza.com,Ayurvedaplaza,Owner,Ayurveda Plaza,ayurvedaplaza@gmail.com,,Health & Supplements,100% Confirmed Real,Valid (Google Workspace),Configured (v=DMARC1),Configured,No,https://www.facebook.com/ads/library/?q=Ayurveda%20Plaza&type=all,,,,,,"The focus Ayurveda Plaza puts on clean, effective formulas is exactly what customers need."
Ayurvedwale,ayurvedwale.in,https://ayurvedwale.in,Info,Owner,Ayurvedwale,info@ayurvedwale.com,,Health & Supplements,100% Confirmed Real,Valid (Host MX),Not Configured,Configured,No,https://www.facebook.com/ads/library/?q=Ayurvedwale&type=all,,,,,,"The focus Ayurvedwale puts on clean, effective formulas is exactly what customers need."
Bar'i Wellness,bariwellness.health,https://bariwellness.health,Juices,Owner,American Express,juices@bariwellness.health,,Health & Supplements,100% Confirmed Real,Valid (Microsoft 365),Not Configured,Configured,No,https://www.facebook.com/ads/library/?q=Bar%27i%20Wellness&type=all,,,,,,"The focus Bar'i Wellness puts on clean, effective formulas is exactly what customers need."
Barn & Bee Botanicals,barnandbeebotanicals.com,https://barnandbeebotanicals.com,Barnandbeebotanicals,Owner,"Barn & Bee Botanicals 
 &ndash; Barn &amp; Bee Botanicals",barnandbeebotanicals@gmail.com,,Health & Supplements,100% Confirmed Real,Valid (Google Workspace),Configured (v=DMARC1),Configured,No,https://www.facebook.com/ads/library/?q=Barn%20%26%20Bee%20Botanicals&type=all,,,,,,"The focus Barn & Bee Botanicals puts on clean, effective formulas is exactly what customers need."
Basic Ayurveda Products,basicayurvedalimited.com,https://basicayurvedalimited.com,Kradhaenterprises,Owner,Founder / Owner @ Basic Ayurveda Products,kradhaenterprises@gmail.com,basicayurveda@gmail.com,Health & Supplements,68% Confirmed Real,Valid (Google Workspace),Configured (v=DMARC1),Configured,No,https://www.facebook.com/ads/library/?q=Basic%20Ayurveda%20Products&type=all,,https://www.facebook.com/MagenTech,,,,"The focus Basic Ayurveda Products puts on clean, effective formulas is exactly what customers need."
Baseline Wellness,baselinewell.com,https://baselinewell.com,Support,Owner,Baseline Wellness,support@baselinewell.com,,Health & Supplements,100% Confirmed Real,Valid (Microsoft 365),Configured (v=DMARC1),Configured,No,https://www.facebook.com/ads/library/?q=Baseline%20Wellness&type=all,,,,,,"The focus Baseline Wellness puts on clean, effective formulas is exactly what customers need."
Basics Nutrition,basics.cl,https://basics.cl,Contacto,Owner,Basics Nutrition,contacto@basics.cl,,Health & Supplements,100% Confirmed Real,Valid (Google Workspace),Configured (v=DMARC1),Configured,No,https://www.facebook.com/ads/library/?q=Basics%20Nutrition&type=all,https://www.instagram.com/basics_cl,,,,,"The focus Basics Nutrition puts on clean, effective formulas is exactly what customers need."
Beautysleepco,beautysleepco.com,https://beautysleepco.com,Hello,Owner,"Beauty Sleep Co
&ndash; Beautysleepco",hello@beautysleepco.com,,Health & Supplements,100% Confirmed Real,Valid (Google Workspace),Not Configured,Configured,No,https://www.facebook.com/ads/library/?q=Beautysleepco&type=all,https://www.instagram.com/beautysleepco,https://www.facebook.com/Beauty-Sleep-Co-103272807922486,,,,"The focus Beautysleepco puts on clean, effective formulas is exactly what customers need."
Vitamins,beauty-vitamins.com,https://beauty-vitamins.com,Support,Owner,Founder / Owner @ Vitamins,support@beauty-vitamins.com,,Health & Supplements,100% Confirmed Real,Valid (Host MX),Configured (v=DMARC1),Configured,No,https://www.facebook.com/ads/library/?q=Vitamins&type=all,https://www.instagram.com/beauty_vitamins24,,https://www.tiktok.com/@beauty_vitamins24,,,"The focus Vitamins puts on clean, effective formulas is exactly what customers need."
BeefProtein.co.uk,beefprotein.co.uk,https://beefprotein.co.uk,Recaptured,Owner,BeefProtein.co.uk,recaptured@me.com,,Health & Supplements,63% Confirmed Real,Valid (Apple iCloud),Configured (v=DMARC1),Configured,No,https://www.facebook.com/ads/library/?q=BeefProtein.co.uk&type=all,https://www.instagram.com/beefproteinuk,,,,,"The focus BeefProtein.co.uk puts on clean, effective formulas is exactly what customers need."
Be Natural Organics,benatural.co.za,https://benatural.co.za,Info,Owner,"Be Natural Organics - Home
 &ndash; Be Natural Organics Pty Ltd",info@benatural.co.za,u003einfo@benatural.co.za,Health & Supplements,100% Confirmed Real,Valid (Host MX),Configured (v=DMARC1),Configured,No,https://www.facebook.com/ads/library/?q=Be%20Natural%20Organics&type=all,https://www.instagram.com/benaturalcoza,https://www.facebook.com/benaturalcoza,https://www.tiktok.com/@benaturalcoza,,,"The focus Be Natural Organics puts on clean, effective formulas is exactly what customers need."
beroeawellness.com,beroeawellness.com,https://beroeawellness.com,Info,Owner,Founder / Owner @ beroeawellness.com,info@beroeawellness.com,,Health & Supplements,100% Confirmed Real,Valid (Microsoft 365),Not Configured,Configured,No,https://www.facebook.com/ads/library/?q=beroeawellness.com&type=all,https://www.instagram.com/beroea.wellness,https://www.facebook.com/people,,,,"The focus beroeawellness.com puts on clean, effective formulas is exactly what customers need."
Birds and Botanicals,birdsandbotanicals.com,https://birdsandbotanicals.com,Botanicals,Andbirds,Birds and Botanicals,botanicals.andbirds@gmail.com,,Health & Supplements,68% Confirmed Real,Valid (Google Workspace),Configured (v=DMARC1),Configured,No,https://www.facebook.com/ads/library/?q=Birds%20and%20Botanicals&type=all,,,,,,"The focus Birds and Botanicals puts on clean, effective formulas is exactly what customers need."
Birdie,birdienutrition.com,https://birdienutrition.com,Hello,Owner,"Birdie | Gélules, Gummies &amp; Boissons naturelles",hello@birdienutrition.com,partenariats@dailylab.com,Health & Supplements,100% Confirmed Real,Valid (Host MX),Configured (v=DMARC1),Configured,No,https://www.facebook.com/ads/library/?q=Birdie&type=all,https://www.instagram.com/birdie_nutrition,https://www.facebook.com/Birdie-Nutrition-2034857436816062,,,https://www.linkedin.com/company/d-lab-paris,"The focus Birdie puts on clean, effective formulas is exactly what customers need."
Blackhawk Nutrition,blackhawk-nutrition.com,https://blackhawk-nutrition.com,Help,Owner,Blackhawk Nutrition,help@blackhawk-nutrition.com,,Health & Supplements,100% Confirmed Real,Valid (Google Workspace),Configured (v=DMARC1),Configured,No,https://www.facebook.com/ads/library/?q=Blackhawk%20Nutrition&type=all,https://www.instagram.com/blackhawk.nutrition,https://www.facebook.com/blackhawknut,,,,"The focus Blackhawk Nutrition puts on clean, effective formulas is exactly what customers need."
Blair Botanicals,blairbotanicals.com,https://blairbotanicals.com,Customercare,Owner,Loc Bliss Hair Care | Shampoo Bars for Locs | Blair Botanicals,customercare@blairbotanicals.com,,Health & Supplements,100% Confirmed Real,Valid (Host MX),Configured (v=DMARC1),Configured,No,https://www.facebook.com/ads/library/?q=Blair%20Botanicals&type=all,https://www.instagram.com/blairbotanix,,https://www.tiktok.com/@blairbotanix,,,"The focus Blair Botanicals puts on clean, effective formulas is exactly what customers need."
Bloom & Balance Botanicals,bloomandbalance.shop,https://bloomandbalance.shop,Hello,Owner,American Express,hello@bloomandbalance.shop,,Health & Supplements,100% Confirmed Real,Valid (Google Workspace),Configured (v=DMARC1),None,No,https://www.facebook.com/ads/library/?q=Bloom%20%26%20Balance%20Botanicals&type=all,https://www.instagram.com/bloomandbalancebotanicals,https://www.facebook.com/profile.php,https://www.tiktok.com/@bloombalancebotanicals,,,"The focus Bloom & Balance Botanicals puts on clean, effective formulas is exactly what customers need."
BOND SUPPLEMENTS,bondsupplements.com,https://bondsupplements.com,Hello,Owner,BOND SUPPLEMENTS,hello@bondsupplements.com,,Health & Supplements,100% Confirmed Real,Valid (Google Workspace),Configured (v=DMARC1),None,No,https://www.facebook.com/ads/library/?q=BOND%20SUPPLEMENTS&type=all,https://www.instagram.com/bondsupplements,,,,,"The focus BOND SUPPLEMENTS puts on clean, effective formulas is exactly what customers need."
Botanical Beauty,botanicalxbeauty.com,https://botanicalxbeauty.com,Info,Owner,Botanical Beauty,info@botanicalxbeauty.com,,Health & Supplements,100% Confirmed Real,Valid (Host MX),Configured (v=DMARC1),Configured,No,https://www.facebook.com/ads/library/?q=Botanical%20Beauty&type=all,,,,,,"The focus Botanical Beauty puts on clean, effective formulas is exactly what customers need."
Botanical Baby,botanicalbaby.com.au,https://botanicalbaby.com.au,Hello,Owner,Botanical Baby - Australian Luxury Babywear and Swaddles,hello@botanicalbaby.com.au,,Health & Supplements,100% Confirmed Real,Valid (Google Workspace),Not Configured,Configured,No,https://www.facebook.com/ads/library/?q=Botanical%20Baby&type=all,https://www.instagram.com/shopbotanicalbaby,https://www.facebook.com/shopbotanicalbaby,,,,"The focus Botanical Baby puts on clean, effective formulas is exactly what customers need."
botanicalgreenlab.com,botanicalgreenlab.com,https://botanicalgreenlab.com,Info,Owner,American Express,info@botanicalgreenlab.com,,Health & Supplements,100% Confirmed Real,Valid (Host MX),Configured (v=DMARC1),Configured,No,https://www.facebook.com/ads/library/?q=botanicalgreenlab.com&type=all,https://www.instagram.com/botanicalgreenlab,https://www.facebook.com/botanicalgreenlab,https://www.tiktok.com/@botanicalgreenlab,,,"The focus botanicalgreenlab.com puts on clean, effective formulas is exactly what customers need."
Buff Roo Fitness,buffroo.com.au,https://buffroo.com.au,Info,Owner,Buff Roo Knee Sleeves  &ndash; Buff Roo Fitness,info@buffroo.com.au,,Health & Supplements,100% Confirmed Real,Valid (Microsoft 365),Configured (v=DMARC1),Configured,No,https://www.facebook.com/ads/library/?q=Buff%20Roo%20Fitness&type=all,https://www.instagram.com/buffroofitness,https://www.facebook.com/buffroofitness,https://www.tiktok.com/@buffroo.knee.slee,,,"The focus Buff Roo Fitness puts on clean, effective formulas is exactly what customers need."
Canada Wellness,canada-wellness.ca,https://canada-wellness.ca,Wellnesscanada,Owner,"Leading Canadian Dietary Supplements Suppliers
&ndash; Canada Wellness",wellnesscanada@126.com,,Health & Supplements,63% Confirmed Real,Valid (Host MX),Configured (v=DMARC1),Configured,No,https://www.facebook.com/ads/library/?q=Canada%20Wellness&type=all,,,,,,"The focus Canada Wellness puts on clean, effective formulas is exactly what customers need."
Candor Nutrition PK,candornutrition.pk,https://candornutrition.pk,Candornutrition,Owner,Candor Nutrition PK | Authentic Online Supplements Store in Pakistan,candornutrition@gmail.com,,Health & Supplements,100% Confirmed Real,Valid (Google Workspace),Configured (v=DMARC1),Configured,No,https://www.facebook.com/ads/library/?q=Candor%20Nutrition%20PK&type=all,,,,,,"The focus Candor Nutrition PK puts on clean, effective formulas is exactly what customers need."
Cassanova Fitness,cassanovafitness.com,https://cassanovafitness.com,Albiont02,Owner,Cassanova Fitness - Best selling work out apparel and accessories,albiont02@gmail.com,,Health & Supplements,68% Confirmed Real,Valid (Google Workspace),Configured (v=DMARC1),Configured,No,https://www.facebook.com/ads/library/?q=Cassanova%20Fitness&type=all,https://www.instagram.com/cassanovafitness,https://www.facebook.com/profile.php,,,,"The focus Cassanova Fitness puts on clean, effective formulas is exactly what customers need."
CD Wellness Hub,cdwellnesshub.com,https://cdwellnesshub.com,Cdwellnesshub,Owner,Founder / Owner @ CD Wellness Hub,cdwellnesshub@gmail.com,,Health & Supplements,100% Confirmed Real,Valid (Google Workspace),Configured (v=DMARC1),Configured,No,https://www.facebook.com/ads/library/?q=CD%20Wellness%20Hub&type=all,https://www.instagram.com/cdwellnesshub,https://www.facebook.com/profile.php,https://www.tiktok.com/@cdwellnesshub,,,"The focus CD Wellness Hub puts on clean, effective formulas is exactly what customers need."
Champion Technique Supplements,championtechniquesupplements.com,https://championtechniquesupplements.com,Support,Owner,Champion Technique Supplements Store,support@championtechnique.com,,Health & Supplements,88% Confirmed Real,Valid (Host MX),Configured (v=DMARC1),Configured,No,https://www.facebook.com/ads/library/?q=Champion%20Technique%20Supplements&type=all,,,,,,"The focus Champion Technique Supplements puts on clean, effective formulas is exactly what customers need."
chaudharynutrition.com,chaudharynutrition.com,https://chaudharynutrition.com,Chaudharynutrition1,Owner,"Chaudhary Nutrition
 &ndash; CHAUDHARY NUTRITION",chaudharynutrition1@gmail.com,files@quinn-live.bundle.js,Health & Supplements,100% Confirmed Real,Valid (Google Workspace),Configured (v=DMARC1),Configured,No,https://www.facebook.com/ads/library/?q=chaudharynutrition.com&type=all,https://www.instagram.com/chaudharynutrition_official,,,,,"The focus chaudharynutrition.com puts on clean, effective formulas is exactly what customers need."
Delyaar Wellness,del-yaar.com,https://del-yaar.com,Niktajahandad,Owner,Delyaar Wellness | Natural Herbal Remedies,niktajahandad@del-yaar.com,,Health & Supplements,100% Confirmed Real,Valid (Google Workspace),Configured (v=DMARC1),Configured,No,https://www.facebook.com/ads/library/?q=Delyaar%20Wellness&type=all,https://www.instagram.com/delyaar_wellness,,,,,"The focus Delyaar Wellness puts on clean, effective formulas is exactly what customers need."
DreamSleepz,dreamsleepzpillow.com,https://dreamsleepzpillow.com,Hello,Owner,DreamSleepz,hello@dreamsleepz.de,,Health & Supplements,93% Confirmed Real,Valid (Microsoft 365),Configured (v=DMARC1),Configured,No,https://www.facebook.com/ads/library/?q=DreamSleepz&type=all,,,,,,"The focus DreamSleepz puts on clean, effective formulas is exactly what customers need."
Reinforced Electrolytes,drinkreinforced.com,https://drinkreinforced.com,Contact,Owner,Reinforced Electrolytes,contact@drinkreinforced.com,,Health & Supplements,100% Confirmed Real,Valid (Microsoft 365),Not Configured,Configured,No,https://www.facebook.com/ads/library/?q=Reinforced%20Electrolytes&type=all,https://www.instagram.com/drinkreinforced,,,,,"The focus Reinforced Electrolytes puts on clean, effective formulas is exactly what customers need."
EaseMode Wellness,easemodewellness.com,https://easemodewellness.com,552177148,Owner,EaseMode Wellness,552177148@qq.com,,Health & Supplements,63% Confirmed Real,Valid (Host MX),Configured (v=DMARC1),Configured,No,https://www.facebook.com/ads/library/?q=EaseMode%20Wellness&type=all,,https://www.facebook.com/tr,,https://x.com/YLPrivatePick,,"The focus EaseMode Wellness puts on clean, effective formulas is exactly what customers need."
EarthSleep,earthsleep.dk,https://earthsleep.dk,Info,Owner,Grounding Lagen Danmark — EarthSleep | Sov Dybere med Grounding Sengelagen,info@earthsleep.dk,,Health & Supplements,100% Confirmed Real,Valid (Zoho Mail),Configured (v=DMARC1),Configured,No,https://www.facebook.com/ads/library/?q=EarthSleep&type=all,https://www.instagram.com/earthsleep.dk,https://www.facebook.com/earthsleep.dk,https://www.tiktok.com/@earthsleep.dk,,,"The focus EarthSleep puts on clean, effective formulas is exactly what customers need."
Earth Stewards - Certified Organic Urban Farm,earthstewards.nz,https://earthstewards.nz,Hello,Owner,American Express,hello@earthstewards.nz,,Health & Supplements,100% Confirmed Real,Valid (Microsoft 365),Configured (v=DMARC1),Configured,No,https://www.facebook.com/ads/library/?q=Earth%20Stewards%20-%20Certified%20Organic%20Urban%20Farm&type=all,https://www.instagram.com/earthstewardsurbanfarm,https://www.facebook.com/earthstewardsnz,,,,"The focus Earth Stewards - Certified Organic Urban Farm puts on clean, effective formulas is exactly what customers need."
EAT SLEEP FLY FISH,eatsleepflyfish.com,https://eatsleepflyfish.com,Info,Owner,"Eat Sleep Fly Fish
&ndash; EAT SLEEP FLY FISH",info@eatsleepflyfish.com,,Health & Supplements,100% Confirmed Real,Valid (Microsoft 365),Configured (v=DMARC1),Configured,No,https://www.facebook.com/ads/library/?q=EAT%20SLEEP%20FLY%20FISH&type=all,,,,,,"The focus EAT SLEEP FLY FISH puts on clean, effective formulas is exactly what customers need."
Embraya Wellness,embrayaofficial.com,https://embrayaofficial.com,Info,Owner,Embraya Wellness,info@embraya.co,,Health & Supplements,90% Confirmed Real,Valid (Google Workspace),Configured (v=DMARC1),None,No,https://www.facebook.com/ads/library/?q=Embraya%20Wellness&type=all,,,,,,"The focus Embraya Wellness puts on clean, effective formulas is exactly what customers need."
Ember Wellness,emberwellness.com,https://emberwellness.com,Hello,Owner,Founder / Owner @ Ember Wellness,hello@emberwellness.com,,Health & Supplements,100% Confirmed Real,Valid (Google Workspace),Configured (v=DMARC1),Configured,No,https://www.facebook.com/ads/library/?q=Ember%20Wellness&type=all,https://www.instagram.com/emberwellness,https://www.facebook.com/emberwellness,,,https://www.linkedin.com/company/ember-wellness,"The focus Ember Wellness puts on clean, effective formulas is exactly what customers need."
100% Wellness,100-wellness.hk,https://100-wellness.hk,Info,Owner,健康食品網購 | 日本健康食物食品批發 — 100% Wellness,info@100-wellness.hk,,Health & Supplements,100% Confirmed Real,Valid (Google Workspace),Not Configured,None,No,https://www.facebook.com/ads/library/?q=100%25%20Wellness&type=all,https://www.instagram.com/100percent_wellnesshk,https://www.facebook.com/100PercentWellnessHK,,,,"The focus 100% Wellness puts on clean, effective formulas is exactly what customers need."
3721 Nutrition,3721nutrition.com,https://3721nutrition.com,Business,Owner,3721 Nutrition | 優質運動營養品牌 | 香港製造,business@3721nutrition.com,,Health & Supplements,100% Confirmed Real,Valid (Zoho Mail),Configured (v=DMARC1),Configured,No,https://www.facebook.com/ads/library/?q=3721%20Nutrition&type=all,https://www.instagram.com/3721protein,https://www.facebook.com/3721nutrition,,,,"The focus 3721 Nutrition puts on clean, effective formulas is exactly what customers need."
Aahaanamooguthi,aahaanamooguthi.com,https://aahaanamooguthi.com,Aahaanamooguthii,Owner,Aahaanamooguthi,aahaanamooguthii@gmail.com,,Health & Supplements,100% Confirmed Real,Valid (Google Workspace),Configured (v=DMARC1),Configured,No,https://www.facebook.com/ads/library/?q=Aahaanamooguthi&type=all,https://www.instagram.com/aahaana_mooguthii,,,,,"The focus Aahaanamooguthi puts on clean, effective formulas is exactly what customers need."
adamyaherbalcare.com,adamyaherbalcare.com,https://adamyaherbalcare.com,Adamyaherbalcare,Owner,Buy effective Ayurvedic medicines at adamyaherbalcare.com,adamyaherbalcare@gmail.com,,Health & Supplements,100% Confirmed Real,Valid (Google Workspace),Configured (v=DMARC1),Configured,No,https://www.facebook.com/ads/library/?q=adamyaherbalcare.com&type=all,https://www.instagram.com/AdamyaHerbal,,,https://x.com/AdamyaHerbal,,"The focus adamyaherbalcare.com puts on clean, effective formulas is exactly what customers need."
Advance Nutrition Programme Singapore,advancednutritionprogramme.com.sg,https://advancednutritionprogramme.com.sg,Support,Owner,Advance Nutrition Programme Singapore,support@advancednutritionprogramme.com,ask@advancednutritionprogramme.com.sg,Health & Supplements,100% Confirmed Real,Valid (Host MX),Configured (v=DMARC1),Configured,No,https://www.facebook.com/ads/library/?q=Advance%20Nutrition%20Programme%20Singapore&type=all,,,,,,"The focus Advance Nutrition Programme Singapore puts on clean, effective formulas is exactly what customers need."
Alfa Vitamins Store,alfavitamins.com,https://alfavitamins.com,Info,Owner,Supplement and Vitamin Store Online | Alfa Vitamins Store,info@alfavitamins.com,,Health & Supplements,100% Confirmed Real,Valid (Host MX),Configured (v=DMARC1),Configured,No,https://www.facebook.com/ads/library/?q=Alfa%20Vitamins%20Store&type=all,https://www.instagram.com/alfa_vitamins,https://www.facebook.com/tr,,https://x.com/alfa_vitamins,,"The focus Alfa Vitamins Store puts on clean, effective formulas is exactly what customers need."
All Real Nutrition,allrealnutrition.com,https://allrealnutrition.com,Support,Owner,All Real Nutrition | Irish Grass-Fed Protein Bars Made from Real Food,support@eatallreal.com,support@allrealnutrition.com,Health & Supplements,100% Confirmed Real,Valid (Google Workspace),Configured (v=DMARC1),None,No,https://www.facebook.com/ads/library/?q=All%20Real%20Nutrition&type=all,https://www.instagram.com/allrealnutrition,https://www.facebook.com/AllRealNutrition,https://www.tiktok.com/@all_real_nutrition,https://x.com/allrealn,,"The focus All Real Nutrition puts on clean, effective formulas is exactly what customers need."
ALL STARS Fitness,allstars-cz.com,https://allstars-cz.com,Info,Owner,ALL STARS Sportovní výživa Premium Sports Nutrition,info@all-stars.de,example@gmail.com,Health & Supplements,88% Confirmed Real,Valid (Host MX),Configured (v=DMARC1),Configured,No,https://www.facebook.com/ads/library/?q=ALL%20STARS%20Fitness&type=all,,,,,,"The focus ALL STARS Fitness puts on clean, effective formulas is exactly what customers need."
AllWellO Organic Cold-Pressed Juice,allwello.com,https://allwello.com,Info,Owner,AllWellO Organic Cold-Pressed Juices &amp; Wellness Shots,info@allwello.com,,Health & Supplements,100% Confirmed Real,Valid (Host MX),Configured (v=DMARC1),Configured,No,https://www.facebook.com/ads/library/?q=AllWellO%20Organic%20Cold-Pressed%20Juice&type=all,https://www.instagram.com/allwellojuice,https://www.facebook.com/allwellojuice,,,,"The focus AllWellO Organic Cold-Pressed Juice puts on clean, effective formulas is exactly what customers need."
ALTERhubs - The Wellness Store,alterhubs.com,https://alterhubs.com,K,Efraimidis,ALTERhubs - The Wellness Store,k.efraimidis@alterhubs.com,info@alterhubs.com,Health & Supplements,100% Confirmed Real,Valid (Google Workspace),Configured (v=DMARC1),Configured,No,https://www.facebook.com/ads/library/?q=ALTERhubs%20-%20The%20Wellness%20Store&type=all,https://www.instagram.com/alterhubs.efraimidis,https://www.facebook.com/alterhubs.efraimidis.konstantinos,https://www.tiktok.com/@alterhubs.efraimidis,,,"The focus ALTERhubs - The Wellness Store puts on clean, effective formulas is exactly what customers need."
alva sleep,alvasleep.de,https://alvasleep.de,Support,Owner,alva sleep - das Original - 100% luxuriöse Lyocell Bettwäsche,support@alvasleep.de,,Health & Supplements,100% Confirmed Real,Valid (Host MX),Configured (v=DMARC1),Configured,No,https://www.facebook.com/ads/library/?q=alva%20sleep&type=all,,,,,,"The focus alva sleep puts on clean, effective formulas is exactly what customers need."
Ami Fitness,amifitness.mx,https://amifitness.mx,Info,Owner,Ami Fitness | Get Your Glow On,info@amifitness.com,,Health & Supplements,100% Confirmed Real,Valid (Google Workspace),Configured (v=DMARC1),Configured,No,https://www.facebook.com/ads/library/?q=Ami%20Fitness&type=all,https://www.instagram.com/amifitness,,https://www.tiktok.com/@amifitness,,,"The focus Ami Fitness puts on clean, effective formulas is exactly what customers need."
AM Move | Fitness Wear,ammove.co.uk,https://ammove.co.uk,Ammoveuksac,Owner,"AM Move Fitness
 &ndash; AM Move | Fitness Wear",ammoveuksac@gmail.com,,Health & Supplements,100% Confirmed Real,Valid (Google Workspace),Configured (v=DMARC1),Configured,No,https://www.facebook.com/ads/library/?q=AM%20Move%20%7C%20Fitness%20Wear&type=all,https://www.instagram.com/ammoveuk,,,,,"The focus AM Move | Fitness Wear puts on clean, effective formulas is exactly what customers need."
anew sleep,anewsleep.dk,https://anewsleep.dk,Hej,Owner,anew sleep - Dansk forhandler af tyngdedyner i den bedste kvalitet,hej@anewsleep.dk,,Health & Supplements,100% Confirmed Real,Valid (Google Workspace),Configured (v=DMARC1),Configured,No,https://www.facebook.com/ads/library/?q=anew%20sleep&type=all,https://www.instagram.com/anewsleep,https://www.facebook.com/anewsleep,,,,"The focus anew sleep puts on clean, effective formulas is exactly what customers need."
Appalachian Herbal Co.,appalachianherbalco.com,https://appalachianherbalco.com,Jen,Owner,Appalachian Herbal Co.,jen@appalachianherbalco.com,,Health & Supplements,98% Confirmed Real,Valid (Host MX),Not Configured,Configured,No,https://www.facebook.com/ads/library/?q=Appalachian%20Herbal%20Co.&type=all,,https://www.facebook.com/profile.php,,,,"The focus Appalachian Herbal Co. puts on clean, effective formulas is exactly what customers need."
Arcwell Health Supplements,arcwell.life,https://arcwell.life,Hello,Owner,Founder / Owner @ Arcwell Health Supplements,hello@arcwell.ca,support@arcwell.ca,Health & Supplements,100% Confirmed Real,Valid (Google Workspace),Configured (v=DMARC1),Configured,No,https://www.facebook.com/ads/library/?q=Arcwell%20Health%20Supplements&type=all,https://www.instagram.com/arcwellhealth,https://www.facebook.com/ArcwellHealth,https://www.tiktok.com/@arcwellhealth,https://x.com/arcwellhealth,,"The focus Arcwell Health Supplements puts on clean, effective formulas is exactly what customers need."
NUTRIPEDIA,arscornutrition.com,https://arscornutrition.com,Arscornutrition,Owner,Arscor Nutrition® | Best Sports Nutrition &amp; Fitness Supplements,arscornutrition@gmail.com,info@arscornutrition.com,Health & Supplements,100% Confirmed Real,Valid (Google Workspace),Configured (v=DMARC1),Configured,No,https://www.facebook.com/ads/library/?q=NUTRIPEDIA&type=all,https://www.instagram.com/arscornutrition_official,https://www.facebook.com/profile.php,,,,"The focus NUTRIPEDIA puts on clean, effective formulas is exactly what customers need."
artha-ayurveda.com,artha-ayurveda.com,https://artha-ayurveda.com,Info,Owner,"Artha Ayurveda | A-Beauty
 | artha-ayurveda.com",info@artha-ayurveda.com,support@artha-ayurveda.com,Health & Supplements,100% Confirmed Real,Valid (Google Workspace),Configured (v=DMARC1),None,No,https://www.facebook.com/ads/library/?q=artha-ayurveda.com&type=all,https://www.instagram.com/artha.ayurveda,,,,,"The focus artha-ayurveda.com puts on clean, effective formulas is exactly what customers need."
Aspen Road Organics,aspenroadorganics.ca,https://aspenroadorganics.ca,Aspenroadorganics,Owner,Aspen Road Organics,aspenroadorganics@gmail.com,,Health & Supplements,100% Confirmed Real,Valid (Google Workspace),Configured (v=DMARC1),Configured,No,https://www.facebook.com/ads/library/?q=Aspen%20Road%20Organics&type=all,,,,,,"The focus Aspen Road Organics puts on clean, effective formulas is exactly what customers need."
Aterak Nutrition,ateraknutrition.com,https://ateraknutrition.com,Info,Owner,Aterak Nutrition Targeted Equine Wellness for Metabolic Health,info@ateraknutrition.com,,Health & Supplements,100% Confirmed Real,Valid (Google Workspace),Configured (v=DMARC1),None,No,https://www.facebook.com/ads/library/?q=Aterak%20Nutrition&type=all,https://www.instagram.com/ateraknutrition,https://www.facebook.com/alineforeverylifestyle,https://www.tiktok.com/@ateraknutrition,,,"The focus Aterak Nutrition puts on clean, effective formulas is exactly what customers need."
AuraFlex Fitness,auraflexfitness.co.uk,https://auraflexfitness.co.uk,Contact,Owner,AuraFlex Fitness,contact@softauraworld.com,,Health & Supplements,100% Confirmed Real,Valid (Host MX),Configured (v=DMARC1),Configured,No,https://www.facebook.com/ads/library/?q=AuraFlex%20Fitness&type=all,,,,,,"The focus AuraFlex Fitness puts on clean, effective formulas is exactly what customers need."
Auro Wellness,aurowellness.com,https://aurowellness.com,Partnerships,Owner,Auro Wellness,partnerships@aurowellness.com,u003epartnerships@aurowellness.com,Health & Supplements,100% Confirmed Real,Valid (Host MX),Configured (v=DMARC1),Configured,No,https://www.facebook.com/ads/library/?q=Auro%20Wellness&type=all,,https://www.facebook.com/tr,,,,"The focus Auro Wellness puts on clean, effective formulas is exactly what customers need."
Avolt Nutrition,avoltnutrition.com,https://avoltnutrition.com,Support,Owner,Avolt Nutrition,support@avoltnutrition.com,,Health & Supplements,100% Confirmed Real,Valid (Google Workspace),Configured (v=DMARC1),Configured,No,https://www.facebook.com/ads/library/?q=Avolt%20Nutrition&type=all,https://www.instagram.com/avoltnutrition,https://www.facebook.com/avoltnutrition,,,,"The focus Avolt Nutrition puts on clean, effective formulas is exactly what customers need."
AYMES Nutrition,aymes.com,https://aymes.com,Customercare,Owner,AYMES Oral Nutritional Supplements,customercare@aymes.com,,Health & Supplements,100% Confirmed Real,Valid (Microsoft 365),Configured (v=DMARC1),Configured,No,https://www.facebook.com/ads/library/?q=AYMES%20Nutrition&type=all,https://www.instagram.com/aymesnutrition,https://www.facebook.com/aymesnutrition,,https://x.com/AYMESNutrition,https://www.linkedin.com/company/AYMES,"The focus AYMES Nutrition puts on clean, effective formulas is exactly what customers need."
Ayurveda Rituals Skincare,ayurvedaritualsskincare.com,https://ayurvedaritualsskincare.com,Info,Owner,"Ayurveda Rituals Skin Care
&ndash; Ayurveda Rituals Skincare",info@ayurvedictouch.com,,Health & Supplements,100% Confirmed Real,Valid (Host MX),Configured (v=DMARC1),Configured,No,https://www.facebook.com/ads/library/?q=Ayurveda%20Rituals%20Skincare&type=all,https://www.instagram.com/ayurveda_rituals,https://www.facebook.com/ayurvedaritualsstudiospa,,https://x.com/Ayurvedictouch,,"The focus Ayurveda Rituals Skincare puts on clean, effective formulas is exactly what customers need."
Ayur Herbals,ayurherbals.co,https://ayurherbals.co,Ccare,Owner,"Ayur Herbals | Herbal Hair Care, Herbal Skin Care &amp; Body Care",ccare@rdmcare.com,,Health & Supplements,93% Confirmed Real,Valid (Google Workspace),Configured (v=DMARC1),Configured,No,https://www.facebook.com/ads/library/?q=Ayur%20Herbals&type=all,https://www.instagram.com/ayur.herbals,https://www.facebook.com/AyurHerbals.official,,https://x.com/ayur_herbals,,"The focus Ayur Herbals puts on clean, effective formulas is exactly what customers need."
Buy Protein Smoothie Online,baananutrition.com,https://baananutrition.com,Info,Owner,Healthy Juices &amp; Smoothies | Buy Protein Smoothie Online,info@baananutrition.com,,Health & Supplements,100% Confirmed Real,Valid (Google Workspace),Not Configured,None,No,https://www.facebook.com/ads/library/?q=Buy%20Protein%20Smoothie%20Online&type=all,,https://www.facebook.com/tr,,,,"The focus Buy Protein Smoothie Online puts on clean, effective formulas is exactly what customers need."
Bamboo Sleeps,bamboosleeps.com,https://bamboosleeps.com,Bamboosleeps,Owner,Bamboo Sleeps,bamboosleeps@gmail.com,,Health & Supplements,100% Confirmed Real,Valid (Google Workspace),Configured (v=DMARC1),Configured,No,https://www.facebook.com/ads/library/?q=Bamboo%20Sleeps&type=all,https://www.instagram.com/bamboosleeps,https://www.facebook.com/bamboosleeps,,,,"The focus Bamboo Sleeps puts on clean, effective formulas is exactly what customers need."
Baltistan Organic Dry Fruits,baltistanorganicdryfruits.com,https://baltistanorganicdryfruits.com,Baltistanorganicd,Owner,Founder / Owner @ Baltistan Organic Dry Fruits,baltistanorganicd@gmail.com,,Health & Supplements,68% Confirmed Real,Valid (Google Workspace),Configured (v=DMARC1),Configured,No,https://www.facebook.com/ads/library/?q=Baltistan%20Organic%20Dry%20Fruits&type=all,,,,,,"The focus Baltistan Organic Dry Fruits puts on clean, effective formulas is exactly what customers need."
beautysleep.co.in,beautysleep.co.in,https://beautysleep.co.in,Beautysleepindia,Owner,BeautySleep India Anti Wrinkle Pillow &amp; Skin Care Solutions,beautysleepindia@gmail.com,,Health & Supplements,100% Confirmed Real,Valid (Google Workspace),Configured (v=DMARC1),Configured,No,https://www.facebook.com/ads/library/?q=beautysleep.co.in&type=all,https://www.instagram.com/beautysleep.co.in,https://www.facebook.com/tr,,,,"The focus beautysleep.co.in puts on clean, effective formulas is exactly what customers need."
BASED,bebasedfitness.com,https://bebasedfitness.com,Support,Owner,BASED Fitness — Automated Protocols For Strength &amp; Fat Loss,support@bebasedfitness.com,,Health & Supplements,100% Confirmed Real,Valid (Host MX),Configured (v=DMARC1),Configured,No,https://www.facebook.com/ads/library/?q=BASED&type=all,https://www.instagram.com/be.based.fitness,,https://www.tiktok.com/@be.based.fitness,https://x.com/bebasedfitness,,"The focus BASED puts on clean, effective formulas is exactly what customers need."
Beyond Max Supplements & Nutrition,beyond-max.com,https://beyond-max.com,Beyondmaxohio,Owner,Beyond Max Supplements &amp; Nutrition,beyondmaxohio@gmail.com,,Health & Supplements,100% Confirmed Real,Valid (Google Workspace),Configured (v=DMARC1),Configured,No,https://www.facebook.com/ads/library/?q=Beyond%20Max%20Supplements%20%26%20Nutrition&type=all,https://www.instagram.com/beyond_max_supps,https://www.facebook.com/beyondmaxsupps,,,,"The focus Beyond Max Supplements & Nutrition puts on clean, effective formulas is exactly what customers need."
Bewe Fitness,bewefitness.com,https://bewefitness.com,Help,Owner,American Express,help@bewefitness.com,,Health & Supplements,100% Confirmed Real,Valid (Host MX),Configured (v=DMARC1),Configured,No,https://www.facebook.com/ads/library/?q=Bewe%20Fitness&type=all,https://www.instagram.com/bewe.fit,,https://www.tiktok.com/@bewe.fit,,,"The focus Bewe Fitness puts on clean, effective formulas is exactly what customers need."
biggestflexfitness.com,biggestflexfitness.com,https://biggestflexfitness.com,Info,Owner,user,info@biggestflexfitness.com,,Health & Supplements,100% Confirmed Real,Valid (Host MX),Configured (v=DMARC1),Configured,No,https://www.facebook.com/ads/library/?q=biggestflexfitness.com&type=all,https://www.instagram.com/shopify,,https://www.tiktok.com/@biggestflexfitness,,,"The focus biggestflexfitness.com puts on clean, effective formulas is exactly what customers need."
BioNutri Supplements,bionutrisupplements.com,https://bionutrisupplements.com,Info,Owner,BioNutri Supplements LLC,info@bionutrisupplements.com,,Health & Supplements,100% Confirmed Real,Valid (Host MX),Configured (v=DMARC1),Configured,No,https://www.facebook.com/ads/library/?q=BioNutri%20Supplements&type=all,,,,,,"The focus BioNutri Supplements puts on clean, effective formulas is exactly what customers need."
Birch Moon Wellness Co.,birchmoon.ca,https://birchmoon.ca,Hello,Owner,Birch Moon Wellness Co. | Chaga &amp; Herbal Wellness Teas,hello@birchmoon.ca,,Health & Supplements,100% Confirmed Real,Valid (Google Workspace),Not Configured,Configured,No,https://www.facebook.com/ads/library/?q=Birch%20Moon%20Wellness%20Co.&type=all,https://www.instagram.com/birch.moon,https://www.facebook.com/birchmoonwellnessco,https://www.tiktok.com/@birchmoon,,,"The focus Birch Moon Wellness Co. puts on clean, effective formulas is exactly what customers need."
Blissful Sleep,blissfulsleep.com,https://blissfulsleep.com,Info,Owner,Blissful Sleep Mattress Stores Los Angeles,info@blissfulsleep.com,,Health & Supplements,100% Confirmed Real,Valid (Google Workspace),Not Configured,None,No,https://www.facebook.com/ads/library/?q=Blissful%20Sleep&type=all,https://www.instagram.com/blissfulsleep,https://www.facebook.com/tr,,,,"The focus Blissful Sleep puts on clean, effective formulas is exactly what customers need."
Bliss Nutrition,blissnu.com,https://blissnu.com,Support,Owner,Bliss Nutrition,support@blissnu.com,info@blissnu.com,Health & Supplements,100% Confirmed Real,Valid (Microsoft 365),Not Configured,Configured,No,https://www.facebook.com/ads/library/?q=Bliss%20Nutrition&type=all,https://www.instagram.com/myblissnutrition,,,,,"The focus Bliss Nutrition puts on clean, effective formulas is exactly what customers need."
Blue Forge Nutrition,blueforgenutrition.com,https://blueforgenutrition.com,Dngriffin016,Owner,Blue Forge Nutrition,dngriffin016@gmail.com,,Health & Supplements,68% Confirmed Real,Valid (Google Workspace),Configured (v=DMARC1),Configured,No,https://www.facebook.com/ads/library/?q=Blue%20Forge%20Nutrition&type=all,,,,,,"The focus Blue Forge Nutrition puts on clean, effective formulas is exactly what customers need."
B.Organics,borganics.cl,https://borganics.cl,Info,Owner,B.Organics,info@borganics.cl,,Health & Supplements,100% Confirmed Real,Valid (Host MX),Configured (v=DMARC1),Configured,No,https://www.facebook.com/ads/library/?q=B.Organics&type=all,https://www.instagram.com/borganics.cl,https://www.facebook.com/b.organicschile,,,https://www.linkedin.com/company/b-organics,"The focus B.Organics puts on clean, effective formulas is exactly what customers need."
botanical yarn,botanicalyarn.com,https://botanicalyarn.com,Orders,Owner,"Botanical Yarn
 &ndash; botanical yarn",orders@botanicalyarn.com,,Health & Supplements,100% Confirmed Real,Valid (Google Workspace),Configured (v=DMARC1),None,No,https://www.facebook.com/ads/library/?q=botanical%20yarn&type=all,https://www.instagram.com/botanicalyarn,https://www.facebook.com/botanicalyarn,,,,"The focus botanical yarn puts on clean, effective formulas is exactly what customers need."
Breathe and Flow Wellness,breatheandflowwellness.shop,https://breatheandflowwellness.shop,Hello,Owner,"Breathe and Flow Wellness | Gemstone Bracelets, Balms &amp; Ritual Candles",hello@breatheandflowwellness.shop,,Health & Supplements,100% Confirmed Real,Valid (Host MX),Configured (v=DMARC1),Configured,No,https://www.facebook.com/ads/library/?q=Breathe%20and%20Flow%20Wellness&type=all,,,,,,"The focus Breathe and Flow Wellness puts on clean, effective formulas is exactly what customers need."
Chitral Organics,chitralorganic.com,https://chitralorganic.com,Info,Owner,Chitral Organics - Your Source for Premium Organic Seeds &amp; Salajeet,info@chitralorganic.com,,Health & Supplements,98% Confirmed Real,Valid (Host MX),Not Configured,Configured,No,https://www.facebook.com/ads/library/?q=Chitral%20Organics&type=all,,https://www.facebook.com/tr,,,,"The focus Chitral Organics puts on clean, effective formulas is exactly what customers need."
Dark Water Supplements,darkwatersupps.com,https://darkwatersupps.com,Info,Owner,"DARK WATER SUPPLEMENTS
 &ndash; Dark Water Supplements",info@darkwatersupps.com,,Health & Supplements,98% Confirmed Real,Valid (Zoho Mail),Not Configured,Configured,No,https://www.facebook.com/ads/library/?q=Dark%20Water%20Supplements&type=all,,,,,,"The focus Dark Water Supplements puts on clean, effective formulas is exactly what customers need."
dauntlessfitnessdepot.com,dauntlessfitnessdepot.com,https://dauntlessfitnessdepot.com,Dauntlessfitnessdepot,Owner,"Dauntless Fitness Depot Graphic Gym Clothing, Gear and Supplements",dauntlessfitnessdepot@gmail.com,customerservice@dauntlessfitnessdepot.com,Health & Supplements,100% Confirmed Real,Valid (Google Workspace),Configured (v=DMARC1),Configured,No,https://www.facebook.com/ads/library/?q=dauntlessfitnessdepot.com&type=all,,https://www.facebook.com/profile.php,,,,"The focus dauntlessfitnessdepot.com puts on clean, effective formulas is exactly what customers need."
DiscoverCollagen.com,discovercollagen.com,https://discovercollagen.com,Visionmindsetwealth,Owner,DiscoverCollagen.com bringing you advanced science supplements,visionmindsetwealth@gmail.com,,Health & Supplements,68% Confirmed Real,Valid (Google Workspace),Configured (v=DMARC1),Configured,No,https://www.facebook.com/ads/library/?q=DiscoverCollagen.com&type=all,https://www.instagram.com/shawnp.alford,https://www.facebook.com/ShawnP.Alford,https://www.tiktok.com/@shawnpalford,https://x.com/shawnpalford,,"The focus DiscoverCollagen.com puts on clean, effective formulas is exactly what customers need."
Division Fitness,divisionfitness.com,https://divisionfitness.com,Divisionfitness01,Owner,Division Fitness,divisionfitness01@gmail.com,,Health & Supplements,100% Confirmed Real,Valid (Google Workspace),Configured (v=DMARC1),Configured,No,https://www.facebook.com/ads/library/?q=Division%20Fitness&type=all,https://www.instagram.com/division.fitness,https://www.facebook.com/divisionfitness01,,,,"The focus Division Fitness puts on clean, effective formulas is exactly what customers need."
dotewellness.com,dotewellness.com,https://dotewellness.com,Hello,Owner,"Active Wellness for Bodies in Motion
 &ndash; Dote Wellness",hello@dotewellness.com,,Health & Supplements,100% Confirmed Real,Valid (Host MX),Configured (v=DMARC1),Configured,No,https://www.facebook.com/ads/library/?q=dotewellness.com&type=all,https://www.instagram.com/dote_wellness,https://www.facebook.com/dotewellness,,,,"The focus dotewellness.com puts on clean, effective formulas is exactly what customers need."
3Luxe Wellness,3luxewellness.com,https://3luxewellness.com,Info,Owner,"Aesthetic Supplies &amp; Salon Equipment UK
 &ndash; 3Luxe Wellness",info@3luxewellness.com,,Health & Supplements,100% Confirmed Real,Valid (Zoho Mail),Configured (v=DMARC1),Configured,No,https://www.facebook.com/ads/library/?q=3Luxe%20Wellness&type=all,,,,,,"The focus 3Luxe Wellness puts on clean, effective formulas is exactly what customers need."
6666 Equine Supplements,6666equinesupplements.com,https://6666equinesupplements.com,Support,Owner,"6666&#39;s Equine Supplements
 &ndash; 6666 Equine Supplements",support@6666equinesupplements.com,,Health & Supplements,100% Confirmed Real,Valid (Google Workspace),Configured (v=DMARC1),Configured,No,https://www.facebook.com/ads/library/?q=6666%20Equine%20Supplements&type=all,https://www.instagram.com/6666equinesupplements,https://www.facebook.com/6666equinesupplements,https://www.tiktok.com/@6666equinesupplements,,https://www.linkedin.com/company/6666-equine-supplements,"The focus 6666 Equine Supplements puts on clean, effective formulas is exactly what customers need."
Actuality Fitness,actualityfitness.com,https://actualityfitness.com,Contact,Owner,Actuality Fitness,contact@actualityfitness.com,,Health & Supplements,100% Confirmed Real,Valid (Google Workspace),Configured (v=DMARC1),None,No,https://www.facebook.com/ads/library/?q=Actuality%20Fitness&type=all,,,,,,"The focus Actuality Fitness puts on clean, effective formulas is exactly what customers need."
Aera Fitness Apparel,aerafitapparel.com,https://aerafitapparel.com,Aerafitapparel,Owner,Aera Fitness Apparel,aerafitapparel@gmail.com,,Health & Supplements,100% Confirmed Real,Valid (Google Workspace),Configured (v=DMARC1),Configured,No,https://www.facebook.com/ads/library/?q=Aera%20Fitness%20Apparel&type=all,,,,,,"The focus Aera Fitness Apparel puts on clean, effective formulas is exactly what customers need."
All Nutrition,allnutrition.cl,https://allnutrition.cl,Servicioalcliente,Owner,"All Nutrition - Todo para tu deporte, salud, belleza y bienestar",servicioalcliente@allnutrition.cl,back-in-stock@notifyboost.net,Health & Supplements,100% Confirmed Real,Valid (Microsoft 365),Configured (v=DMARC1),Configured,No,https://www.facebook.com/ads/library/?q=All%20Nutrition&type=all,https://www.instagram.com/allnutritiononline,https://www.facebook.com/AllNutrition,https://www.tiktok.com/@allnutritiononline,https://x.com/allnutritioncl,,"The focus All Nutrition puts on clean, effective formulas is exactly what customers need."
All Out Nutrition,alloutnutrition.com,https://alloutnutrition.com,Info,Owner,All Out Nutrition,info@alloutnutrition.com,,Health & Supplements,100% Confirmed Real,Valid (Google Workspace),Not Configured,Configured,No,https://www.facebook.com/ads/library/?q=All%20Out%20Nutrition&type=all,https://www.instagram.com/goalloutnutrition,https://www.facebook.com/alloutnutritionllc,,,,"The focus All Out Nutrition puts on clean, effective formulas is exactly what customers need."
AllThrive Nutrition,allthrivenutrition.com,https://allthrivenutrition.com,Feedback,Owner,AllThrive Nutrition | Effortless Premium Pre-Workout Energy Drink,feedback@allthrivenutrition.com,"contact@allthrivenutrition.com, rhiannonsarahm@gmail.com",Health & Supplements,100% Confirmed Real,Valid (Google Workspace),Not Configured,None,No,https://www.facebook.com/ads/library/?q=AllThrive%20Nutrition&type=all,https://www.instagram.com/allthrivenutrition,https://www.facebook.com/allthrivenutrition,https://www.tiktok.com/@allthrivenutrition,,,"The focus AllThrive Nutrition puts on clean, effective formulas is exactly what customers need."
Alphadog,alphadog-nutrition.de,https://alphadog-nutrition.de,Info,Owner,Alphadog Nutrition | Artgerechtes Hundefutter ohne Getreide,info@alphadog-nutrition.de,"u003einfo@alphadog-nutrition.de, deine@email.de",Health & Supplements,100% Confirmed Real,Valid (Host MX),Configured (v=DMARC1),Configured,No,https://www.facebook.com/ads/library/?q=Alphadog&type=all,,https://www.facebook.com/people,https://www.tiktok.com/@alphadog.nutrition,,,"The focus Alphadog puts on clean, effective formulas is exactly what customers need."
Altered Nutrition,altered.shop,https://altered.shop,Info,Owner,Altered Nutrition,info@nueramuscle.com,,Health & Supplements,100% Confirmed Real,Valid (Microsoft 365),Not Configured,Configured,No,https://www.facebook.com/ads/library/?q=Altered%20Nutrition&type=all,https://www.instagram.com/altered_nutrition_official,,,,,"The focus Altered Nutrition puts on clean, effective formulas is exactly what customers need."
Toast! Supplements Inc,alwaystoast.com,https://alwaystoast.com,Info,Owner,Founder / Owner @ Toast! Supplements Inc,info@alwaystoast.com,,Health & Supplements,100% Confirmed Real,Valid (Google Workspace),Configured (v=DMARC1),None,No,https://www.facebook.com/ads/library/?q=Toast%21%20Supplements%20Inc&type=all,https://www.instagram.com/alwaystoast,https://www.facebook.com/alwaystoast,,https://x.com/AlwaysToast,,"The focus Toast! Supplements Inc puts on clean, effective formulas is exactly what customers need."
ansonfitness.com,ansonfitness.com,https://ansonfitness.com,Ansonfitnessofficial,Owner,Founder / Owner @ ansonfitness.com,ansonfitnessofficial@gmail.com,"files@quinn-live.bundle.js, ecom-swiper@11.css",Health & Supplements,100% Confirmed Real,Valid (Google Workspace),Configured (v=DMARC1),Configured,No,https://www.facebook.com/ads/library/?q=ansonfitness.com&type=all,https://www.instagram.com/anson_sports,https://www.facebook.com/homegymmanufacturerinindia,,,,"The focus ansonfitness.com puts on clean, effective formulas is exactly what customers need."
Anthea Organics,antheaorganics.gr,https://antheaorganics.gr,Contact,Owner,Anthea Organics | Premium Organic Teas &amp; Herbal Blends for Wellness,contact@antheaorganics.gr,,Health & Supplements,100% Confirmed Real,Valid (Host MX),Configured (v=DMARC1),Configured,No,https://www.facebook.com/ads/library/?q=Anthea%20Organics&type=all,https://www.instagram.com/antheaorganics,https://www.facebook.com/antheaorganic,,,,"The focus Anthea Organics puts on clean, effective formulas is exactly what customers need."
Appalachian Botanical Co.,appalachianbotanical.com,https://appalachianbotanical.com,Support,Owner,Appalachian Botanical Co.,support@appalachianbotanical.com,,Health & Supplements,100% Confirmed Real,Valid (Google Workspace),Not Configured,None,No,https://www.facebook.com/ads/library/?q=Appalachian%20Botanical%20Co.&type=all,https://www.instagram.com/appalachianbotanicalco,https://www.facebook.com/appalachianbotanicalco,,https://x.com/abcolavender,,"The focus Appalachian Botanical Co. puts on clean, effective formulas is exactly what customers need."
Arloe Wellness,arloewellness.com.au,https://arloewellness.com.au,Info,Owner,Founder / Owner @ Arloe Wellness,info@arloewellness.com.au,,Health & Supplements,100% Confirmed Real,Valid (Google Workspace),Not Configured,Configured,No,https://www.facebook.com/ads/library/?q=Arloe%20Wellness&type=all,https://www.instagram.com/arloewellness,https://www.facebook.com/profile.php,,,,"The focus Arloe Wellness puts on clean, effective formulas is exactly what customers need."
asleepness,asleepness.com,https://asleepness.com,Kundeservice,Asleepness,"Soveprodukter der mindsker snorken og optimerer nattesøvnen
&ndash; asleepness",kundeservice-asleepness@hotmail.com,,Health & Supplements,100% Confirmed Real,Valid (Microsoft 365),Configured (v=DMARC1),Configured,No,https://www.facebook.com/ads/library/?q=asleepness&type=all,https://www.instagram.com/asleepnessis,https://www.facebook.com/asleepness,,,,"The focus asleepness puts on clean, effective formulas is exactly what customers need."
Astral Herbal,astralherbal.com,https://astralherbal.com,Hello,Owner,Astral Herbal,hello@astralherbal.com,,Health & Supplements,100% Confirmed Real,Valid (Google Workspace),Configured (v=DMARC1),None,No,https://www.facebook.com/ads/library/?q=Astral%20Herbal&type=all,https://www.instagram.com/astral_herbal,,https://www.tiktok.com/@astral.herbal,,,"The focus Astral Herbal puts on clean, effective formulas is exactly what customers need."
Atlantis Sleep,atlantissleep.com.au,https://atlantissleep.com.au,Hello,Owner,Atlantis Sleep | Award Winning Mattresses,hello@atlantissleep.com.au,,Health & Supplements,100% Confirmed Real,Valid (Microsoft 365),Configured (v=DMARC1),Configured,No,https://www.facebook.com/ads/library/?q=Atlantis%20Sleep&type=all,https://www.instagram.com/atlantissleep,https://www.facebook.com/profile.php,,,,"The focus Atlantis Sleep puts on clean, effective formulas is exactly what customers need."
Auréa Wellness,aureawellness.us,https://aureawellness.us,Shopaureawellness,Owner,Auréa Wellness,shopaureawellness@outlook.com,,Health & Supplements,100% Confirmed Real,Valid (Microsoft 365),Configured (v=DMARC1),Configured,No,https://www.facebook.com/ads/library/?q=Aur%C3%A9a%20Wellness&type=all,https://www.instagram.com/shopify,,https://www.tiktok.com/@shopify,https://x.com/shopify,,"The focus Auréa Wellness puts on clean, effective formulas is exactly what customers need."
AURIPURA,auripura-sleep.com,https://auripura-sleep.com,Support,Owner,Chakrenmatratze AURIPURA® - Bewusst schlafen mit Energiestäben,support@auripura-sleep.com,,Health & Supplements,100% Confirmed Real,Valid (Host MX),Configured (v=DMARC1),Configured,No,https://www.facebook.com/ads/library/?q=AURIPURA&type=all,https://www.instagram.com/auripura_sleep,,,,,"The focus AURIPURA puts on clean, effective formulas is exactly what customers need."
Aussie Fit Nutrition,aussiefitnutrition.com,https://aussiefitnutrition.com,Sales,Owner,Performance Supplements Australia | Aussie Fit Nutrition,sales@aussiefitnutrition.com,,Health & Supplements,100% Confirmed Real,Valid (Host MX),Configured (v=DMARC1),Configured,No,https://www.facebook.com/ads/library/?q=Aussie%20Fit%20Nutrition&type=all,https://www.instagram.com/aussiefit.nutrition,https://www.facebook.com/people,https://www.tiktok.com/@aussiefit.nutrition,,,"The focus Aussie Fit Nutrition puts on clean, effective formulas is exactly what customers need."
Avid Sensory Wellness,avidsensorywellness.com,https://avidsensorywellness.com,Avidsensorywellness,Owner,Avid Sensory Wellness,avidsensorywellness@gmail.com,u003eavidsensorywellness@gmail.com,Health & Supplements,100% Confirmed Real,Valid (Google Workspace),Configured (v=DMARC1),Configured,No,https://www.facebook.com/ads/library/?q=Avid%20Sensory%20Wellness&type=all,https://www.instagram.com/avidsensorywellness,https://www.facebook.com/AVIDSensoryWellness,https://www.tiktok.com/@avidsensory,,,"The focus Avid Sensory Wellness puts on clean, effective formulas is exactly what customers need."
ayurlifeherbals.com,ayurlifeherbals.com,https://ayurlifeherbals.com,Info,Owner,"AYUR LIFE HERBALS
&ndash; Ayur Life Herbals",info@ayurlifeherbals.com,,Health & Supplements,100% Confirmed Real,Valid (Google Workspace),Configured (v=DMARC1),Configured,No,https://www.facebook.com/ads/library/?q=ayurlifeherbals.com&type=all,https://www.instagram.com/ayurlifeherbals,https://www.facebook.com/ayurlifeherbals,https://www.tiktok.com/@ayurlifeherbals,https://x.com/AyurLifeHerbals,,"The focus ayurlifeherbals.com puts on clean, effective formulas is exactly what customers need."
BabyCo Organics,babycoorganics.com,https://babycoorganics.com,Support,Owner,BabyCo Organics,support@babycoorganics.com,,Health & Supplements,98% Confirmed Real,Valid (Zoho Mail),Not Configured,Configured,No,https://www.facebook.com/ads/library/?q=BabyCo%20Organics&type=all,https://www.instagram.com/babyco.organics,https://www.facebook.com/profile.php,,,,"The focus BabyCo Organics puts on clean, effective formulas is exactly what customers need."
Baie Botanique EU | Organic and Vegan Skincare,baiebotanique.eu,https://baiebotanique.eu,Kontakt,Owner,Baie Botanique EU | Organic and Vegan Skincare,kontakt@baiebotanique.com,,Health & Supplements,100% Confirmed Real,Valid (Google Workspace),Configured (v=DMARC1),Configured,No,https://www.facebook.com/ads/library/?q=Baie%20Botanique%20EU%20%7C%20Organic%20and%20Vegan%20Skincare&type=all,https://www.instagram.com/baiebotanique,https://www.facebook.com/plugins,https://www.tiktok.com/@baiebotanique,https://x.com/baiebotanique,https://www.linkedin.com/company/baie-botanique,"The focus Baie Botanique EU | Organic and Vegan Skincare puts on clean, effective formulas is exactly what customers need."
Barlow Herbal,barlowherbal.com,https://barlowherbal.com,Customerservice,Owner,Barlow Herbal,customerservice@barlowherbal.com,,Health & Supplements,100% Confirmed Real,Valid (Google Workspace),Configured (v=DMARC1),Configured,No,https://www.facebook.com/ads/library/?q=Barlow%20Herbal&type=all,https://www.instagram.com/barlowherbal,https://www.facebook.com/barlowherbal,,,,"The focus Barlow Herbal puts on clean, effective formulas is exactly what customers need."
Bathala Botanicals,bathalabotanicals.com,https://bathalabotanicals.com,Contact,Owner,Bathala Botanicals - Loose Leaf Tea Samplers,contact@bathalabotanicals.com,,Health & Supplements,100% Confirmed Real,Valid (Google Workspace),Configured (v=DMARC1),Configured,No,https://www.facebook.com/ads/library/?q=Bathala%20Botanicals&type=all,https://www.instagram.com/bathalabotanicals,https://www.facebook.com/tr,,,,"The focus Bathala Botanicals puts on clean, effective formulas is exactly what customers need."
Bhavani,bhavaniwellness.com,https://bhavaniwellness.com,Contacto,Owner,Apple Pay,contacto@bhavaniwellness.com,,Health & Supplements,100% Confirmed Real,Valid (Google Workspace),Configured (v=DMARC1),Configured,No,https://www.facebook.com/ads/library/?q=Bhavani&type=all,https://www.instagram.com/bhavani.wellness,,,,,"The focus Bhavani puts on clean, effective formulas is exactly what customers need."
Bhuvneshwari Ayurveda,bhuvneshwariayurveda.com,https://bhuvneshwariayurveda.com,Bhuvneshwariayurveda,Owner,Bhuvneshwari Ayurveda,bhuvneshwariayurveda@gmail.com,,Health & Supplements,100% Confirmed Real,Valid (Google Workspace),Configured (v=DMARC1),Configured,No,https://www.facebook.com/ads/library/?q=Bhuvneshwari%20Ayurveda&type=all,https://www.instagram.com/bhuvaneshwari_ayurved,,,,,"The focus Bhuvneshwari Ayurveda puts on clean, effective formulas is exactly what customers need."
bhorganic,bhorganic.mx,https://bhorganic.mx,Hello,Owner,🥇 BH Organic Venta de Suplementos Alimenticios y Life Extension y Más,hello@bhorganic.mx,,Health & Supplements,100% Confirmed Real,Valid (Host MX),Configured (v=DMARC1),Configured,No,https://www.facebook.com/ads/library/?q=bhorganic&type=all,https://www.instagram.com/bhorganic,https://www.facebook.com/BhorganicAC,,,,"The focus bhorganic puts on clean, effective formulas is exactly what customers need."
BIOND Nutrition,biondnutrition.com,https://biondnutrition.com,Hello,Owner,BIOND Nutrition,hello@biondnutrition.com,,Health & Supplements,100% Confirmed Real,Valid (Host MX),Not Configured,Configured,No,https://www.facebook.com/ads/library/?q=BIOND%20Nutrition&type=all,,https://www.facebook.com/biondnutrition,,,,"The focus BIOND Nutrition puts on clean, effective formulas is exactly what customers need."
Blue Door Organics | Body & Mind,bluedoororganics.com,https://bluedoororganics.com,Body,Owner,Blue Door Organics | Body &amp; Mind,body@bluedoororganics.com,,Health & Supplements,100% Confirmed Real,Valid (Microsoft 365),Not Configured,Configured,No,https://www.facebook.com/ads/library/?q=Blue%20Door%20Organics%20%7C%20Body%20%26%20Mind&type=all,https://www.instagram.com/bluedoororganics,https://www.facebook.com/bluedoororganics,,,,"The focus Blue Door Organics | Body & Mind puts on clean, effective formulas is exactly what customers need."
B.NOURISHD WELLNESS,bnourishd.com.au,https://bnourishd.com.au,Fosbnourishd,Owner,B.NOURISHD WELLNESS,fosbnourishd@gmail.com,,Health & Supplements,100% Confirmed Real,Valid (Google Workspace),Configured (v=DMARC1),Configured,No,https://www.facebook.com/ads/library/?q=B.NOURISHD%20WELLNESS&type=all,,,,,,"The focus B.NOURISHD WELLNESS puts on clean, effective formulas is exactly what customers need."
Bnb Nutrition,bnb-nutrition.co.il,https://bnb-nutrition.co.il,Info,Leibraz,Bnb Nutrition,info.leibraz@gmail.com,"sales@bnb-nutrition.co.il, info@bnbnutrition.com",Health & Supplements,100% Confirmed Real,Valid (Google Workspace),Configured (v=DMARC1),Configured,No,https://www.facebook.com/ads/library/?q=Bnb%20Nutrition&type=all,https://www.instagram.com/bnb_nutrition_israel,,,,,"The focus Bnb Nutrition puts on clean, effective formulas is exactly what customers need."
Bodega Wellness & Plants,bodegawellness.com,https://bodegawellness.com,Contact,Owner,"Bodega Wellness &amp; Plants | 144 Locke St. South, Hamilton",contact@bodegawellness.com,,Health & Supplements,100% Confirmed Real,Valid (Google Workspace),Configured (v=DMARC1),Configured,No,https://www.facebook.com/ads/library/?q=Bodega%20Wellness%20%26%20Plants&type=all,https://www.instagram.com/bodegawellness,,,,,"The focus Bodega Wellness & Plants puts on clean, effective formulas is exactly what customers need."
Botánica La Boutique,botanicalaboutiquepr.com,https://botanicalaboutiquepr.com,Botanicalaboutique,Owner,Botánica La Boutique,botanicalaboutique@gmail.com,,Health & Supplements,100% Confirmed Real,Valid (Google Workspace),Configured (v=DMARC1),Configured,No,https://www.facebook.com/ads/library/?q=Bot%C3%A1nica%20La%20Boutique&type=all,https://www.instagram.com/botanicalaboutique,https://www.facebook.com/botanicalaboutique,https://www.tiktok.com/@botanicalaboutique,,,"The focus Botánica La Boutique puts on clean, effective formulas is exactly what customers need."
Botanical Cham,botanicalcham.com,https://botanicalcham.com,Customersupport,Owner,Botanical Cham,customersupport@botanicalcham.com,,Health & Supplements,100% Confirmed Real,Valid (Zoho Mail),Configured (v=DMARC1),Configured,No,https://www.facebook.com/ads/library/?q=Botanical%20Cham&type=all,https://www.instagram.com/botanicalcham,https://www.facebook.com/botanicalcham,https://www.tiktok.com/@botanicalcham,,,"The focus Botanical Cham puts on clean, effective formulas is exactly what customers need."
Bushel & a Peck Organic Skincare,bushelandapeck.co,https://bushelandapeck.co,Info,Owner,American Express,info@bushelandapeck.co,,Health & Supplements,100% Confirmed Real,Valid (Google Workspace),Configured (v=DMARC1),Configured,No,https://www.facebook.com/ads/library/?q=Bushel%20%26%20a%20Peck%20Organic%20Skincare&type=all,https://www.instagram.com/bushelapeck,https://www.facebook.com/b.and.p.co,https://www.tiktok.com/@bushelandapeckllc,,,"The focus Bushel & a Peck Organic Skincare puts on clean, effective formulas is exactly what customers need."
Byzoom Fitness Swiss,byzoomswiss.com,https://byzoomswiss.com,Anfrage,Owner,"Führender Experte für verstellbare Hanteln
&ndash; Byzoom Fitness Swiss",anfrage@byzoomfitness.com,,Health & Supplements,63% Confirmed Real,Valid (Host MX),Configured (v=DMARC1),Configured,No,https://www.facebook.com/ads/library/?q=Byzoom%20Fitness%20Swiss&type=all,https://www.instagram.com/byzoomfitnessswiss,https://www.facebook.com/ByzoomFitnessSwiss,,,,"The focus Byzoom Fitness Swiss puts on clean, effective formulas is exactly what customers need."
Caela Wellness,caelawellness.com,https://caelawellness.com,Info,Owner,Caela Wellness,info@caelawellness.com,,Health & Supplements,100% Confirmed Real,Valid (Google Workspace),Configured (v=DMARC1),Configured,No,https://www.facebook.com/ads/library/?q=Caela%20Wellness&type=all,,,,,,"The focus Caela Wellness puts on clean, effective formulas is exactly what customers need."
CaNine,caninecleannutritionshop.com,https://caninecleannutritionshop.com,Creynolds,Ccn,CaNine Clean Nutrition,creynolds.ccn@gmail.com,,Health & Supplements,68% Confirmed Real,Valid (Google Workspace),Configured (v=DMARC1),Configured,No,https://www.facebook.com/ads/library/?q=CaNine&type=all,https://www.instagram.com/caninecleannutrition,https://www.facebook.com/profile.php,,,,"The focus CaNine puts on clean, effective formulas is exactly what customers need."
CBD Edibles,cbdwellnesscentre.co.uk,https://cbdwellnesscentre.co.uk,Info,Owner,"CBD Edibles | Drinks | Wholesale UK | Oils, Capsules",info@cbdwellnesscentre.co.uk,,Health & Supplements,95% Confirmed Real,Valid (Host MX),Not Configured,None,No,https://www.facebook.com/ads/library/?q=CBD%20Edibles&type=all,,https://www.facebook.com/cbdwellnesscentreuk,,https://x.com/CBDwellnessuk,,"The focus CBD Edibles puts on clean, effective formulas is exactly what customers need."
Fitness Depot Ottawa,fitnessdepotottawa.com,https://fitnessdepotottawa.com,Info,Owner,Fitness Depot Ottawa-Exercise Equipment Ottawa-Fitness Equipment Store,info@fitnessdepotottawa.com,,Health & Supplements,100% Confirmed Real,Valid (Microsoft 365),Configured (v=DMARC1),Configured,No,https://www.facebook.com/ads/library/?q=Fitness%20Depot%20Ottawa&type=all,https://www.instagram.com/fitnessdepot.ottawa,https://www.facebook.com/FitnessDepotOttawa,,https://x.com/Fitness_Depot,,"The focus Fitness Depot Ottawa puts on clean, effective formulas is exactly what customers need."
Heavy Nation Supplements,heavynation.co.za,https://heavynation.co.za,Community,Owner,Heavy Nation Supplements,community@heavynation.co.za,,Health & Supplements,100% Confirmed Real,Valid (Microsoft 365),Not Configured,Configured,No,https://www.facebook.com/ads/library/?q=Heavy%20Nation%20Supplements&type=all,https://www.instagram.com/heavynation.co.za,,,,,"The focus Heavy Nation Supplements puts on clean, effective formulas is exactly what customers need."
3D Labs Nutrition,3dlabsnutrition.com,https://3dlabsnutrition.com,Support,Owner,3D Labs Nutrition: Supplementation Built on Integrity &amp; Science,support@3dlabsnutrition.com,,Health & Supplements,100% Confirmed Real,Valid (Google Workspace),Configured (v=DMARC1),Configured,No,https://www.facebook.com/ads/library/?q=3D%20Labs%20Nutrition&type=all,https://www.instagram.com/3dlabsnutrition,https://www.facebook.com/3dlabsnutrition,,https://x.com/3dlabsnutrition,,"The focus 3D Labs Nutrition puts on clean, effective formulas is exactly what customers need."
8 Sheep Organics,8sheep.com,https://8sheep.com,Contact,Owner,Pregnancy Products | 8 Sheep | 8 Sheep Organics,contact@8sheep.com,,Health & Supplements,100% Confirmed Real,Valid (Google Workspace),Configured (v=DMARC1),Configured,No,https://www.facebook.com/ads/library/?q=8%20Sheep%20Organics&type=all,,,,,,"The focus 8 Sheep Organics puts on clean, effective formulas is exactly what customers need."
advayaorganics.com,advayaorganics.com,https://advayaorganics.com,Advayaorganic,Owner,advayaorganics.com,advayaorganic@gmail.com,,Health & Supplements,68% Confirmed Real,Valid (Google Workspace),Configured (v=DMARC1),Configured,No,https://www.facebook.com/ads/library/?q=advayaorganics.com&type=all,https://www.instagram.com/advayaorganic,https://www.facebook.com/advaya.organic,,,,"The focus advayaorganics.com puts on clean, effective formulas is exactly what customers need."
Advanced Nutrition Programme España,advancednutritionprogramme.es,https://advancednutritionprogramme.es,Info,Owner,Advanced Nutrition Programme España,info@puresc.com,,Health & Supplements,100% Confirmed Real,Valid (Microsoft 365),Configured (v=DMARC1),Configured,No,https://www.facebook.com/ads/library/?q=Advanced%20Nutrition%20Programme%20Espa%C3%B1a&type=all,https://www.instagram.com/advancednutritionprogramme_es,,,,,"The focus Advanced Nutrition Programme España puts on clean, effective formulas is exactly what customers need."
ADVITALS Nutrition and Supplements,advitals.ca,https://advitals.ca,Aghogale,Owner,American Express,aghogale@advitals.ca,"ecom-swiper@11.css, ecom-swiper@11.0.5.js",Health & Supplements,100% Confirmed Real,Valid (Microsoft 365),Not Configured,Configured,No,https://www.facebook.com/ads/library/?q=ADVITALS%20Nutrition%20and%20Supplements&type=all,https://www.instagram.com/ad_vitals,https://www.facebook.com/profile.php,https://www.tiktok.com/@advitals,,,"The focus ADVITALS Nutrition and Supplements puts on clean, effective formulas is exactly what customers need."
AK Botanicals,akbotanicals.com,https://akbotanicals.com,Returns,Owner,"AK Botanicals | Precision Skincare for Rough, Sun-Exposed Skin",returns@akbotanicals.com,,Health & Supplements,100% Confirmed Real,Valid (Host MX),Configured (v=DMARC1),Configured,No,https://www.facebook.com/ads/library/?q=AK%20Botanicals&type=all,https://www.instagram.com/ak_botanicals,,https://www.tiktok.com/@ak.botanicals,,https://www.linkedin.com/company/ak-botanicals,"The focus AK Botanicals puts on clean, effective formulas is exactly what customers need."
Alchemē Nutrition,alchemenutrition.co.uk,https://alchemenutrition.co.uk,Info,Owner,Alchemē Nutrition,info@alchemenutrition.co.uk,,Health & Supplements,98% Confirmed Real,Valid (Host MX),Not Configured,Configured,No,https://www.facebook.com/ads/library/?q=Alchem%C4%93%20Nutrition&type=all,,,,,,"The focus Alchemē Nutrition puts on clean, effective formulas is exactly what customers need."
Aletheia Integrative Supplements,aletheiawellness.com,https://aletheiawellness.com,Hello,Owner,Aletheia Integrative Supplements,hello@aletheia.md,,Health & Supplements,93% Confirmed Real,Valid (Google Workspace),Configured (v=DMARC1),Configured,No,https://www.facebook.com/ads/library/?q=Aletheia%20Integrative%20Supplements&type=all,,,,,,"The focus Aletheia Integrative Supplements puts on clean, effective formulas is exactly what customers need."
Alkemy Superfoods,alkemysuperfoods.com,https://alkemysuperfoods.com,Ilove,Owner,Alkemy Superfoods | Organic Sea Moss Gels &amp; Exotic Superfoods,ilove@alkemysuperfoods.com,,Health & Supplements,100% Confirmed Real,Valid (Google Workspace),Not Configured,Configured,No,https://www.facebook.com/ads/library/?q=Alkemy%20Superfoods&type=all,,,,,,"The focus Alkemy Superfoods puts on clean, effective formulas is exactly what customers need."
amarvawellness.com,amarvawellness.com,https://amarvawellness.com,Jane,Owner,"Premium Science - Backed Wellness Supplements
 &ndash; Amarva Wellness",jane@gmail.com,,Health & Supplements,68% Confirmed Real,Valid (Google Workspace),Configured (v=DMARC1),Configured,No,https://www.facebook.com/ads/library/?q=amarvawellness.com&type=all,https://www.instagram.com/amarvawellness,,,,,"The focus amarvawellness.com puts on clean, effective formulas is exactly what customers need."
Anantahealth,anantawellness.life,https://anantawellness.life,Ananta,Owner,"Ananta Wellness, Health &amp; Wellness Solutions",ananta@serotonin.life,,Health & Supplements,100% Confirmed Real,Valid (Google Workspace),Not Configured,Configured,No,https://www.facebook.com/ads/library/?q=Anantahealth&type=all,https://www.instagram.com/anantawellnesslife,https://www.facebook.com/anantawellnesslive,,,,"The focus Anantahealth puts on clean, effective formulas is exactly what customers need."
Anatomy Fitness Co,anatomyfitness.co,https://anatomyfitness.co,Info,Owner,American Express,info@anatomyfitness.co,"ecom-swiper@11.css, ecom-swiper@11.0.5.js",Health & Supplements,100% Confirmed Real,Valid (Google Workspace),Configured (v=DMARC1),Configured,No,https://www.facebook.com/ads/library/?q=Anatomy%20Fitness%20Co&type=all,https://www.instagram.com/anatomy.fitness.co,,,,,"The focus Anatomy Fitness Co puts on clean, effective formulas is exactly what customers need."
Ano Nutrition,anonutrition.com,https://anonutrition.com,Info,Owner,Ano Nutrition | Trusted Fitness Supplements Store in India,info@anonutrition.com,,Health & Supplements,100% Confirmed Real,Valid (Google Workspace),Not Configured,Configured,No,https://www.facebook.com/ads/library/?q=Ano%20Nutrition&type=all,https://www.instagram.com/anonutrition,https://www.facebook.com/Anonutrition2809,,https://x.com/anonutrition,,"The focus Ano Nutrition puts on clean, effective formulas is exactly what customers need."
Anuera Animal Nutrition,anuera.com.au,https://anuera.com.au,Orders,Owner,American Express,orders@anuera.com.au,,Health & Supplements,100% Confirmed Real,Valid (Host MX),Configured (v=DMARC1),Configured,No,https://www.facebook.com/ads/library/?q=Anuera%20Animal%20Nutrition&type=all,https://www.instagram.com/anuera_animal_nutrition,https://www.facebook.com/ANUERAAnimalNutrition,,,,"The focus Anuera Animal Nutrition puts on clean, effective formulas is exactly what customers need."
Aryaveda,aryavedaherbals.com,https://aryavedaherbals.com,Aryaveda14,Owner,Founder / Owner @ Aryaveda,aryaveda14@gmail.com,,Health & Supplements,100% Confirmed Real,Valid (Google Workspace),Configured (v=DMARC1),Configured,No,https://www.facebook.com/ads/library/?q=Aryaveda&type=all,https://www.instagram.com/aryavedaherbs,https://www.facebook.com/profile.php,,,,"The focus Aryaveda puts on clean, effective formulas is exactly what customers need."
AX Nutrition,axnutrition.com,https://axnutrition.com,Info,Owner,AX Nutrition,info@axnutrition.com,,Health & Supplements,100% Confirmed Real,Valid (Google Workspace),Not Configured,Configured,No,https://www.facebook.com/ads/library/?q=AX%20Nutrition&type=all,,,,,,"The focus AX Nutrition puts on clean, effective formulas is exactly what customers need."
Ayurvedasar,ayurvedasar.com,https://ayurvedasar.com,Support,Owner,Ayurvedasar | Premium Ayurvedic Health &amp; Wellness Products Online,support@ayurvedasar.com,,Health & Supplements,100% Confirmed Real,Valid (Zoho Mail),Not Configured,Configured,No,https://www.facebook.com/ads/library/?q=Ayurvedasar&type=all,https://www.instagram.com/ayurvedasar,https://www.facebook.com/ayurvedasar,,,,"The focus Ayurvedasar puts on clean, effective formulas is exactly what customers need."
bajhsupplements.com.br,bajhsupplements.com.br,https://bajhsupplements.com.br,Boneandjoinths,Owner,Bone And Joint Health Supplements,boneandjoinths@gmail.com,,Health & Supplements,100% Confirmed Real,Valid (Google Workspace),Configured (v=DMARC1),Configured,No,https://www.facebook.com/ads/library/?q=bajhsupplements.com.br&type=all,https://www.instagram.com/bonesupplements,https://www.facebook.com/bajhsupplements,,,,"The focus bajhsupplements.com.br puts on clean, effective formulas is exactly what customers need."
BAKIDO PROTEIN,bakidoprotein.jp,https://bakidoprotein.jp,Support,Owner,"バキ童プロテインオンラインストア
 &ndash; BAKIDO PROTEIN",support@bakidoprotein.jp,,Health & Supplements,100% Confirmed Real,Valid (Host MX),Configured (v=DMARC1),Configured,No,https://www.facebook.com/ads/library/?q=BAKIDO%20PROTEIN&type=all,https://www.instagram.com/bakido_protein,https://www.facebook.com/sharer,,,,"The focus BAKIDO PROTEIN puts on clean, effective formulas is exactly what customers need."
Baravi Fitness,baravifitness.com.au,https://baravifitness.com.au,Info,Owner,Baravi Fitness,info@baravifitness.com.au,,Health & Supplements,100% Confirmed Real,Valid (Host MX),Configured (v=DMARC1),Configured,No,https://www.facebook.com/ads/library/?q=Baravi%20Fitness&type=all,https://www.instagram.com/baravifitness,https://www.facebook.com/baravifitness,,,,"The focus Baravi Fitness puts on clean, effective formulas is exactly what customers need."
Becalia Botanicals,becaliabotanicals.com,https://becaliabotanicals.com,Hello,Owner,Search,hello@becaliabotanicals.com,,Health & Supplements,100% Confirmed Real,Valid (Google Workspace),Configured (v=DMARC1),Configured,No,https://www.facebook.com/ads/library/?q=Becalia%20Botanicals&type=all,https://www.instagram.com/becaliabotanicals,https://www.facebook.com/becaliabotanicals,https://www.tiktok.com/@becaliabotanicals,,,"The focus Becalia Botanicals puts on clean, effective formulas is exactly what customers need."
Befit Herbal ®,befitherbal.com,https://befitherbal.com,Befitherbal,Owner,Befit Herbal ® | Elevate Your Wellness Naturally,befitherbal@gmail.com,,Health & Supplements,100% Confirmed Real,Valid (Google Workspace),Configured (v=DMARC1),Configured,No,https://www.facebook.com/ads/library/?q=Befit%20Herbal%20%C2%AE&type=all,https://www.instagram.com/befit_herbalofficial,https://www.facebook.com/befitherbal,,,,"The focus Befit Herbal ® puts on clean, effective formulas is exactly what customers need."
Belle Organics,belleorganics.in,https://belleorganics.in,Thebelleorganics,Owner,"Belle Organics: Ingredient Based Products
 &ndash; Belle Organics",thebelleorganics@gmail.com,,Health & Supplements,100% Confirmed Real,Valid (Google Workspace),Configured (v=DMARC1),Configured,No,https://www.facebook.com/ads/library/?q=Belle%20Organics&type=all,https://www.instagram.com/thebelleorganics,https://www.facebook.com/profile.php,,,,"The focus Belle Organics puts on clean, effective formulas is exactly what customers need."
Big Nutrition,bignutrition.com.au,https://bignutrition.com.au,Josh,Owner,Big Nutrition,josh@bignutrition.com.au,,Health & Supplements,100% Confirmed Real,Valid (Google Workspace),Not Configured,Configured,No,https://www.facebook.com/ads/library/?q=Big%20Nutrition&type=all,,,,,,"The focus Big Nutrition puts on clean, effective formulas is exactly what customers need."
BIRTZ NUTRITION,birtznutrition.com,https://birtznutrition.com,Hello,Owner,BIRTZ NUTRITION,hello@birtznutrition.com,,Health & Supplements,100% Confirmed Real,Valid (Google Workspace),Not Configured,Configured,No,https://www.facebook.com/ads/library/?q=BIRTZ%20NUTRITION&type=all,https://www.instagram.com/birtz_nutrition,https://www.facebook.com/people,https://www.tiktok.com/@birtz_nutrition,,,"The focus BIRTZ NUTRITION puts on clean, effective formulas is exactly what customers need."
Blueprint Supplements,blueprintsups.com,https://blueprintsups.com,Info,Owner,Blueprint Supplements,info@blueprintsups.com,,Health & Supplements,100% Confirmed Real,Valid (Google Workspace),Configured (v=DMARC1),None,No,https://www.facebook.com/ads/library/?q=Blueprint%20Supplements&type=all,,,,,,"The focus Blueprint Supplements puts on clean, effective formulas is exactly what customers need."
botanicalbrewingco.com,botanicalbrewingco.com,https://botanicalbrewingco.com,Hello,Owner,"Non-alcoholic drinks | Non-alcoholic beverage shop
&ndash; Botanical Brewing Co",hello@botanicalbrewingco.com,,Health & Supplements,100% Confirmed Real,Valid (Google Workspace),Configured (v=DMARC1),Configured,No,https://www.facebook.com/ads/library/?q=botanicalbrewingco.com&type=all,https://www.instagram.com/botanicalbrewingcompany,https://www.facebook.com/botanicalbrewingcompany,https://www.tiktok.com/@botanicalbrewingcompany,,https://www.linkedin.com/company/botanical-brewing-co,"The focus botanicalbrewingco.com puts on clean, effective formulas is exactly what customers need."
botanicalhairessence.com,botanicalhairessence.com,https://botanicalhairessence.com,Info,Owner,Founder / Owner @ botanicalhairessence.com,info@botanicalhairessence.com,,Health & Supplements,100% Confirmed Real,Valid (Google Workspace),Configured (v=DMARC1),Configured,No,https://www.facebook.com/ads/library/?q=botanicalhairessence.com&type=all,https://www.instagram.com/botanicalsrbija,,,,,"The focus botanicalhairessence.com puts on clean, effective formulas is exactly what customers need."
Botanical Bar,botanicalbargame.com,https://botanicalbargame.com,Admin,Owner,"Heal. Learn. Ascend
 &ndash; Botanical Bar",admin@botanicalbargame.com,,Health & Supplements,100% Confirmed Real,Valid (Google Workspace),Configured (v=DMARC1),None,No,https://www.facebook.com/ads/library/?q=Botanical%20Bar&type=all,,,,,,"The focus Botanical Bar puts on clean, effective formulas is exactly what customers need."
Botanical Road,botanical-road.com,https://botanical-road.com,Tiia,Owner,Botanical Road,tiia@botanical-road.com,,Health & Supplements,100% Confirmed Real,Valid (Microsoft 365),Configured (v=DMARC1),Configured,No,https://www.facebook.com/ads/library/?q=Botanical%20Road&type=all,,,,,,"The focus Botanical Road puts on clean, effective formulas is exactly what customers need."
Bushra Organics,bushraorganics.com,https://bushraorganics.com,Bushraorganic,Owner,Bushra Organics | Natural Beauty &amp; Personal Care Pakistan,bushraorganic@gmail.com,,Health & Supplements,68% Confirmed Real,Valid (Google Workspace),Configured (v=DMARC1),Configured,No,https://www.facebook.com/ads/library/?q=Bushra%20Organics&type=all,https://www.instagram.com/bushraorganics,https://www.facebook.com/profile.php,https://www.tiktok.com/@bushraorganic,,,"The focus Bushra Organics puts on clean, effective formulas is exactly what customers need."
Vitris Supplements,buyvitris.com,https://buyvitris.com,Info,Owner,Vitris Supplements,info@buyvitris.com,,Health & Supplements,100% Confirmed Real,Valid (Host MX),Not Configured,Configured,No,https://www.facebook.com/ads/library/?q=Vitris%20Supplements&type=all,https://www.instagram.com/vitrissupplements,https://www.facebook.com/profile.php,,,,"The focus Vitris Supplements puts on clean, effective formulas is exactly what customers need."
Cactus Fitness Equipment,cactusfe.com,https://cactusfe.com,Cactussfe,Owner,Facebook,cactussfe@gmail.com,,Health & Supplements,100% Confirmed Real,Valid (Google Workspace),Configured (v=DMARC1),Configured,No,https://www.facebook.com/ads/library/?q=Cactus%20Fitness%20Equipment&type=all,https://www.instagram.com/cactus_fe,https://www.facebook.com/cactussfe,https://www.tiktok.com/@cactus_fitness_equipment,,,"The focus Cactus Fitness Equipment puts on clean, effective formulas is exactly what customers need."
Canadian Grace Wellness,canadiangrace.com,https://canadiangrace.com,Hello,Owner,"Canadian Grace – Pure Organic Oils for Face, Hair &amp; Body | Canada",hello@canadiangrace.ca,shahnawaz@canadiangrace.ca,Health & Supplements,100% Confirmed Real,Valid (Google Workspace),Configured (v=DMARC1),Configured,No,https://www.facebook.com/ads/library/?q=Canadian%20Grace%20Wellness&type=all,https://www.instagram.com/canadiangrace.ca,,,,,"The focus Canadian Grace Wellness puts on clean, effective formulas is exactly what customers need."
co.bunduwellness.com,co.bunduwellness.com,https://co.bunduwellness.com,Info,Owner,"BUNDU | HAIR GROWTH NUTRACEUTICAL
 &ndash; co.bunduwellness",info@bunduwellness.com,,Health & Supplements,100% Confirmed Real,Valid (Google Workspace),Configured (v=DMARC1),Configured,No,https://www.facebook.com/ads/library/?q=co.bunduwellness.com&type=all,https://www.instagram.com/bundu.wellness.co,,,,,"The focus co.bunduwellness.com puts on clean, effective formulas is exactly what customers need."
CompactGreens,compactgreens.com,https://compactgreens.com,Info,Owner,CompactGreens,info@compactgreens.com,,Health & Supplements,100% Confirmed Real,Valid (Host MX),Configured (v=DMARC1),Configured,No,https://www.facebook.com/ads/library/?q=CompactGreens&type=all,https://www.instagram.com/compactgreens,,https://www.tiktok.com/@compactgreens,,,"The focus CompactGreens puts on clean, effective formulas is exactly what customers need."
3Action Sports Nutrition,3actionsportsnutrition.com,https://3actionsportsnutrition.com,Info,Owner,icon-X,info@luked.be,,Health & Supplements,88% Confirmed Real,Valid (Microsoft 365),Not Configured,Configured,No,https://www.facebook.com/ads/library/?q=3Action%20Sports%20Nutrition&type=all,https://www.instagram.com/3action,https://www.facebook.com/3ActionSportsNutrition,,,https://www.linkedin.com/company/77034143,"The focus 3Action Sports Nutrition puts on clean, effective formulas is exactly what customers need."
427 Supplements,427supplements.com,https://427supplements.com,Hello,Owner,427 Supplements | Daily Wellness &amp; Performance Supplements,hello@supp427.com,,Health & Supplements,100% Confirmed Real,Valid (Microsoft 365),Configured (v=DMARC1),Configured,No,https://www.facebook.com/ads/library/?q=427%20Supplements&type=all,,,,,,"The focus 427 Supplements puts on clean, effective formulas is exactly what customers need."
aayogiayurveda.com,aayogiayurveda.com,https://aayogiayurveda.com,Info,Owner,Founder / Owner @ aayogiayurveda.com,info@aayogiayurveda.com,,Health & Supplements,100% Confirmed Real,Valid (Google Workspace),Not Configured,None,No,https://www.facebook.com/ads/library/?q=aayogiayurveda.com&type=all,https://www.instagram.com/aayogiayurveda,https://www.facebook.com/tr,,https://x.com/aayogiayurveda,,"The focus aayogiayurveda.com puts on clean, effective formulas is exactly what customers need."
MERHAKI FOODS AND NUTRITION PRIVATE LIMITED,absorbia.in,https://absorbia.in,Support,Owner,Founder / Owner @ MERHAKI FOODS AND NUTRITION PRIVATE LIMITED,support@globalbees.com,,Health & Supplements,100% Confirmed Real,Valid (Microsoft 365),Configured (v=DMARC1),Configured,No,https://www.facebook.com/ads/library/?q=MERHAKI%20FOODS%20AND%20NUTRITION%20PRIVATE%20LIMITED&type=all,https://www.instagram.com/absorbiaoriginal,,,,,"The focus MERHAKI FOODS AND NUTRITION PRIVATE LIMITED puts on clean, effective formulas is exactly what customers need."
Activated Wellness,activatedwellnesslabs.com,https://activatedwellnesslabs.com,Thewellnessactivator,Owner,Welcome to Activated Wellness — Fuel Your Life with Intention,thewellnessactivator@gmail.com,,Health & Supplements,68% Confirmed Real,Valid (Google Workspace),Configured (v=DMARC1),Configured,No,https://www.facebook.com/ads/library/?q=Activated%20Wellness&type=all,https://www.instagram.com/jena_wellnessactivator,,,,,"The focus Activated Wellness puts on clean, effective formulas is exactly what customers need."
ADDORAH WELLNESS,addorahwellness.com,https://addorahwellness.com,Okaforadaora,Owner,ADDORAH WELLNESS,okaforadaora@yahoo.co.uk,,Health & Supplements,63% Confirmed Real,Valid (Host MX),Configured (v=DMARC1),Configured,No,https://www.facebook.com/ads/library/?q=ADDORAH%20WELLNESS&type=all,,,https://www.tiktok.com/@shopify,,,"The focus ADDORAH WELLNESS puts on clean, effective formulas is exactly what customers need."
Aeonic Organics,aeonicorganics.com,https://aeonicorganics.com,Info,Owner,Aeonic Organics,info@aeonicorganics.com,,Health & Supplements,100% Confirmed Real,Valid (Microsoft 365),Not Configured,Configured,No,https://www.facebook.com/ads/library/?q=Aeonic%20Organics&type=all,https://www.instagram.com/aeonic_organics,https://www.facebook.com/profile.php,https://www.tiktok.com/@aeonicorganics,,,"The focus Aeonic Organics puts on clean, effective formulas is exactly what customers need."
Affinity Wellness,affinity-i.com,https://affinity-i.com,Affinity,Co11,Affinity Wellness | Self-Care Journals &amp; Emotional Wellness Tools,affinity.co11@gmail.com,,Health & Supplements,68% Confirmed Real,Valid (Google Workspace),Configured (v=DMARC1),Configured,No,https://www.facebook.com/ads/library/?q=Affinity%20Wellness&type=all,https://www.instagram.com/affinity.emotionalfitness,https://www.facebook.com/affinityemotionalfitness,,,,"The focus Affinity Wellness puts on clean, effective formulas is exactly what customers need."
ALKAI Fitness,alkaifitness.com,https://alkaifitness.com,Cs,Owner,ALKAI Fitness,cs@alkaifitness.com,,Health & Supplements,100% Confirmed Real,Valid (Host MX),Configured (v=DMARC1),Configured,No,https://www.facebook.com/ads/library/?q=ALKAI%20Fitness&type=all,,,,,,"The focus ALKAI Fitness puts on clean, effective formulas is exactly what customers need."
Allay Organics UK,allayorganics.uk,https://allayorganics.uk,Info,Owner,Allay Organics UK,info@allayorganics.com.au,julie@allayorganics.com.au,Health & Supplements,100% Confirmed Real,Valid (Google Workspace),Configured (v=DMARC1),Configured,No,https://www.facebook.com/ads/library/?q=Allay%20Organics%20UK&type=all,https://www.instagram.com/allayorganics,https://www.facebook.com/AllayOrganicsuk,,,,"The focus Allay Organics UK puts on clean, effective formulas is exactly what customers need."
Alogenic Certified Organic Aloe Vera Australia,alogenic.com,https://alogenic.com,Info,Owner,Visa,info@alogenic.com,,Health & Supplements,100% Confirmed Real,Valid (Host MX),Configured (v=DMARC1),Configured,No,https://www.facebook.com/ads/library/?q=Alogenic%20Certified%20Organic%20Aloe%20Vera%20Australia&type=all,https://www.instagram.com/alogenic_aloe,https://www.facebook.com/alogenic,,,,"The focus Alogenic Certified Organic Aloe Vera Australia puts on clean, effective formulas is exactly what customers need."
ALYVE,alyvewellness.com,https://alyvewellness.com,Joe,Owner,ALYVE | Personalised Vitamins &amp; Supplement Subscriptions,joe@joewhittakernutrition.com,"info@annikanourishingnewlife.co.uk, jill@jilldumas.com",Health & Supplements,100% Confirmed Real,Valid (Host MX),Not Configured,Configured,No,https://www.facebook.com/ads/library/?q=ALYVE&type=all,https://www.instagram.com/alyvewellness,https://www.facebook.com/alyvewellness,https://www.tiktok.com/@alyvewellness,,https://www.linkedin.com/company/alyvewellness,"The focus ALYVE puts on clean, effective formulas is exactly what customers need."
Ampower Nutrition,ampowernutrition.com,https://ampowernutrition.com,Info,Owner,Founder / Owner @ Ampower Nutrition,info@ampowernutrition.com,,Health & Supplements,100% Confirmed Real,Valid (Microsoft 365),Not Configured,Configured,No,https://www.facebook.com/ads/library/?q=Ampower%20Nutrition&type=all,https://www.instagram.com/ampower_nutrition,,,,,"The focus Ampower Nutrition puts on clean, effective formulas is exactly what customers need."
Anahata Organic,anahataorganic.com,https://anahataorganic.com,Communications,Owner,Buy 100% Natural Beauty Products | Upto 50% off | Anahata Organic,communications@kamicka.com,info@anahataorganic.com,Health & Supplements,100% Confirmed Real,Valid (Google Workspace),Not Configured,Configured,No,https://www.facebook.com/ads/library/?q=Anahata%20Organic&type=all,https://www.instagram.com/anahata_organic,https://www.facebook.com/tr,,https://x.com/AnahataOrganic,,"The focus Anahata Organic puts on clean, effective formulas is exactly what customers need."
apo+ supplements,apoplus-supplements.de,https://apoplus-supplements.de,Info,Owner,apo+ supplements,info@apoplus-supplements.de,,Health & Supplements,100% Confirmed Real,Valid (Host MX),Configured (v=DMARC1),Configured,No,https://www.facebook.com/ads/library/?q=apo%2B%20supplements&type=all,https://www.instagram.com/apoplus_supplements,,,,,"The focus apo+ supplements puts on clean, effective formulas is exactly what customers need."
Apple Park & Organic Farm Buddies,appleparkkids.com,https://appleparkkids.com,Info,Owner,Apple Park &amp; Organic Farm Buddies,info@applepark.com,,Health & Supplements,100% Confirmed Real,Valid (Host MX),Configured (v=DMARC1),Configured,No,https://www.facebook.com/ads/library/?q=Apple%20Park%20%26%20Organic%20Farm%20Buddies&type=all,https://www.instagram.com/appleparkkids,https://www.facebook.com/AppleParkKids,,,,"The focus Apple Park & Organic Farm Buddies puts on clean, effective formulas is exactly what customers need."
"Ariavit | Premium Vitamins, Essential Supplements & Wellness in Canada",ariavit.ca,https://ariavit.ca,Ariavit,Ca,"Ariavit | Premium Vitamins, Essential Supplements &amp; Wellness in Canada",ariavit.ca@gmail.com,,Health & Supplements,100% Confirmed Real,Valid (Google Workspace),Configured (v=DMARC1),Configured,No,https://www.facebook.com/ads/library/?q=Ariavit%20%7C%20Premium%20Vitamins%2C%20Essential%20Supplements%20%26%20Wellness%20in%20Canada&type=all,,,,,,"The focus Ariavit | Premium Vitamins, Essential Supplements & Wellness in Canada puts on clean, effective formulas is exactly what customers need."
AWClub1,artewellness.com,https://artewellness.com,Info,Owner,AWClub1,info@artewellness.com,,Health & Supplements,100% Confirmed Real,Valid (Microsoft 365),Configured (v=DMARC1),Configured,No,https://www.facebook.com/ads/library/?q=AWClub1&type=all,https://www.instagram.com/artewellness,,,,,"The focus AWClub1 puts on clean, effective formulas is exactly what customers need."
A Silent Moment Organics,asilentmomentorganics.com,https://asilentmomentorganics.com,Support,Owner,Organic Skincare | A Silent Moment Spa Organics,support@asilentmomentorganics.com,,Health & Supplements,100% Confirmed Real,Valid (Host MX),Configured (v=DMARC1),Configured,No,https://www.facebook.com/ads/library/?q=A%20Silent%20Moment%20Organics&type=all,https://www.instagram.com/asilentmomentorganics,https://www.facebook.com/asilentmomentorganics,,,,"The focus A Silent Moment Organics puts on clean, effective formulas is exactly what customers need."
Athomic Wellness,athomic-wellness-store.com,https://athomic-wellness-store.com,Info,Owner,Préparateur physique à Genève | Athomic Wellness,info@athomic-wellness-store.com,contact@boutiquename.com,Health & Supplements,100% Confirmed Real,Valid (Host MX),Configured (v=DMARC1),Configured,No,https://www.facebook.com/ads/library/?q=Athomic%20Wellness&type=all,https://www.instagram.com/athomic.wellness,https://www.facebook.com/profile.php,,https://x.com/AtW_Ju,,"The focus Athomic Wellness puts on clean, effective formulas is exactly what customers need."
AvocadoOrganic.com,avocadoorganic.com,https://avocadoorganic.com,Sales,Owner,California Grown Organic Avocados | AvocadoOrganic.com,sales@avocadoorganic.com,,Health & Supplements,100% Confirmed Real,Valid (Google Workspace),Configured (v=DMARC1),Configured,No,https://www.facebook.com/ads/library/?q=AvocadoOrganic.com&type=all,https://www.instagram.com/avocadoorganic,https://www.facebook.com/avocadoorganic,,,,"The focus AvocadoOrganic.com puts on clean, effective formulas is exactly what customers need."
AX Deer Supplements,axoutdoors.com,https://axoutdoors.com,Info,Owner,AX Deer Supplements,info@terraproco.com,,Health & Supplements,100% Confirmed Real,Valid (Microsoft 365),Not Configured,Configured,No,https://www.facebook.com/ads/library/?q=AX%20Deer%20Supplements&type=all,https://www.instagram.com/axdeersupplements,https://www.facebook.com/axoutdoors,,,,"The focus AX Deer Supplements puts on clean, effective formulas is exactly what customers need."
The Ayurveda Shop,ayurvedashop.ca,https://ayurvedashop.ca,Info,Owner,The Ayurveda Shop - Remedies for root-level healing and balance,info@ayurvedavancouver.com,,Health & Supplements,93% Confirmed Real,Valid (Google Workspace),Configured (v=DMARC1),Configured,No,https://www.facebook.com/ads/library/?q=The%20Ayurveda%20Shop&type=all,https://www.instagram.com/ayurveda.shopandclinic,https://www.facebook.com/ayurvedavancouver,,,,"The focus The Ayurveda Shop puts on clean, effective formulas is exactly what customers need."
Ayoni Wellness,ayoniwellness.com,https://ayoniwellness.com,Drog,Owner,"Dr. OG&#39;s Herbal Apothecary
  
  
   &ndash; Ayoni Wellness",drog@ayoniwellness.com,,Health & Supplements,100% Confirmed Real,Valid (Google Workspace),Configured (v=DMARC1),None,No,https://www.facebook.com/ads/library/?q=Ayoni%20Wellness&type=all,https://www.instagram.com/shopify,https://www.facebook.com/shopify,https://www.tiktok.com/@shopify,,,"The focus Ayoni Wellness puts on clean, effective formulas is exactly what customers need."
AYUVED WELLNESS,ayuvedwellness.com,https://ayuvedwellness.com,Ayuvedwellness,Owner,AYUVED WELLNESS,ayuvedwellness@gmail.com,,Health & Supplements,100% Confirmed Real,Valid (Google Workspace),Configured (v=DMARC1),Configured,No,https://www.facebook.com/ads/library/?q=AYUVED%20WELLNESS&type=all,https://www.instagram.com/ayuvedwellness,,,,,"The focus AYUVED WELLNESS puts on clean, effective formulas is exactly what customers need."
Ayurve Herbal,ayurveherbal.com,https://ayurveherbal.com,Enquiry,Owner,Ayurve Herbal,enquiry@ayurveherbal.com,,Health & Supplements,100% Confirmed Real,Valid (Host MX),Not Configured,Configured,No,https://www.facebook.com/ads/library/?q=Ayurve%20Herbal&type=all,https://www.instagram.com/ayurveherbals,https://www.facebook.com/profile.php,,,,"The focus Ayurve Herbal puts on clean, effective formulas is exactly what customers need."
Baby Sleep Better,babysleepbetter.com,https://babysleepbetter.com,Info,Owner,"Baby Sleep Better, happy for all.",info@babysleepbetter.com,,Health & Supplements,100% Confirmed Real,Valid (Host MX),Configured (v=DMARC1),Configured,No,https://www.facebook.com/ads/library/?q=Baby%20Sleep%20Better&type=all,https://www.instagram.com/baby.sleep.better,https://www.facebook.com/Babysleepbetter,https://www.tiktok.com/@babysleepbetterofficial,,,"The focus Baby Sleep Better puts on clean, effective formulas is exactly what customers need."
Bambi,bambisleep.de,https://bambisleep.de,Info,Owner,Bambi,info@bambisleep.de,,Health & Supplements,100% Confirmed Real,Valid (Host MX),Configured (v=DMARC1),None,No,https://www.facebook.com/ads/library/?q=Bambi&type=all,,,,,,"The focus Bambi puts on clean, effective formulas is exactly what customers need."
Barbarian Fitness,barbarianfitness.co,https://barbarianfitness.co,Support,Owner,Barbarian Fitness /// Train Hard. Die Old.,support@barbarianfitness.co,,Health & Supplements,100% Confirmed Real,Valid (Google Workspace),Configured (v=DMARC1),Configured,No,https://www.facebook.com/ads/library/?q=Barbarian%20Fitness&type=all,https://www.instagram.com/barbarianfitness.co,,https://www.tiktok.com/@barbarianfitness.co,https://x.com/barbarianfitco,,"The focus Barbarian Fitness puts on clean, effective formulas is exactly what customers need."
Battlehouse Fitness,battlehousefitness.com,https://battlehousefitness.com,Battlehousefitness,Co,Battlehouse Fitness,battlehousefitness.co@gmail.com,,Health & Supplements,100% Confirmed Real,Valid (Google Workspace),Configured (v=DMARC1),Configured,No,https://www.facebook.com/ads/library/?q=Battlehouse%20Fitness&type=all,https://www.instagram.com/battlehouse_fitness,https://www.facebook.com/battlehousefitness,,,,"The focus Battlehouse Fitness puts on clean, effective formulas is exactly what customers need."
Beast Nutrition Pakistan,beastnutrition.com.pk,https://beastnutrition.com.pk,Beastnutrition,Pk,Beast Nutrition Pakistan,beastnutrition.pk@gmail.com,,Health & Supplements,100% Confirmed Real,Valid (Google Workspace),Configured (v=DMARC1),Configured,No,https://www.facebook.com/ads/library/?q=Beast%20Nutrition%20Pakistan&type=all,https://www.instagram.com/beastnutrition.pk,,,,,"The focus Beast Nutrition Pakistan puts on clean, effective formulas is exactly what customers need."
BeBetterGreens.com,bebettergreens.com,https://bebettergreens.com,Info,Owner,BeBetter &ndash; BeBetterGreens.com,info@bebettergreens.com,,Health & Supplements,100% Confirmed Real,Valid (Microsoft 365),Not Configured,Configured,No,https://www.facebook.com/ads/library/?q=BeBetterGreens.com&type=all,https://www.instagram.com/bebetter.brand,,,,,"The focus BeBetterGreens.com puts on clean, effective formulas is exactly what customers need."
Between the Evergreens Art by Elizabeth Lang,betweentheevergreens.com,https://betweentheevergreens.com,Elang,Owner,American Express,elang@betweentheevergreens.com,,Health & Supplements,98% Confirmed Real,Valid (Zoho Mail),Not Configured,Configured,No,https://www.facebook.com/ads/library/?q=Between%20the%20Evergreens%20Art%20by%20Elizabeth%20Lang&type=all,https://www.instagram.com/betweentheevergreens,,,,,"The focus Between the Evergreens Art by Elizabeth Lang puts on clean, effective formulas is exactly what customers need."
Bills Certified Organic Sourdough,billsonlinebakery.com,https://billsonlinebakery.com,Info,Owner,Bills Certified Organic Sourdough Health Bakery Vegan Kosher,info@billsorganics.com.au,,Health & Supplements,100% Confirmed Real,Valid (Microsoft 365),Not Configured,Configured,No,https://www.facebook.com/ads/library/?q=Bills%20Certified%20Organic%20Sourdough&type=all,,,,,,"The focus Bills Certified Organic Sourdough puts on clean, effective formulas is exactly what customers need."
BioGreen Shop,biogreenshops.com,https://biogreenshops.com,Nick,Owner,BioGreen Shop,nick@biogreenness.com,,Health & Supplements,63% Confirmed Real,Valid (Host MX),Configured (v=DMARC1),Configured,No,https://www.facebook.com/ads/library/?q=BioGreen%20Shop&type=all,https://www.instagram.com/shopify,https://www.facebook.com/shopify,,https://x.com/shopify,,"The focus BioGreen Shop puts on clean, effective formulas is exactly what customers need."
Bioadvanced Nutrition,bioadvancednutrition.com,https://bioadvancednutrition.com,Customerservice,Owner,Bioadvanced Nutrition - Home,customerservice@bioadvancednutrition.com,,Health & Supplements,100% Confirmed Real,Valid (Google Workspace),Configured (v=DMARC1),Configured,No,https://www.facebook.com/ads/library/?q=Bioadvanced%20Nutrition&type=all,https://www.instagram.com/bioadvancednutrition,https://www.facebook.com/bioadvancednutrition,,,,"The focus Bioadvanced Nutrition puts on clean, effective formulas is exactly what customers need."
BiotreatOrganics,biotreatorganics.com,https://biotreatorganics.com,Valeagertrude,Owner,BiotreatOrganics,valeagertrude@gmail.com,,Health & Supplements,68% Confirmed Real,Valid (Google Workspace),Configured (v=DMARC1),Configured,No,https://www.facebook.com/ads/library/?q=BiotreatOrganics&type=all,,,,,,"The focus BiotreatOrganics puts on clean, effective formulas is exactly what customers need."
bionutrition.com,bionutrition.com,https://bionutrition.com,Info,Owner,BioNutrition  &ndash; BioNutrition inc,info@bionutrition.com,rodika@bionutrition.com,Health & Supplements,100% Confirmed Real,Valid (Google Workspace),Not Configured,None,No,https://www.facebook.com/ads/library/?q=bionutrition.com&type=all,https://www.instagram.com/bionutrition_inc,https://www.facebook.com/people,,,,"The focus bionutrition.com puts on clean, effective formulas is exactly what customers need."
B&L Gutter Protection and More,blgutterprotectionandmore.com,https://blgutterprotectionandmore.com,Blgutterprotectionandmore,Owner,Founder / Owner @ B&L Gutter Protection and More,blgutterprotectionandmore@gmail.com,,Health & Supplements,100% Confirmed Real,Valid (Google Workspace),Configured (v=DMARC1),Configured,No,https://www.facebook.com/ads/library/?q=B%26L%20Gutter%20Protection%20and%20More&type=all,,,,,,"The focus B&L Gutter Protection and More puts on clean, effective formulas is exactly what customers need."
Bliss Nutrition Store,blissnutrition.com,https://blissnutrition.com,Hello,Owner,Bliss Nutrition Store,hello@blissnutrition.com,,Health & Supplements,100% Confirmed Real,Valid (Host MX),Not Configured,Configured,No,https://www.facebook.com/ads/library/?q=Bliss%20Nutrition%20Store&type=all,https://www.instagram.com/blissnutritionstore,https://www.facebook.com/blissnutritionstore,,,,"The focus Bliss Nutrition Store puts on clean, effective formulas is exactly what customers need."
BlueRoseOrganics,bluerosesoapco.com,https://bluerosesoapco.com,Hello,Owner,BlueRoseOrganics,hello@bluerosesoapco.com,,Health & Supplements,100% Confirmed Real,Valid (Host MX),Configured (v=DMARC1),Configured,No,https://www.facebook.com/ads/library/?q=BlueRoseOrganics&type=all,https://www.instagram.com/blue_rose_organics,,https://www.tiktok.com/@shopify,,,"The focus BlueRoseOrganics puts on clean, effective formulas is exactly what customers need."
Body Balance  Nutrition,bodybalance-nutrition.com,https://bodybalance-nutrition.com,Bodybalancenutrition2025,Owner,Body Balance  Nutrition,bodybalancenutrition2025@gmail.com,,Health & Supplements,68% Confirmed Real,Valid (Google Workspace),Configured (v=DMARC1),Configured,No,https://www.facebook.com/ads/library/?q=Body%20Balance%20%20Nutrition&type=all,https://www.instagram.com/bodybalance_nutrition,https://www.facebook.com/profile.php,,,,"The focus Body Balance  Nutrition puts on clean, effective formulas is exactly what customers need."
BODYGYM Fitness,bodygym.com,https://bodygym.com,Support,Owner,The #1 Portable Home Gym | BODYGYM Fitness,support@bodygym.com,,Health & Supplements,100% Confirmed Real,Valid (Microsoft 365),Configured (v=DMARC1),Configured,No,https://www.facebook.com/ads/library/?q=BODYGYM%20Fitness&type=all,https://www.instagram.com/thebodygym,https://www.facebook.com/officialbodygym,,,,"The focus BODYGYM Fitness puts on clean, effective formulas is exactly what customers need."
BotanicGlow Organics,botanicglowcastoroil.com,https://botanicglowcastoroil.com,Shop,Owner,BotanicGlow Organics,shop@botanicglowcastoroil.com,,Health & Supplements,98% Confirmed Real,Valid (Zoho Mail),Not Configured,Configured,No,https://www.facebook.com/ads/library/?q=BotanicGlow%20Organics&type=all,,,,,,"The focus BotanicGlow Organics puts on clean, effective formulas is exactly what customers need."
Botanical Rush,botanicalrush.com,https://botanicalrush.com,Info,Owner,Botanical Rush | The Original Clean Skincare,info@botanicalrush.com,myra@botanicalrush.com,Health & Supplements,100% Confirmed Real,Valid (Google Workspace),Configured (v=DMARC1),Configured,No,https://www.facebook.com/ads/library/?q=Botanical%20Rush&type=all,https://www.instagram.com/botanicalrush,https://www.facebook.com/tr,,,,"The focus Botanical Rush puts on clean, effective formulas is exactly what customers need."
Brazil Protein,brazilprotein.com.au,https://brazilprotein.com.au,Sales,Owner,Brazil Protein,sales@brazilprotein.com.au,,Health & Supplements,100% Confirmed Real,Valid (Microsoft 365),Not Configured,Configured,No,https://www.facebook.com/ads/library/?q=Brazil%20Protein&type=all,https://www.instagram.com/brazilprotein_australia,,,,,"The focus Brazil Protein puts on clean, effective formulas is exactly what customers need."
c2fitnesszone.com,c2fitnesszone.com,https://c2fitnesszone.com,Customerservice,Owner,C2 Fitness Zone  &ndash; c2fitnesszone,customerservice@c2fitnesszone.com,,Health & Supplements,100% Confirmed Real,Valid (Host MX),Configured (v=DMARC1),Configured,No,https://www.facebook.com/ads/library/?q=c2fitnesszone.com&type=all,https://www.instagram.com/c2fitnesszone,https://www.facebook.com/c2fitnesszone,,https://x.com/c2fitnesszone,,"The focus c2fitnesszone.com puts on clean, effective formulas is exactly what customers need."
canwellnessfuel,canwellnessfuel.com,https://canwellnessfuel.com,Service,Owner,canwellnessfuel,service@canwellnessfuel.com,,Health & Supplements,100% Confirmed Real,Valid (Host MX),Configured (v=DMARC1),Configured,No,https://www.facebook.com/ads/library/?q=canwellnessfuel&type=all,,,,,,"The focus canwellnessfuel puts on clean, effective formulas is exactly what customers need."
Chemistry Nutrition,chemistrynutrition.com,https://chemistrynutrition.com,Chelshealthcoach,Owner,Chemistry Nutrition,chelshealthcoach@gmail.com,,Health & Supplements,68% Confirmed Real,Valid (Google Workspace),Configured (v=DMARC1),Configured,No,https://www.facebook.com/ads/library/?q=Chemistry%20Nutrition&type=all,,,,,,"The focus Chemistry Nutrition puts on clean, effective formulas is exactly what customers need."
Eat Sleep Ride,eatsleepride.co.uk,https://eatsleepride.co.uk,Info,Owner,Apple Pay,info@eatsleepride.co.uk,,Health & Supplements,98% Confirmed Real,Valid (Host MX),Not Configured,Configured,No,https://www.facebook.com/ads/library/?q=Eat%20Sleep%20Ride&type=all,,,,,,"The focus Eat Sleep Ride puts on clean, effective formulas is exactly what customers need."
ENHANCED SPACES & BOTANICALS,enhancedsb.com,https://enhancedsb.com,Victoria,Owner,"Home
 &ndash; ENHANCED SPACES &amp; BOTANICALS",victoria@enhancedsb.com,,Health & Supplements,100% Confirmed Real,Valid (Microsoft 365),Configured (v=DMARC1),Configured,No,https://www.facebook.com/ads/library/?q=ENHANCED%20SPACES%20%26%20BOTANICALS&type=all,https://www.instagram.com/enhanced_botanicals,https://www.facebook.com/EnhancedSpaces.design,,,,"The focus ENHANCED SPACES & BOTANICALS puts on clean, effective formulas is exactly what customers need."
Fitness Forless,fitnessforless.shop,https://fitnessforless.shop,Fitnessforlesskenya,Owner,Founder / Owner @ Fitness Forless,fitnessforlesskenya@gmail.com,,Health & Supplements,100% Confirmed Real,Valid (Google Workspace),Configured (v=DMARC1),Configured,No,https://www.facebook.com/ads/library/?q=Fitness%20Forless&type=all,,,,,,"The focus Fitness Forless puts on clean, effective formulas is exactly what customers need."
Fitfreak Supplements,fitfreaksupplements.com,https://fitfreaksupplements.com,Fitfreaklaunceston,Owner,Fitfreak Supplements: Tasmania&#39;s Premier Supplement Specialists,fitfreaklaunceston@outlook.com,,Health & Supplements,68% Confirmed Real,Valid (Microsoft 365),Configured (v=DMARC1),Configured,No,https://www.facebook.com/ads/library/?q=Fitfreak%20Supplements&type=all,https://www.instagram.com/fitfreaksupps_14,https://www.facebook.com/fitfreaksupps,,,,"The focus Fitfreak Supplements puts on clean, effective formulas is exactly what customers need."
FitBitesProtein,fitbitesprotein.com,https://fitbitesprotein.com,02171emailinfo,Owner,Founder / Owner @ FitBitesProtein,02171emailinfo@fitbitesnutrition.com,,Health & Supplements,83% Confirmed Real,Valid (Host MX),Not Configured,Configured,No,https://www.facebook.com/ads/library/?q=FitBitesProtein&type=all,https://www.instagram.com/fitbitesprotein,https://www.facebook.com/fitbitesprotein,https://www.tiktok.com/@fitbitesprotein,,,"The focus FitBitesProtein puts on clean, effective formulas is exactly what customers need."
Flex Wheeler Nutrition 💪,flexwheelernutrition.com,https://flexwheelernutrition.com,Info,Owner,Flex Wheeler Nutrition 💪,info@flexwheelernutrition.com,,Health & Supplements,100% Confirmed Real,Valid (Google Workspace),Not Configured,Configured,No,https://www.facebook.com/ads/library/?q=Flex%20Wheeler%20Nutrition%20%F0%9F%92%AA&type=all,,,,,,"The focus Flex Wheeler Nutrition 💪 puts on clean, effective formulas is exactly what customers need."
Fridays Organic Bakery,fridays-organic.de,https://fridays-organic.de,Freitag,Meyer,Fridays Organic Bakery,freitag-meyer@hans-freitag.de,,Health & Supplements,68% Confirmed Real,Valid (Microsoft 365),Configured (v=DMARC1),Configured,No,https://www.facebook.com/ads/library/?q=Fridays%20Organic%20Bakery&type=all,,,,,,"The focus Fridays Organic Bakery puts on clean, effective formulas is exactly what customers need."
Functional Botanicals,functionalbotanicals.com,https://functionalbotanicals.com,Service,Owner,Essential Oil Bamboo Dry Wipes | Functional Botanicals,service@functionalbotanicals.com,,Health & Supplements,100% Confirmed Real,Valid (Google Workspace),Not Configured,None,No,https://www.facebook.com/ads/library/?q=Functional%20Botanicals&type=all,,,,,,"The focus Functional Botanicals puts on clean, effective formulas is exactly what customers need."
Glaser Organic Farms,glaserorganicfarms.com,https://glaserorganicfarms.com,Onlineorders,Owner,Glaser Organic Farms - Raw Vegan Organic Foods,onlineorders@glaserorganicfarms.com,,Health & Supplements,100% Confirmed Real,Valid (Microsoft 365),Configured (v=DMARC1),Configured,No,https://www.facebook.com/ads/library/?q=Glaser%20Organic%20Farms&type=all,,,,,,"The focus Glaser Organic Farms puts on clean, effective formulas is exactly what customers need."
Glebe Greens,glebegreens.com,https://glebegreens.com,Andrew,Owner,Glebe Greens,andrew@glebegreens.com,,Health & Supplements,98% Confirmed Real,Valid (Zoho Mail),Not Configured,Configured,No,https://www.facebook.com/ads/library/?q=Glebe%20Greens&type=all,,,,,,"The focus Glebe Greens puts on clean, effective formulas is exactly what customers need."
Gloskin Organics,gloskinorganics.com,https://gloskinorganics.com,Orders,Owner,Gloskin Organics,orders@gloskinorganics.com,,Health & Supplements,100% Confirmed Real,Valid (Host MX),Configured (v=DMARC1),Configured,No,https://www.facebook.com/ads/library/?q=Gloskin%20Organics&type=all,https://www.instagram.com/gloskin_organics89,https://www.facebook.com/gloskinorganics,,,,"The focus Gloskin Organics puts on clean, effective formulas is exactly what customers need."
Golden Hour Botanicals,goldenhourbotanicals.com,https://goldenhourbotanicals.com,Hello,Owner,Golden Hour Botanicals,hello@goldenhourbotanicals.com,support@goldenhourbotanicals.com,Health & Supplements,100% Confirmed Real,Valid (Google Workspace),Not Configured,Configured,No,https://www.facebook.com/ads/library/?q=Golden%20Hour%20Botanicals&type=all,https://www.instagram.com/goldenhour.botanicals,,,,,"The focus Golden Hour Botanicals puts on clean, effective formulas is exactly what customers need."
greenherbalcare.com,greenherbalcare.com,https://greenherbalcare.com,Howdy,Owner,Buy CBD Products Online | CBD Dispensary Store Austin Texas,howdy@greenherbalcare.com,,Health & Supplements,100% Confirmed Real,Valid (Google Workspace),Configured (v=DMARC1),Configured,No,https://www.facebook.com/ads/library/?q=greenherbalcare.com&type=all,https://www.instagram.com/greenherbalcare,https://www.facebook.com/GreenHerbalCareOfficial,https://www.tiktok.com/@greenherbalcare,https://x.com/GreenHerblCare,,"The focus greenherbalcare.com puts on clean, effective formulas is exactly what customers need."
greenwellnessshop.cz,greenwellnessshop.cz,https://greenwellnessshop.cz,Shop,Owner,Founder / Owner @ greenwellnessshop.cz,shop@windsorspahotel.cz,,Health & Supplements,88% Confirmed Real,Valid (Microsoft 365),Not Configured,Configured,No,https://www.facebook.com/ads/library/?q=greenwellnessshop.cz&type=all,https://www.instagram.com/green_wellness_shop_,https://www.facebook.com/greenwellnessshop.kvary,,,,"The focus greenwellnessshop.cz puts on clean, effective formulas is exactly what customers need."
Gunsmith Fitness,gunsmithfitness.com,https://gunsmithfitness.com,Contact,Owner,"Gunsmith Fitness - Shop Custom Belts, Accessories and Apparel",contact@gunsmithfitness.com,,Health & Supplements,100% Confirmed Real,Valid (Host MX),Configured (v=DMARC1),Configured,No,https://www.facebook.com/ads/library/?q=Gunsmith%20Fitness&type=all,https://www.instagram.com/gunsmith_fitness,https://www.facebook.com/gunsmithfitness,https://www.tiktok.com/@gunsmith_fitness,,,"The focus Gunsmith Fitness puts on clean, effective formulas is exactly what customers need."
Gutblissyou by Rectio Enterprises,gutblissyou.com,https://gutblissyou.com,Info,Owner,Gutblissyou by Rectio Enterprises,info@gutbliss.com,,Health & Supplements,100% Confirmed Real,Valid (Host MX),Not Configured,Configured,No,https://www.facebook.com/ads/library/?q=Gutblissyou%20by%20Rectio%20Enterprises&type=all,https://www.instagram.com/gutblissyou,,,,,"The focus Gutblissyou by Rectio Enterprises puts on clean, effective formulas is exactly what customers need."
Skär Organics,hallow.skarorganics.com,https://hallow.skarorganics.com,Support,Owner,Organic Candles | Certified Organic Beeswax Candles - Skär Organics,support@skarorganics.com,,Health & Supplements,100% Confirmed Real,Valid (Google Workspace),Configured (v=DMARC1),Configured,No,https://www.facebook.com/ads/library/?q=Sk%C3%A4r%20Organics&type=all,https://www.instagram.com/skar_organics,https://www.facebook.com/skarorganics,,,,"The focus Skär Organics puts on clean, effective formulas is exactly what customers need."
Herbal Nectar,herbalnectar.store,https://herbalnectar.store,Herbalnectar,Store,Herbal Nectar - Natural Haircare Products,herbalnectar.store@gmail.com,,Health & Supplements,100% Confirmed Real,Valid (Google Workspace),Configured (v=DMARC1),Configured,No,https://www.facebook.com/ads/library/?q=Herbal%20Nectar&type=all,https://www.instagram.com/herbal.nectar,https://www.facebook.com/herbalnectarstore,https://www.tiktok.com/@herbalnectar,,,"The focus Herbal Nectar puts on clean, effective formulas is exactly what customers need."
HerbalStoreDE,herbalstorede.com,https://herbalstorede.com,Support,Owner,HerbalStoreDE,support@herbalstorede.com,,Health & Supplements,100% Confirmed Real,Valid (Microsoft 365),Configured (v=DMARC1),Configured,No,https://www.facebook.com/ads/library/?q=HerbalStoreDE&type=all,,,,,,"The focus HerbalStoreDE puts on clean, effective formulas is exactly what customers need."
Heyne Bogut | The Official Website,heynebogut.com,https://heynebogut.com,Info,Owner,American Express,info@heynebogut.com,,Health & Supplements,100% Confirmed Real,Valid (Google Workspace),Configured (v=DMARC1),None,No,https://www.facebook.com/ads/library/?q=Heyne%20Bogut%20%7C%20The%20Official%20Website&type=all,https://www.instagram.com/heynebogut,,,,,"The focus Heyne Bogut | The Official Website puts on clean, effective formulas is exactly what customers need."
29 Superfoods,29superfoods.com,https://29superfoods.com,Atencion,Cliente,Proteína de tarwi | 29 Superfoods,atencion.cliente@29superfoods.com,,Health & Supplements,100% Confirmed Real,Valid (Google Workspace),Configured (v=DMARC1),Configured,No,https://www.facebook.com/ads/library/?q=29%20Superfoods&type=all,https://www.instagram.com/29_superfoods,,https://www.tiktok.com/@29_superfoods,,,"The focus 29 Superfoods puts on clean, effective formulas is exactly what customers need."
4 Leaf Herbals,4leafherbals.com,https://4leafherbals.com,Info,Owner,4 Leaf Herbals — Premium Kratom Extracts & Gummies,info@4leafherbals.com,sales@4leafherbals.com,Health & Supplements,100% Confirmed Real,Valid (Google Workspace),Not Configured,Configured,No,https://www.facebook.com/ads/library/?q=4%20Leaf%20Herbals&type=all,https://www.instagram.com/4leafherbals,https://www.facebook.com/4leafherbals,,,,"The focus 4 Leaf Herbals puts on clean, effective formulas is exactly what customers need."
4organic.fi,4organic.fi,https://4organic.fi,Info,Owner,Founder / Owner @ 4organic.fi,info@4organic.fi,,Health & Supplements,100% Confirmed Real,Valid (Google Workspace),Configured (v=DMARC1),Configured,No,https://www.facebook.com/ads/library/?q=4organic.fi&type=all,https://www.instagram.com/luomukaista,https://www.facebook.com/luomukaista,,,,"The focus 4organic.fi puts on clean, effective formulas is exactly what customers need."
801 Supplements,801supplements.com,https://801supplements.com,801supplements101,Owner,801 Supplements,801supplements101@gmail.com,,Health & Supplements,100% Confirmed Real,Valid (Google Workspace),Configured (v=DMARC1),Configured,No,https://www.facebook.com/ads/library/?q=801%20Supplements&type=all,,,,,,"The focus 801 Supplements puts on clean, effective formulas is exactly what customers need."
6 Pack Fitness,6packfitness.com,https://6packfitness.com,Info,Owner,Six Pack Fitness,info@6packfitness.com,,Health & Supplements,100% Confirmed Real,Valid (Google Workspace),Configured (v=DMARC1),Configured,No,https://www.facebook.com/ads/library/?q=6%20Pack%20Fitness&type=all,https://www.instagram.com/6packbags,https://www.facebook.com/6PackFitness,,,,"The focus 6 Pack Fitness puts on clean, effective formulas is exactly what customers need."
8 Days Botanicals,8daysbotanicals.com,https://8daysbotanicals.com,Rose,Owner,Amazon,rose@8daysbotanicals.com,,Health & Supplements,100% Confirmed Real,Valid (Google Workspace),Configured (v=DMARC1),None,No,https://www.facebook.com/ads/library/?q=8%20Days%20Botanicals&type=all,https://www.instagram.com/8daysbotanicals,https://www.facebook.com/people,https://www.tiktok.com/@8daysbotanicals,,https://www.linkedin.com/company/8-days-botanicals,"The focus 8 Days Botanicals puts on clean, effective formulas is exactly what customers need."
ActiHerbz Vitamins,actiherbzvitamins.com,https://actiherbzvitamins.com,Info,Owner,ActiHerbz Vitamins,info@actiherbzvitamins.com,,Health & Supplements,100% Confirmed Real,Valid (Host MX),Configured (v=DMARC1),Configured,No,https://www.facebook.com/ads/library/?q=ActiHerbz%20Vitamins&type=all,,,,,,"The focus ActiHerbz Vitamins puts on clean, effective formulas is exactly what customers need."
Ageless Wellness Group LLC,agelessherbswellness.com,https://agelessherbswellness.com,Hello,Owner,Ageless Herbs Wellness | Premium Herbal Teas &amp; Natural Wellness,hello@agelessherbswellness.com,,Health & Supplements,100% Confirmed Real,Valid (Google Workspace),Configured (v=DMARC1),None,No,https://www.facebook.com/ads/library/?q=Ageless%20Wellness%20Group%20LLC&type=all,,,,,,"The focus Ageless Wellness Group LLC puts on clean, effective formulas is exactly what customers need."
Agrow Ayurveda,agrowayurveda.com,https://agrowayurveda.com,Info,Owner,"Agrow Ayurveda
      -
      Agrow Ayurveda",info@agrowayurveda.com,,Health & Supplements,100% Confirmed Real,Valid (Google Workspace),Not Configured,None,No,https://www.facebook.com/ads/library/?q=Agrow%20Ayurveda&type=all,https://www.instagram.com/agrow_ayurveda,https://www.facebook.com/agrowpharma,,,https://www.linkedin.com/company/agrow-healthcare,"The focus Agrow Ayurveda puts on clean, effective formulas is exactly what customers need."
airasleep.com,airasleep.com,https://airasleep.com,Info,Owner,American Express,info@airasleep.com,,Health & Supplements,100% Confirmed Real,Valid (Host MX),Not Configured,Configured,No,https://www.facebook.com/ads/library/?q=airasleep.com&type=all,https://www.instagram.com/airasleep,https://www.facebook.com/AIRASLEEP,,,,"The focus airasleep.com puts on clean, effective formulas is exactly what customers need."
Aithihya Herbals,aithihyaherbals.com,https://aithihyaherbals.com,Support,Owner,Aithihya Herbals,support@aithihyaherbals.com,,Health & Supplements,100% Confirmed Real,Valid (Google Workspace),Configured (v=DMARC1),Configured,No,https://www.facebook.com/ads/library/?q=Aithihya%20Herbals&type=all,https://www.instagram.com/aithihyaherbals,,,,,"The focus Aithihya Herbals puts on clean, effective formulas is exactly what customers need."
Ai Yisheng Health & Wellness,aiyishengusa.com,https://aiyishengusa.com,Aiyishengusa,Owner,"Ai Yisheng Health & Wellness
 &ndash; Ai Yisheng Health &amp; Wellness",aiyishengusa@gmail.com,,Health & Supplements,100% Confirmed Real,Valid (Google Workspace),Configured (v=DMARC1),Configured,No,https://www.facebook.com/ads/library/?q=Ai%20Yisheng%20Health%20%26%20Wellness&type=all,,,,,,"The focus Ai Yisheng Health & Wellness puts on clean, effective formulas is exactly what customers need."
Dr. Alkaitis Organics,alkaitis.com,https://alkaitis.com,Office,Owner,Dr. Alkaitis | 100% Raw Holistic Organic Skin Care,office@alkaitis.com,,Health & Supplements,98% Confirmed Real,Valid (Host MX),Not Configured,Configured,No,https://www.facebook.com/ads/library/?q=Dr.%20Alkaitis%20Organics&type=all,https://www.instagram.com/dralkaitis,https://www.facebook.com/dralkaitis,,https://x.com/dralkaitis,,"The focus Dr. Alkaitis Organics puts on clean, effective formulas is exactly what customers need."
AlloSupplements,allosupplements.net,https://allosupplements.net,Etrendcomp1,Owner,AlloSupplements | Premium Quality Supplements,etrendcomp1@gmail.com,"support@taegynhomelifestyle.com, support@allosupplements.com",Health & Supplements,100% Confirmed Real,Valid (Google Workspace),Configured (v=DMARC1),Configured,No,https://www.facebook.com/ads/library/?q=AlloSupplements&type=all,,,,,,"The focus AlloSupplements puts on clean, effective formulas is exactly what customers need."
Allroundfitness.nl,allroundfitness.nl,https://allroundfitness.nl,Allroundfitnessnl,Owner,"allroundfitness
 &ndash; Allroundfitness.nl",allroundfitnessnl@outlook.com,,Health & Supplements,100% Confirmed Real,Valid (Microsoft 365),Configured (v=DMARC1),Configured,No,https://www.facebook.com/ads/library/?q=Allroundfitness.nl&type=all,,,,,,"The focus Allroundfitness.nl puts on clean, effective formulas is exactly what customers need."
ALOESUN™ | Always Organic,aloesun.com,https://aloesun.com,Sardaralikhamosh,Owner,American Express,sardaralikhamosh@gmail.com,,Health & Supplements,68% Confirmed Real,Valid (Google Workspace),Configured (v=DMARC1),Configured,No,https://www.facebook.com/ads/library/?q=ALOESUN%E2%84%A2%20%7C%20Always%20Organic&type=all,https://www.instagram.com/aloesunofficial,,https://www.tiktok.com/@aloesunofficial,,,"The focus ALOESUN™ | Always Organic puts on clean, effective formulas is exactly what customers need."
Anea Nutrition,aneanutrition.com,https://aneanutrition.com,Hello,Owner,Anea Nutrition,hello@aneanutrition.com,,Health & Supplements,100% Confirmed Real,Valid (Mimecast),Configured (v=DMARC1),Configured,No,https://www.facebook.com/ads/library/?q=Anea%20Nutrition&type=all,https://www.instagram.com/aneanutrition,,https://www.tiktok.com/@aneaprotein,,,"The focus Anea Nutrition puts on clean, effective formulas is exactly what customers need."
ARIUM BOTANICALS,ariumbotanicals.com,https://ariumbotanicals.com,Hello,Owner,"HOME
&ndash; ARIUM BOTANICALS",hello@ariumbotanicals.com,,Health & Supplements,100% Confirmed Real,Valid (Google Workspace),Configured (v=DMARC1),Configured,No,https://www.facebook.com/ads/library/?q=ARIUM%20BOTANICALS&type=all,https://www.instagram.com/ariumbotanicals,https://www.facebook.com/ariumbotanicals,https://www.tiktok.com/@arium_botanicals,,,"The focus ARIUM BOTANICALS puts on clean, effective formulas is exactly what customers need."
IS Nutrition,asitisnutrition.com,https://asitisnutrition.com,Orders,Owner,AS-IT-IS Nutrition - India&#39;s #1 Authentic Sports Nutrition Brand,orders@asitisnutrition.com,info@asitisnutrition.com,Health & Supplements,100% Confirmed Real,Valid (Google Workspace),Configured (v=DMARC1),Configured,No,https://www.facebook.com/ads/library/?q=IS%20Nutrition&type=all,https://www.instagram.com/asitisnutrition,https://www.facebook.com/asitisnutrition,,https://x.com/asitisnutrition,,"The focus IS Nutrition puts on clean, effective formulas is exactly what customers need."
aylinorganic.com,aylinorganic.com,https://aylinorganic.com,Aylinorganic1,Owner,Aylin Organic Full‑Body Brightening Cream – Natural Skin Whitening,aylinorganic1@gmail.com,,Health & Supplements,100% Confirmed Real,Valid (Google Workspace),Configured (v=DMARC1),Configured,No,https://www.facebook.com/ads/library/?q=aylinorganic.com&type=all,https://www.instagram.com/aylinorganic,,,,,"The focus aylinorganic.com puts on clean, effective formulas is exactly what customers need."
babyelephantorganic.com,babyelephantorganic.com,https://babyelephantorganic.com,Hello,Owner,Baby Elephant Organic Wear brand for kids &amp; family from Qatar,hello@babyelephantorganic.com,,Health & Supplements,100% Confirmed Real,Valid (Zoho Mail),Configured (v=DMARC1),None,No,https://www.facebook.com/ads/library/?q=babyelephantorganic.com&type=all,,https://www.facebook.com/BabyElephantOrganic,,,,"The focus babyelephantorganic.com puts on clean, effective formulas is exactly what customers need."
Back2Sleep Anti,back2sleep.eu,https://back2sleep.eu,Support,Owner,Back2Sleep Anti-Snoring Stent | 92% Success | Free EU Ship,support@back2sleep.eu,,Health & Supplements,100% Confirmed Real,Valid (Google Workspace),Configured (v=DMARC1),Configured,No,https://www.facebook.com/ads/library/?q=Back2Sleep%20Anti&type=all,https://www.instagram.com/back2sleep.europe,https://www.facebook.com/Back2sleep,,https://x.com/Back2Sleep_eu,,"The focus Back2Sleep Anti puts on clean, effective formulas is exactly what customers need."
Baby Sleep Code,babysleepcode.com.au,https://babysleepcode.com.au,Contact,Owner,Baby Sleep Code™ Baby &amp; Toddler Sleep Guides,contact@babysleepcode.com.au,,Health & Supplements,100% Confirmed Real,Valid (Microsoft 365),Configured (v=DMARC1),Configured,No,https://www.facebook.com/ads/library/?q=Baby%20Sleep%20Code&type=all,https://www.instagram.com/babysleepcode,https://www.facebook.com/babysleepcode,https://www.tiktok.com/@babysleepcode,,,"The focus Baby Sleep Code puts on clean, effective formulas is exactly what customers need."
Barakah Wellness,barakahwellness.com.au,https://barakahwellness.com.au,Info,Barakahwellness,Barakah Wellness,info.barakahwellness@gmail.com,,Health & Supplements,100% Confirmed Real,Valid (Google Workspace),Configured (v=DMARC1),Configured,No,https://www.facebook.com/ads/library/?q=Barakah%20Wellness&type=all,,,,,,"The focus Barakah Wellness puts on clean, effective formulas is exactly what customers need."
Bayside Nutrition Co,baysidenutritionco.com.au,https://baysidenutritionco.com.au,Hello,Owner,Bayside Nutrition Co,hello@baysidenutritionco.com.au,,Health & Supplements,100% Confirmed Real,Valid (Google Workspace),Not Configured,Configured,No,https://www.facebook.com/ads/library/?q=Bayside%20Nutrition%20Co&type=all,https://www.instagram.com/bayside_nutritionco,https://www.facebook.com/Baysidenutritionco,,,,"The focus Bayside Nutrition Co puts on clean, effective formulas is exactly what customers need."
Beast Nutrition,beastnutrition.lk,https://beastnutrition.lk,Beastnutritionlk,Owner,Beast Nutrition,beastnutritionlk@gmail.com,,Health & Supplements,100% Confirmed Real,Valid (Google Workspace),Configured (v=DMARC1),Configured,No,https://www.facebook.com/ads/library/?q=Beast%20Nutrition&type=all,https://www.instagram.com/beastnutritions,https://www.facebook.com/profile.php,,,,"The focus Beast Nutrition puts on clean, effective formulas is exactly what customers need."
BeauTEAful YiTea • Wellness,beauteaful.hk,https://beauteaful.hk,Beauteaful,Hk,BeauTEAful YiTea • Wellness,beauteaful.hk@gmail.com,,Health & Supplements,100% Confirmed Real,Valid (Google Workspace),Configured (v=DMARC1),Configured,No,https://www.facebook.com/ads/library/?q=BeauTEAful%20YiTea%20%E2%80%A2%20Wellness&type=all,https://www.instagram.com/beauteaful.hk,https://www.facebook.com/beauteaful.hk,,,,"The focus BeauTEAful YiTea • Wellness puts on clean, effective formulas is exactly what customers need."
betterprotein.de,betterprotein.de,https://betterprotein.de,Info,Owner,Nahrungsergänzung aus Deutschland,info@betterprotein.de,,Health & Supplements,100% Confirmed Real,Valid (Host MX),Configured (v=DMARC1),Configured,No,https://www.facebook.com/ads/library/?q=betterprotein.de&type=all,https://www.instagram.com/betterprotein_de,https://www.facebook.com/people,https://www.tiktok.com/@betterprotein,,,"The focus betterprotein.de puts on clean, effective formulas is exactly what customers need."
Beverly Nutrition,beverly.es,https://beverly.es,Beverly,Owner,Beverly Nutrition - Nutrición deportiva desde 1987,beverly@beverly.es,u003ebeverly@beverly.es,Health & Supplements,100% Confirmed Real,Valid (Host MX),Configured (v=DMARC1),Configured,No,https://www.facebook.com/ads/library/?q=Beverly%20Nutrition&type=all,https://www.instagram.com/beverlynutrition,,https://www.tiktok.com/@beverlyoficial,,https://www.linkedin.com/company/beverly-nutrition,"The focus Beverly Nutrition puts on clean, effective formulas is exactly what customers need."
betterfitnesshealth,betterfitnesshealth.com,https://betterfitnesshealth.com,Support,Owner,Founder / Owner @ betterfitnesshealth,support@betterfitnesshealth.com,"info@betterfitnesshealth.com, returns@betterfitnesshealth.com",Health & Supplements,100% Confirmed Real,Valid (Host MX),Configured (v=DMARC1),Configured,No,https://www.facebook.com/ads/library/?q=betterfitnesshealth&type=all,https://www.instagram.com/shopbetterfitnesshealth,https://www.facebook.com/shopbetterfitnesshealth,,https://x.com/ShopBFH2025,,"The focus betterfitnesshealth puts on clean, effective formulas is exactly what customers need."
BGS Nutrition,bgsnutrition.nl,https://bgsnutrition.nl,Webmaster,Owner,Supplementen - Eiwitten - Creatine - Pre Workout | BGS Nutrition,webmaster@bodyengymshop.nl,"voorbeeld@mail.com, gebruiker@voorbeeld.com",Health & Supplements,63% Confirmed Real,Valid (Host MX),Configured (v=DMARC1),Configured,No,https://www.facebook.com/ads/library/?q=BGS%20Nutrition&type=all,https://www.instagram.com/bgsnutrition_nl,,,,,"The focus BGS Nutrition puts on clean, effective formulas is exactly what customers need."
Billings Ultimate Fitness,billingsultimatefitness.com,https://billingsultimatefitness.com,Contact,Owner,Billings Ultimate Fitness,contact@billingsultimatefitness.com,,Health & Supplements,100% Confirmed Real,Valid (Zoho Mail),Configured (v=DMARC1),Configured,No,https://www.facebook.com/ads/library/?q=Billings%20Ultimate%20Fitness&type=all,https://www.instagram.com/billingsultimatefitness,,https://www.tiktok.com/@billingsultimatefitness,,,"The focus Billings Ultimate Fitness puts on clean, effective formulas is exactly what customers need."
être – Biloba Nutrition,bilobanutrition.fr,https://bilobanutrition.fr,Bilobanutrition,Owner,Founder / Owner @ être – Biloba Nutrition,bilobanutrition@gmail.com,,Health & Supplements,100% Confirmed Real,Valid (Google Workspace),Configured (v=DMARC1),Configured,No,https://www.facebook.com/ads/library/?q=%C3%AAtre%20%E2%80%93%20Biloba%20Nutrition&type=all,https://www.instagram.com/biloba.nutrition,,,,,"The focus être – Biloba Nutrition puts on clean, effective formulas is exactly what customers need."
Biocidin Botanicals®,biocidin.com,https://biocidin.com,Clinical,Owner,Biocidin Botanicals® - A natural solution for our time,clinical@biocidin.com,"orders@biocidin.com, customerservice@biocidin.com",Health & Supplements,100% Confirmed Real,Valid (Microsoft 365),Configured (v=DMARC1),Configured,No,https://www.facebook.com/ads/library/?q=Biocidin%20Botanicals%C2%AE&type=all,https://www.instagram.com/biocidinbotanicals,https://www.facebook.com/Biocidin,,,https://www.linkedin.com/company/biocidin,"The focus Biocidin Botanicals® puts on clean, effective formulas is exactly what customers need."
Blise organic,bliseorganic.in,https://bliseorganic.in,Support,Owner,Blise organic,support@bliseorganic.in,,Health & Supplements,100% Confirmed Real,Valid (Google Workspace),Configured (v=DMARC1),Configured,No,https://www.facebook.com/ads/library/?q=Blise%20organic&type=all,https://www.instagram.com/bliseorganic,,,,,"The focus Blise organic puts on clean, effective formulas is exactly what customers need."
Bloom Fitness Wear,bloomfitnesswear.com,https://bloomfitnesswear.com,Support,Owner,Bloom Fitness Wear,support@bloomfitnesswear.com,,Health & Supplements,100% Confirmed Real,Valid (Google Workspace),Not Configured,None,No,https://www.facebook.com/ads/library/?q=Bloom%20Fitness%20Wear&type=all,https://www.instagram.com/bloom.fitnesswear,https://www.facebook.com/profile.php,https://www.tiktok.com/@bloomfitnesswear,,,"The focus Bloom Fitness Wear puts on clean, effective formulas is exactly what customers need."
Body Nutrition,bodynutrition.ch,https://bodynutrition.ch,Info,Owner,Body Nutrition – Sports &amp; Wellness Supplements in Switzerland,info@bodynutrition.ch,orders@bodynutrition.ch,Health & Supplements,100% Confirmed Real,Valid (Host MX),Configured (v=DMARC1),Configured,No,https://www.facebook.com/ads/library/?q=Body%20Nutrition&type=all,https://www.instagram.com/bodynutrition.ch,https://www.facebook.com/bodynutrition.ch,,,https://www.linkedin.com/company/bodynutrition-ch,"The focus Body Nutrition puts on clean, effective formulas is exactly what customers need."
Clean Wellness Support– BOOST,boost-lifestyle.co.uk,https://boost-lifestyle.co.uk,Admin,Owner,icon-X,admin@boost-lifestyle.co.uk,,Health & Supplements,100% Confirmed Real,Valid (Host MX),Configured (v=DMARC1),Configured,No,https://www.facebook.com/ads/library/?q=Clean%20Wellness%20Support%E2%80%93%20BOOST&type=all,https://www.instagram.com/boost_lifestyle_nootropics,https://www.facebook.com/boostlbw,https://www.tiktok.com/@boost_lifestyle_,,,"The focus Clean Wellness Support– BOOST puts on clean, effective formulas is exactly what customers need."
Botanical Brothers,botanicalbrothers.com,https://botanicalbrothers.com,Brothers,Owner,Botanical Brothers,brothers@botanicalbrothers.com,,Health & Supplements,100% Confirmed Real,Valid (Google Workspace),Configured (v=DMARC1),Configured,No,https://www.facebook.com/ads/library/?q=Botanical%20Brothers&type=all,,,,,,"The focus Botanical Brothers puts on clean, effective formulas is exactly what customers need."
Bow Key Botanicals,bowkeybotanicals.com,https://bowkeybotanicals.com,Info,Owner,Buy Kratom Powder Online | FREE SHIPPING | Bow Key Botanicals,info@bowkeybotanicals.com,,Health & Supplements,100% Confirmed Real,Valid (Host MX),Configured (v=DMARC1),Configured,No,https://www.facebook.com/ads/library/?q=Bow%20Key%20Botanicals&type=all,,,,https://x.com/BowKeyKratom,,"The focus Bow Key Botanicals puts on clean, effective formulas is exactly what customers need."
Buf Protein,bufprotein.shop,https://bufprotein.shop,Hello,Owner,Halal Chocolate Beef Collagen Powder | BUF Protein,hello@bufprotein.shop,,Health & Supplements,100% Confirmed Real,Valid (Google Workspace),Configured (v=DMARC1),Configured,No,https://www.facebook.com/ads/library/?q=Buf%20Protein&type=all,,,,,,"The focus Buf Protein puts on clean, effective formulas is exactly what customers need."
Buddha Belly Wellness,buddhabellywellness.com,https://buddhabellywellness.com,Info,Owner,Buddha Belly Wellness,info@buddhabellywellness.com,,Health & Supplements,100% Confirmed Real,Valid (Microsoft 365),Not Configured,Configured,No,https://www.facebook.com/ads/library/?q=Buddha%20Belly%20Wellness&type=all,,,,,,"The focus Buddha Belly Wellness puts on clean, effective formulas is exactly what customers need."
Bunji,bunjinativesuperfoods.com.au,https://bunjinativesuperfoods.com.au,Adamw,Owner,Bunji Pet Food | Premium Native Ingredients and Superfoods,adamw@cooeeholdings.com.au,"bunji@cooeeholdings.com.au, adam@cooeeholdings.com.au",Health & Supplements,100% Confirmed Real,Valid (Google Workspace),Not Configured,None,No,https://www.facebook.com/ads/library/?q=Bunji&type=all,https://www.instagram.com/bunjinativesuperfoods,,,,https://www.linkedin.com/company/cooee-foods-australia,"The focus Bunji puts on clean, effective formulas is exactly what customers need."
Coconut Greens Co.,coconutgreens.com,https://coconutgreens.com,Shop,Owner,Coconut Greens Co.,shop@coconutgreens.com,,Health & Supplements,100% Confirmed Real,Valid (Google Workspace),Configured (v=DMARC1),Configured,No,https://www.facebook.com/ads/library/?q=Coconut%20Greens%20Co.&type=all,,,,,,"The focus Coconut Greens Co. puts on clean, effective formulas is exactly what customers need."
Concrete Sleepers Brisbane,concretesleepersbrisbane.com.au,https://concretesleepersbrisbane.com.au,Sales,Owner,Concrete Sleepers Brisbane | Retaining Walls &amp; Posts,sales@concretesleepersbrisbane.com.au,,Health & Supplements,100% Confirmed Real,Valid (Microsoft 365),Not Configured,Configured,No,https://www.facebook.com/ads/library/?q=Concrete%20Sleepers%20Brisbane&type=all,,,,,,"The focus Concrete Sleepers Brisbane puts on clean, effective formulas is exactly what customers need."
Crazy Nutrition,crazynutrition.com,https://crazynutrition.com,Support,Owner,Ultimate Sports Nutrition Products | Crazy Nutrition,support@crazynutrition.com,,Health & Supplements,100% Confirmed Real,Valid (Mailgun),Configured (v=DMARC1),Configured,No,https://www.facebook.com/ads/library/?q=Crazy%20Nutrition&type=all,https://www.instagram.com/crazynutritionofficial,https://www.facebook.com/tr,,,,"The focus Crazy Nutrition puts on clean, effective formulas is exactly what customers need."
Divine Healing Botanicals,divine-healing-botanicals.org,https://divine-healing-botanicals.org,Divinehealingbotanicals,Owner,Divine Healing Botanicals,divinehealingbotanicals@gmail.com,,Health & Supplements,68% Confirmed Real,Valid (Google Workspace),Configured (v=DMARC1),Configured,No,https://www.facebook.com/ads/library/?q=Divine%20Healing%20Botanicals&type=all,https://www.instagram.com/divine_healing_botanicals,,,,,"The focus Divine Healing Botanicals puts on clean, effective formulas is exactly what customers need."
Earmark Organic,earmarkorganic.com,https://earmarkorganic.com,Info,Owner,Earmark Organic | Pure Organic Products for Health &amp; Wellness,info@earmarkorganic.com,,Health & Supplements,100% Confirmed Real,Valid (Google Workspace),Configured (v=DMARC1),Configured,No,https://www.facebook.com/ads/library/?q=Earmark%20Organic&type=all,https://www.instagram.com/earmarkorganic,https://www.facebook.com/profile.php,,,,"The focus Earmark Organic puts on clean, effective formulas is exactly what customers need."
www.greensforhim.com,greensforhim.com,https://greensforhim.com,Greensofsunningdale,Owner,"Greens For Him | Designer Menswear
 &ndash; www.greensforhim.com",greensofsunningdale@gmail.com,,Health & Supplements,68% Confirmed Real,Valid (Google Workspace),Configured (v=DMARC1),Configured,No,https://www.facebook.com/ads/library/?q=www.greensforhim.com&type=all,https://www.instagram.com/greens_for_him,https://www.facebook.com/greensofsunningdale,,,,"The focus www.greensforhim.com puts on clean, effective formulas is exactly what customers need."
Hacks4Wellness,shop.hacks4wellness.com,https://shop.hacks4wellness.com,Shop,Owner,"Hacks4Wellness Shop | Longevity, Health &amp; Biohacking Essentials",shop@hacks4wellness.com,,Health & Supplements,100% Confirmed Real,Valid (Host MX),Configured (v=DMARC1),Configured,No,https://www.facebook.com/ads/library/?q=Hacks4Wellness&type=all,https://www.instagram.com/hacks4wellness.shop,,,,,"The focus Hacks4Wellness puts on clean, effective formulas is exactly what customers need."
396 Wellness,396wellness.com,https://396wellness.com,Support,Owner,396 Wellness,support@396wellness.com,,Health & Supplements,100% Confirmed Real,Valid (Google Workspace),Configured (v=DMARC1),None,No,https://www.facebook.com/ads/library/?q=396%20Wellness&type=all,,,,,,"The focus 396 Wellness puts on clean, effective formulas is exactly what customers need."
All About The Box Organics,aatborganics.com.au,https://aatborganics.com.au,Info,Owner,All About The Box Organics,info@aatborganics.com.au,,Health & Supplements,100% Confirmed Real,Valid (Microsoft 365),Configured (v=DMARC1),Configured,No,https://www.facebook.com/ads/library/?q=All%20About%20The%20Box%20Organics&type=all,,https://www.facebook.com/profile.php,,,,"The focus All About The Box Organics puts on clean, effective formulas is exactly what customers need."
Absolute Protein,absoluteprotein.in,https://absoluteprotein.in,Maruthiagroproteins,Owner,Absolute Protein,maruthiagroproteins@gmail.com,,Health & Supplements,68% Confirmed Real,Valid (Google Workspace),Configured (v=DMARC1),Configured,No,https://www.facebook.com/ads/library/?q=Absolute%20Protein&type=all,,,,,,"The focus Absolute Protein puts on clean, effective formulas is exactly what customers need."
ADA Sleep webshop,adasleep.nl,https://adasleep.nl,Info,Owner,ADA Sleep webshop,info@adasleep.nl,,Health & Supplements,98% Confirmed Real,Valid (Host MX),Not Configured,Configured,No,https://www.facebook.com/ads/library/?q=ADA%20Sleep%20webshop&type=all,https://www.instagram.com/adasleep.nl,https://www.facebook.com/adasleep.nl,,,,"The focus ADA Sleep webshop puts on clean, effective formulas is exactly what customers need."
adosewellness.com,adosewellness.com,https://adosewellness.com,Elevate,Owner,Boost Your Well-being and Find Daily Joy with Adose Wellness,elevate@adosewellness.com,events@adosewellness.com,Health & Supplements,100% Confirmed Real,Valid (Google Workspace),Configured (v=DMARC1),None,No,https://www.facebook.com/ads/library/?q=adosewellness.com&type=all,https://www.instagram.com/adosewellness,https://www.facebook.com/profile.php,https://www.tiktok.com/@adosewellness,,,"The focus adosewellness.com puts on clean, effective formulas is exactly what customers need."
afeto organic beauty,afetoorganicbeauty.com,https://afetoorganicbeauty.com,Contato,Owner,Founder / Owner @ afeto organic beauty,contato@afetoorganicbeauty.com,,Health & Supplements,100% Confirmed Real,Valid (Host MX),Configured (v=DMARC1),Configured,No,https://www.facebook.com/ads/library/?q=afeto%20organic%20beauty&type=all,https://www.instagram.com/afetobeauty,https://www.facebook.com/afetobeauty,https://www.tiktok.com/@afetobeauty,,,"The focus afeto organic beauty puts on clean, effective formulas is exactly what customers need."
Agile Wellness,agilewellness.shop,https://agilewellness.shop,Support,Owner,Agile Wellness,support@agilewellness.shop,,Health & Supplements,100% Confirmed Real,Valid (Google Workspace),Configured (v=DMARC1),Configured,No,https://www.facebook.com/ads/library/?q=Agile%20Wellness&type=all,https://www.instagram.com/agilewellness1,https://www.facebook.com/AgileWellness1,https://www.tiktok.com/@agilewellness1,https://x.com/AgileWellness1,,"The focus Agile Wellness puts on clean, effective formulas is exactly what customers need."
Alaskan King,alaskankingsleep.com,https://alaskankingsleep.com,Support,Owner,Alaskan King,support@alaskankingsleep.com,,Health & Supplements,100% Confirmed Real,Valid (Microsoft 365),Configured (v=DMARC1),Configured,No,https://www.facebook.com/ads/library/?q=Alaskan%20King&type=all,,,,,,"The focus Alaskan King puts on clean, effective formulas is exactly what customers need."
Alevere Nutrition,aleverenutrition.com,https://aleverenutrition.com,Hello,Owner,Alevere Nutrition,hello@alevere.com,,Health & Supplements,100% Confirmed Real,Valid (Microsoft 365),Configured (v=DMARC1),Configured,No,https://www.facebook.com/ads/library/?q=Alevere%20Nutrition&type=all,https://www.instagram.com/aleverenutrition,https://www.facebook.com/theonlyweightlossjourneyyouneed,,,,"The focus Alevere Nutrition puts on clean, effective formulas is exactly what customers need."
All Round Fitness,allroundfitness.store,https://allroundfitness.store,Info,Owner,Buy Gym &amp; Home Workout Gear Online | All Round Fitness,info@allroundfitness.store,,Health & Supplements,100% Confirmed Real,Valid (Google Workspace),Not Configured,Configured,No,https://www.facebook.com/ads/library/?q=All%20Round%20Fitness&type=all,https://www.instagram.com/allroundfitnessuk,,,,,"The focus All Round Fitness puts on clean, effective formulas is exactly what customers need."
Allorganic,allorganic.com,https://allorganic.com,Info,Owner,"allorganic® - A Feel-Good Clean.
 &ndash; Allorganic",info@allorganicclean.com,,Health & Supplements,100% Confirmed Real,Valid (Google Workspace),Not Configured,Configured,No,https://www.facebook.com/ads/library/?q=Allorganic&type=all,https://www.instagram.com/allorganic.clean,https://www.facebook.com/aocleans,,,,"The focus Allorganic puts on clean, effective formulas is exactly what customers need."
AMF - Ignite Fitness,amfignitefitness.com,https://amfignitefitness.com,Amfignitefitness,Owner,AMF - Ignite Fitness,amfignitefitness@gmail.com,,Health & Supplements,100% Confirmed Real,Valid (Google Workspace),Configured (v=DMARC1),Configured,No,https://www.facebook.com/ads/library/?q=AMF%20-%20Ignite%20Fitness&type=all,https://www.instagram.com/amfignitefitness,,,,,"The focus AMF - Ignite Fitness puts on clean, effective formulas is exactly what customers need."
Amor Mederi Herbals,amormederi.com,https://amormederi.com,Amormederi,Owner,Amor Mederi Herbals,amormederi@gmail.com,,Health & Supplements,100% Confirmed Real,Valid (Google Workspace),Configured (v=DMARC1),Configured,No,https://www.facebook.com/ads/library/?q=Amor%20Mederi%20Herbals&type=all,https://www.instagram.com/amormederi,,https://www.tiktok.com/@amor.mederi,https://x.com/AmorMederi,,"The focus Amor Mederi Herbals puts on clean, effective formulas is exactly what customers need."
Anthos Botanicals,anthosbotanicals.de,https://anthosbotanicals.de,Drsiewert,Owner,Visa,drsiewert@anthosbotanicals.de,,Health & Supplements,100% Confirmed Real,Valid (Host MX),Configured (v=DMARC1),Configured,No,https://www.facebook.com/ads/library/?q=Anthos%20Botanicals&type=all,https://www.instagram.com/anthosbotanicals_de,https://www.facebook.com/dr.m.siewert,https://www.tiktok.com/@anthosbotanicals,,,"The focus Anthos Botanicals puts on clean, effective formulas is exactly what customers need."
Aparnas herbal products,aparnasherbal.com,https://aparnasherbal.com,Aparnasherbalproducts,Owner,Aparnas herbal products,aparnasherbalproducts@gmail.com,,Health & Supplements,100% Confirmed Real,Valid (Google Workspace),Configured (v=DMARC1),Configured,No,https://www.facebook.com/ads/library/?q=Aparnas%20herbal%20products&type=all,https://www.instagram.com/aparnaappu131,https://www.facebook.com/aparnaappu131,,,,"The focus Aparnas herbal products puts on clean, effective formulas is exactly what customers need."
Apex Life Fitness,apexlifefitness.com,https://apexlifefitness.com,Hello,Owner,Apex Life Fitness,hello@apexlifefitness.com,"support@apexlifefitness.com, founder@company.com",Health & Supplements,100% Confirmed Real,Valid (Host MX),Configured (v=DMARC1),Configured,No,https://www.facebook.com/ads/library/?q=Apex%20Life%20Fitness&type=all,,https://www.facebook.com/tr,,,,"The focus Apex Life Fitness puts on clean, effective formulas is exactly what customers need."
Arsa Fitness,arsafitness.com,https://arsafitness.com,Arsafitness,Owner,Arsa Fitness,arsafitness@gmail.com,,Health & Supplements,100% Confirmed Real,Valid (Google Workspace),Configured (v=DMARC1),Configured,No,https://www.facebook.com/ads/library/?q=Arsa%20Fitness&type=all,,,https://www.tiktok.com/@arsafitness1,,,"The focus Arsa Fitness puts on clean, effective formulas is exactly what customers need."
Artemis Tea & Botanical,artemistea.com,https://artemistea.com,Oracle,Owner,Artemis Tea &amp; Botanical | Hand-Blended Organic Teas from Small Farms,oracle@artemistea.com,"ecom-swiper@11.css, ecom-swiper@11.0.5.js",Health & Supplements,100% Confirmed Real,Valid (Google Workspace),Configured (v=DMARC1),Configured,No,https://www.facebook.com/ads/library/?q=Artemis%20Tea%20%26%20Botanical&type=all,https://www.instagram.com/artemis.tea.botanical,https://www.facebook.com/ArtemisTeas,,https://x.com/ArtemisTeas,https://www.linkedin.com/company/artemis-tea-botanical,"The focus Artemis Tea & Botanical puts on clean, effective formulas is exactly what customers need."
Arth Ayurveda World,arthayurvedaworld.com,https://arthayurvedaworld.com,Doctor,Owner,Arth Ayurveda World,doctor@arthayurvedaworld.com,digital@arthayurvedaworld.com,Health & Supplements,100% Confirmed Real,Valid (Google Workspace),Not Configured,Configured,No,https://www.facebook.com/ads/library/?q=Arth%20Ayurveda%20World&type=all,https://www.instagram.com/arthayurvedaworld,https://www.facebook.com/ArthAyurveda,,https://x.com/world_arth,,"The focus Arth Ayurveda World puts on clean, effective formulas is exactly what customers need."
aspidnutritionals.com,aspidnutritionals.com,https://aspidnutritionals.com,Tienda,An,"Aspid Nutrtitionals
 &ndash; Aspid Nutritionals",tienda-an@aspid.com.mx,,Health & Supplements,63% Confirmed Real,Valid (Microsoft 365),Not Configured,Configured,No,https://www.facebook.com/ads/library/?q=aspidnutritionals.com&type=all,https://www.instagram.com/sinoflex_oficial,https://www.facebook.com/Sinoflexmx,,,,"The focus aspidnutritionals.com puts on clean, effective formulas is exactly what customers need."
AsmitA Organic Farms,asmitaorganicfarm.com,https://asmitaorganicfarm.com,Care,Owner,Founder / Owner @ AsmitA Organic Farms,care@asmitaorganicfarm.com,info@asmitaorganicfarm.com,Health & Supplements,100% Confirmed Real,Valid (Google Workspace),Configured (v=DMARC1),Configured,No,https://www.facebook.com/ads/library/?q=AsmitA%20Organic%20Farms&type=all,https://www.instagram.com/asmitaorganicfarms_,https://www.facebook.com/asmitaorganicfarm,,,https://www.linkedin.com/company/asmita-organic-farm,"The focus AsmitA Organic Farms puts on clean, effective formulas is exactly what customers need."
Athleticofitness,athleticofitness.ph,https://athleticofitness.ph,Athletico,Fitnessph,Athleticofitness,athletico.fitnessph@gmail.com,,Health & Supplements,68% Confirmed Real,Valid (Google Workspace),Configured (v=DMARC1),Configured,No,https://www.facebook.com/ads/library/?q=Athleticofitness&type=all,,https://www.facebook.com/sharer.php,,,,"The focus Athleticofitness puts on clean, effective formulas is exactly what customers need."
Australian Natural Protein Company,ausnaturalprotein.com,https://ausnaturalprotein.com,Info,Owner,Australian Grass-Fed Clean Whey Protein | 30-Day Money-Back,info@ausnaturalprotein.com,,Health & Supplements,100% Confirmed Real,Valid (Google Workspace),Not Configured,Configured,No,https://www.facebook.com/ads/library/?q=Australian%20Natural%20Protein%20Company&type=all,https://www.instagram.com/ausnaturalprotein,https://www.facebook.com/ausnaturalprotein,,,,"The focus Australian Natural Protein Company puts on clean, effective formulas is exactly what customers need."
AVENEA,aveneawellness.com,https://aveneawellness.com,Aveneawellnesscs,Owner,"Buy Adult Toys &amp; Sexual Wellness products canda | AVENÉA
 &ndash; AVENEA",aveneawellnesscs@gmail.com,,Health & Supplements,100% Confirmed Real,Valid (Google Workspace),Configured (v=DMARC1),Configured,No,https://www.facebook.com/ads/library/?q=AVENEA&type=all,https://www.instagram.com/avenea_wellness,https://www.facebook.com/avenea.wellness,,https://x.com/avenea_wellness,https://www.linkedin.com/company/avenea-wellness,"The focus AVENEA puts on clean, effective formulas is exactly what customers need."
Ayur Brahma Wellness Bangalore,ayurbrahmawellnessbangalore.com,https://ayurbrahmawellnessbangalore.com,Ayurbrahmabangalore,Owner,Ayur Brahma Wellness Bangalore,ayurbrahmabangalore@gmail.com,,Health & Supplements,100% Confirmed Real,Valid (Google Workspace),Configured (v=DMARC1),Configured,No,https://www.facebook.com/ads/library/?q=Ayur%20Brahma%20Wellness%20Bangalore&type=all,,,,,,"The focus Ayur Brahma Wellness Bangalore puts on clean, effective formulas is exactly what customers need."
Barhana Organics,barhanaorganics.com,https://barhanaorganics.com,Support,Owner,Barhana Organics — Stoneground Artisan Flour India,support@barhanaorganics.com,,Health & Supplements,100% Confirmed Real,Valid (Host MX),Configured (v=DMARC1),Configured,No,https://www.facebook.com/ads/library/?q=Barhana%20Organics&type=all,https://www.instagram.com/barhanaorganics,,,,,"The focus Barhana Organics puts on clean, effective formulas is exactly what customers need."
BASIC GREENS,basic-greens.com,https://basic-greens.com,Support,Owner,Liquid Vitamins & Daily Supplements | BASIC GREENS,support@basic-greens.com,,Health & Supplements,100% Confirmed Real,Valid (Google Workspace),Not Configured,Configured,No,https://www.facebook.com/ads/library/?q=BASIC%20GREENS&type=all,,,,,,"The focus BASIC GREENS puts on clean, effective formulas is exactly what customers need."
BB Supplements,bbsuppsuk.com,https://bbsuppsuk.com,Info,Owner,BB Supplements UK | High Quality Supplements at Affordable Prices,info@bbsuppsuk.com,,Health & Supplements,100% Confirmed Real,Valid (Host MX),Configured (v=DMARC1),Configured,No,https://www.facebook.com/ads/library/?q=BB%20Supplements&type=all,,,,,,"The focus BB Supplements puts on clean, effective formulas is exactly what customers need."
Behold! Botanical Tea,beholdtea.com,https://beholdtea.com,Hello,Owner,Behold! Botanical Tea,hello@beholdtea.com,,Health & Supplements,100% Confirmed Real,Valid (Host MX),Not Configured,Configured,No,https://www.facebook.com/ads/library/?q=Behold%21%20Botanical%20Tea&type=all,https://www.instagram.com/behold.botanical.tea,https://www.facebook.com/people,,,,"The focus Behold! Botanical Tea puts on clean, effective formulas is exactly what customers need."
Bella's Kitchen and Wellness,bellaskitchenandwellness.com,https://bellaskitchenandwellness.com,Sara,Owner,Bella&#39;s Kitchen and Wellness - Meal Programs and Wellness Products,sara@bellaskitchenus.com,,Health & Supplements,65% Confirmed Real,Valid (Google Workspace),Configured (v=DMARC1),None,No,https://www.facebook.com/ads/library/?q=Bella%27s%20Kitchen%20and%20Wellness&type=all,,,,,,"The focus Bella's Kitchen and Wellness puts on clean, effective formulas is exactly what customers need."
Bell's Protein Pantry,bellsproteinpantry.com,https://bellsproteinpantry.com,Hello,Owner,Bell&#39;s Protein Pantry | High-Protein Baking Mixes,hello@bellsproteinpantry.com,,Health & Supplements,100% Confirmed Real,Valid (Google Workspace),Configured (v=DMARC1),None,No,https://www.facebook.com/ads/library/?q=Bell%27s%20Protein%20Pantry&type=all,https://www.instagram.com/bellsproteinpantry,,https://www.tiktok.com/@bellsproteinpantry,,,"The focus Bell's Protein Pantry puts on clean, effective formulas is exactly what customers need."
BESAPURE® SUPERFOODS,besapure.com,https://besapure.com,Superfoods,Owner,Founder / Owner @ BESAPURE® SUPERFOODS,superfoods@besapure.com,"ecom-swiper@11.css, ecom-swiper@11.0.5.js",Health & Supplements,100% Confirmed Real,Valid (Google Workspace),Configured (v=DMARC1),Configured,No,https://www.facebook.com/ads/library/?q=BESAPURE%C2%AE%20SUPERFOODS&type=all,https://www.instagram.com/besapure,https://www.facebook.com/besapure,,,,"The focus BESAPURE® SUPERFOODS puts on clean, effective formulas is exactly what customers need."
BetterFitnessLife™,betterfitnesslife.com,https://betterfitnesslife.com,Support,Owner,BetterFitnessLife™ | Shop Fitness Equipment &amp; Accessories,support@betterfitnesslife.com,,Health & Supplements,100% Confirmed Real,Valid (Zoho Mail),Configured (v=DMARC1),Configured,No,https://www.facebook.com/ads/library/?q=BetterFitnessLife%E2%84%A2&type=all,https://www.instagram.com/betterfitnesslife,https://www.facebook.com/betterfitnesslife,,,,"The focus BetterFitnessLife™ puts on clean, effective formulas is exactly what customers need."
bhu botanicals,bhubotanicals.com,https://bhubotanicals.com,Customercare,Owner,bhu botanicals,customercare@bhubotanicals.com,,Health & Supplements,100% Confirmed Real,Valid (Google Workspace),Not Configured,Configured,No,https://www.facebook.com/ads/library/?q=bhu%20botanicals&type=all,https://www.instagram.com/bhubotanicals,https://www.facebook.com/bhubotanicals,,,,"The focus bhu botanicals puts on clean, effective formulas is exactly what customers need."
Bio-E Australia,bioeorganic.com.au,https://bioeorganic.com.au,Info,Owner,Bio-E Australia,info@bioeorganic.com.au,,Health & Supplements,100% Confirmed Real,Valid (Host MX),Configured (v=DMARC1),Configured,No,https://www.facebook.com/ads/library/?q=Bio-E%20Australia&type=all,https://www.instagram.com/bioe_australia,,,,,"The focus Bio-E Australia puts on clean, effective formulas is exactly what customers need."
biofreshbotanicals,biofreshbotanicals.co.in,https://biofreshbotanicals.co.in,Support,Owner,biofreshbotanicals,support@biofreshbotanicals.com,,Health & Supplements,100% Confirmed Real,Valid (Google Workspace),Configured (v=DMARC1),Configured,No,https://www.facebook.com/ads/library/?q=biofreshbotanicals&type=all,https://www.instagram.com/biofreshbotanicals,https://www.facebook.com/profile.php,,,,"The focus biofreshbotanicals puts on clean, effective formulas is exactly what customers need."
Cosmétiques 100% bio,bio-aroma-organic-cosmetics.com,https://bio-aroma-organic-cosmetics.com,Bioviedirect,Owner,Bioneuf - Cosmétiques 100% bio-organiques depuis 2005,bioviedirect@yahoo.fr,,Health & Supplements,63% Confirmed Real,Valid (Host MX),Configured (v=DMARC1),Configured,No,https://www.facebook.com/ads/library/?q=Cosm%C3%A9tiques%20100%25%20bio&type=all,https://www.instagram.com/bioneuf,https://www.facebook.com/bioneuf,,,,"The focus Cosmétiques 100% bio puts on clean, effective formulas is exactly what customers need."
BKH Organics,bkhorganics.in,https://bkhorganics.in,Bkhorganics,Owner,BKH Organics,bkhorganics@gmail.com,,Health & Supplements,100% Confirmed Real,Valid (Google Workspace),Configured (v=DMARC1),Configured,No,https://www.facebook.com/ads/library/?q=BKH%20Organics&type=all,https://www.instagram.com/bkhorganics,https://www.facebook.com/bkhorganics,,,,"The focus BKH Organics puts on clean, effective formulas is exactly what customers need."
Blackjack Nutrition,blackjack-nutrition.com,https://blackjack-nutrition.com,Info,Owner,Blackjack Nutrition - Blackout Surge Pre-workout,info@blackjack-nutrition.com,,Health & Supplements,100% Confirmed Real,Valid (Microsoft 365),Not Configured,Configured,No,https://www.facebook.com/ads/library/?q=Blackjack%20Nutrition&type=all,https://www.instagram.com/blackjacknutrition,https://www.facebook.com/profile.php,https://www.tiktok.com/@blackjacknutrition,,,"The focus Blackjack Nutrition puts on clean, effective formulas is exactly what customers need."
"Blessed Bee Botanicals, LLC",blessedbeebotanicals.com,https://blessedbeebotanicals.com,Info,Owner,"Organic Beeswax Balms, Blessed With Love.",info@blessedbeebotanicals.com,,Health & Supplements,100% Confirmed Real,Valid (Host MX),Configured (v=DMARC1),Configured,No,https://www.facebook.com/ads/library/?q=Blessed%20Bee%20Botanicals%2C%20LLC&type=all,https://www.instagram.com/blessed_bee_botanicals,https://www.facebook.com/profile.php,,,,"The focus Blessed Bee Botanicals, LLC puts on clean, effective formulas is exactly what customers need."
Bloomie Wellness,bloomiewellness.com.br,https://bloomiewellness.com.br,Contato,Owner,Bloomie Wellness,contato@bloomiewellness.com.br,,Health & Supplements,100% Confirmed Real,Valid (Google Workspace),Configured (v=DMARC1),None,No,https://www.facebook.com/ads/library/?q=Bloomie%20Wellness&type=all,https://www.instagram.com/bloomiewellness,,https://www.tiktok.com/@bloomiewellness,,,"The focus Bloomie Wellness puts on clean, effective formulas is exactly what customers need."
Blue Orchid Organic,blueorchidorganic.shop,https://blueorchidorganic.shop,Jra,Fish,Blue Orchid Organic,jra.fish@gmail.com,,Health & Supplements,68% Confirmed Real,Valid (Google Workspace),Configured (v=DMARC1),Configured,No,https://www.facebook.com/ads/library/?q=Blue%20Orchid%20Organic&type=all,,,https://www.tiktok.com/@blue_orchid_organic,,,"The focus Blue Orchid Organic puts on clean, effective formulas is exactly what customers need."
Body By Me Fitness,bodybymefitness.com,https://bodybymefitness.com,Customerservice,Owner,Body By Me Fitness,customerservice@bodybymefitness.com,,Health & Supplements,100% Confirmed Real,Valid (Google Workspace),Not Configured,Configured,No,https://www.facebook.com/ads/library/?q=Body%20By%20Me%20Fitness&type=all,https://www.instagram.com/body_by_me_fitness,https://www.facebook.com/bodybymefitness,,,,"The focus Body By Me Fitness puts on clean, effective formulas is exactly what customers need."
bodynutrition.com,bodynutrition.com,https://bodynutrition.com,Info,Owner,Body Nutrition – Premium Nutritional Supplements,info@bodynutrition.com,customerservice@bodynutrition.com,Health & Supplements,100% Confirmed Real,Valid (Microsoft 365),Configured (v=DMARC1),Configured,No,https://www.facebook.com/ads/library/?q=bodynutrition.com&type=all,https://www.instagram.com/bodynutritionco,https://www.facebook.com/bodynutritionco,,,,"The focus bodynutrition.com puts on clean, effective formulas is exactly what customers need."
BodyBalance Supplements,bodybalancesupplements.co.uk,https://bodybalancesupplements.co.uk,Sales,Owner,BodyBalance Supplements,sales@bodybalancesupplements.co.uk,,Health & Supplements,100% Confirmed Real,Valid (Host MX),Configured (v=DMARC1),Configured,No,https://www.facebook.com/ads/library/?q=BodyBalance%20Supplements&type=all,https://www.instagram.com/bodybalancesupplements,https://www.facebook.com/bodybalancesupplements,,,,"The focus BodyBalance Supplements puts on clean, effective formulas is exactly what customers need."
Bonbon Nutrition,bonbonnutrition.com,https://bonbonnutrition.com,Info,Owner,Bonbon Nutrition,info@bonbonnutrition.com,,Health & Supplements,100% Confirmed Real,Valid (Host MX),Configured (v=DMARC1),Configured,No,https://www.facebook.com/ads/library/?q=Bonbon%20Nutrition&type=all,https://www.instagram.com/bonbonnutri,https://www.facebook.com/bonbonnutri,,,,"The focus Bonbon Nutrition puts on clean, effective formulas is exactly what customers need."
Botanical Bruja LLC,botanicalbruja.shop,https://botanicalbruja.shop,Maryselysd,Owner,"Houseplants for all
 &ndash; Botanical Bruja LLC",maryselysd@yahoo.com,,Health & Supplements,63% Confirmed Real,Valid (Yahoo Mail),Configured (v=DMARC1),Configured,No,https://www.facebook.com/ads/library/?q=Botanical%20Bruja%20LLC&type=all,https://www.instagram.com/botanicalbrujallc,,,,,"The focus Botanical Bruja LLC puts on clean, effective formulas is exactly what customers need."
Botanicals by Luxe,botanicalsbyluxe.com.au,https://botanicalsbyluxe.com.au,Hello,Owner,Afterpay,hello@botanicalsbyluxe.com.au,,Health & Supplements,100% Confirmed Real,Valid (Microsoft 365),Configured (v=DMARC1),Configured,No,https://www.facebook.com/ads/library/?q=Botanicals%20by%20Luxe&type=all,https://www.instagram.com/botanicalsbyluxe,https://www.facebook.com/botanicalsbyluxe,,,,"The focus Botanicals by Luxe puts on clean, effective formulas is exactly what customers need."
Boxworth Botanicals,boxworthbotanicals.com,https://boxworthbotanicals.com,Sales,Owner,Boxworth Botanicals,sales@boxworthbotanicals.com,,Health & Supplements,100% Confirmed Real,Valid (Host MX),Configured (v=DMARC1),Configured,No,https://www.facebook.com/ads/library/?q=Boxworth%20Botanicals&type=all,,,,,,"The focus Boxworth Botanicals puts on clean, effective formulas is exactly what customers need."
Chains Disc Golf,chainsdiscgolfandwellness.ca,https://chainsdiscgolfandwellness.ca,Chainsdiscgolfandwellness,Owner,Chains Disc Golf,chainsdiscgolfandwellness@gmail.com,,Health & Supplements,100% Confirmed Real,Valid (Google Workspace),Configured (v=DMARC1),Configured,No,https://www.facebook.com/ads/library/?q=Chains%20Disc%20Golf&type=all,,,,,,"The focus Chains Disc Golf puts on clean, effective formulas is exactly what customers need."
Concrete Sleepers Melbourne,concretesleepersmelbourne.com.au,https://concretesleepersmelbourne.com.au,Info,Owner,Concrete Sleepers for Sale | Concrete Sleepers Melbourne,info@concretesleepersmelbourne.com.au,,Health & Supplements,100% Confirmed Real,Valid (Google Workspace),Not Configured,None,No,https://www.facebook.com/ads/library/?q=Concrete%20Sleepers%20Melbourne&type=all,,https://www.facebook.com/tr,,,,"The focus Concrete Sleepers Melbourne puts on clean, effective formulas is exactly what customers need."
Corporate Wellness Gifts®,corporatewellnessgifts.com,https://corporatewellnessgifts.com,Wholesale,Owner,Corporate Wellness Gifts®,wholesale@thehappinessplanner.com,,Health & Supplements,100% Confirmed Real,Valid (Google Workspace),Configured (v=DMARC1),Configured,No,https://www.facebook.com/ads/library/?q=Corporate%20Wellness%20Gifts%C2%AE&type=all,,,,,,"The focus Corporate Wellness Gifts® puts on clean, effective formulas is exactly what customers need."
Dear Me Conscious Ayurveda,dearme.in,https://dearme.in,Care,Owner,Dear Me Conscious Ayurveda | Modern Ayurvedic Skincare,care@dearme.in,connect@dearme.in,Health & Supplements,100% Confirmed Real,Valid (Host MX),Configured (v=DMARC1),Configured,No,https://www.facebook.com/ads/library/?q=Dear%20Me%20Conscious%20Ayurveda&type=all,https://www.instagram.com/dearme.in,https://www.facebook.com/dearme.in,,,,"The focus Dear Me Conscious Ayurveda puts on clean, effective formulas is exactly what customers need."
Hand Nutrition,handnutrition.com,https://handnutrition.com,Sales,Owner,Hand Nutrition,sales@handnutrition.com,8c47aeba-519d-42eb-a866-9b18ef4025b8_1_201_a_250x250@2x.heic,Health & Supplements,100% Confirmed Real,Valid (Zoho Mail),Configured (v=DMARC1),None,No,https://www.facebook.com/ads/library/?q=Hand%20Nutrition&type=all,https://www.instagram.com/handnutrition,https://www.facebook.com/handnutrition,,,,"The focus Hand Nutrition puts on clean, effective formulas is exactly what customers need."
Pro Charge,prochargeprotein.com,https://prochargeprotein.com,Business,Owner,ProCharge Liquid Protein Enhancer® — 40g Protein in 2oz &ndash; Pro Charge,business@prochargeprotein.com,,Health & Supplements,100% Confirmed Real,Valid (Microsoft 365),Not Configured,Configured,No,https://www.facebook.com/ads/library/?q=Pro%20Charge&type=all,https://www.instagram.com/prochargeprotein,,,,,"The focus Pro Charge puts on clean, effective formulas is exactly what customers need."
PromoveNutrition,promovenutrition.com,https://promovenutrition.com,Promovenutrition,Owner,Promove Nutrition,promovenutrition@gmail.com,,Health & Supplements,100% Confirmed Real,Valid (Google Workspace),Configured (v=DMARC1),Configured,No,https://www.facebook.com/ads/library/?q=PromoveNutrition&type=all,https://www.instagram.com/promovenutrition,https://www.facebook.com/promovenutrition,,,,"The focus PromoveNutrition puts on clean, effective formulas is exactly what customers need."
Emmi High Protein Water,protein-water.ch,https://protein-water.ch,Foodservice,Owner,Emmi High Protein Water,foodservice@emmi.com,,Health & Supplements,100% Confirmed Real,Valid (Microsoft 365),Configured (v=DMARC1),Configured,No,https://www.facebook.com/ads/library/?q=Emmi%20High%20Protein%20Water&type=all,https://www.instagram.com/emmi__ch,https://www.facebook.com/Emmi,,,https://www.linkedin.com/company/emmi-gruppe,"The focus Emmi High Protein Water puts on clean, effective formulas is exactly what customers need."
Purolabs Nutrition,purolabs.com,https://purolabs.com,Support,Owner,Purolabs Nutrition | Live a Healthier Life | Natural Supplements,support@purolabs.com,,Health & Supplements,100% Confirmed Real,Valid (Google Workspace),Configured (v=DMARC1),Configured,No,https://www.facebook.com/ads/library/?q=Purolabs%20Nutrition&type=all,https://www.instagram.com/purolabs,https://www.facebook.com/purolabsuk,https://www.tiktok.com/@purolabs,,,"The focus Purolabs Nutrition puts on clean, effective formulas is exactly what customers need."
rainerwellness.com,rainerwellness.com,https://rainerwellness.com,Linda,Owner,Founder / Owner @ rainerwellness.com,linda@rainerwellness.com,,Health & Supplements,100% Confirmed Real,Valid (Google Workspace),Configured (v=DMARC1),None,No,https://www.facebook.com/ads/library/?q=rainerwellness.com&type=all,https://www.instagram.com/rainerwellness,https://www.facebook.com/rainerwellness,,,,"The focus rainerwellness.com puts on clean, effective formulas is exactly what customers need."
Rational Nutrition,rationalnutrition.fit,https://rationalnutrition.fit,Info,Owner,"Rational Nutrition | Pure, Lab-Tested Supplements",info@rationalnutrition.fit,,Health & Supplements,100% Confirmed Real,Valid (Zoho Mail),Configured (v=DMARC1),Configured,No,https://www.facebook.com/ads/library/?q=Rational%20Nutrition&type=all,https://www.instagram.com/rationalnutritionhq,,,,,"The focus Rational Nutrition puts on clean, effective formulas is exactly what customers need."
Rawayat,rawayatorganic.com,https://rawayatorganic.com,Myrawayat,Owner,Rawayat - 100% Authentic and Natural Organic Products,myrawayat@gmail.com,,Health & Supplements,68% Confirmed Real,Valid (Google Workspace),Configured (v=DMARC1),Configured,No,https://www.facebook.com/ads/library/?q=Rawayat&type=all,https://www.instagram.com/rawayat_organic,,,,,"The focus Rawayat puts on clean, effective formulas is exactly what customers need."
Rayne Canada,raynenutrition.ca,https://raynenutrition.ca,Canada,Owner,"Rayne Canada | Whole Food Ingredients, Less-Processed Pet Food",canada@raynenutrition.com,,Health & Supplements,100% Confirmed Real,Valid (Google Workspace),Configured (v=DMARC1),Configured,No,https://www.facebook.com/ads/library/?q=Rayne%20Canada&type=all,https://www.instagram.com/rayneclinicalnutritioncanada,https://www.facebook.com/RayneClinicalNutritionCanada,,,https://www.linkedin.com/company/rayne-nutrition,"The focus Rayne Canada puts on clean, effective formulas is exactly what customers need."
redspearnutrition,redspear-nutrition.ch,https://redspear-nutrition.ch,Redspear,Sme,Founder / Owner @ redspearnutrition,redspear.sme@bluewin.ch,,Health & Supplements,63% Confirmed Real,Valid (Host MX),Configured (v=DMARC1),Configured,No,https://www.facebook.com/ads/library/?q=redspearnutrition&type=all,,,,,,"The focus redspearnutrition puts on clean, effective formulas is exactly what customers need."
Ressource Fitness,ressourcefitness.com,https://ressourcefitness.com,Contact,Owner,Ressource Fitness,contact@ressourcefitness.com,,Health & Supplements,100% Confirmed Real,Valid (Host MX),Configured (v=DMARC1),Configured,No,https://www.facebook.com/ads/library/?q=Ressource%20Fitness&type=all,,,,,,"The focus Ressource Fitness puts on clean, effective formulas is exactly what customers need."
REYL Supplements,reylsupplements.com,https://reylsupplements.com,Info,Owner,REYL Supplements,info@reylsupplements.com,,Health & Supplements,100% Confirmed Real,Valid (Google Workspace),Configured (v=DMARC1),Configured,No,https://www.facebook.com/ads/library/?q=REYL%20Supplements&type=all,,,,https://x.com/Shopify,,"The focus REYL Supplements puts on clean, effective formulas is exactly what customers need."
Rezulz Fitness,rezulz.com,https://rezulz.com,Rezulzfitness,Owner,Rezulz Fitness,rezulzfitness@gmail.com,,Health & Supplements,100% Confirmed Real,Valid (Google Workspace),Configured (v=DMARC1),Configured,No,https://www.facebook.com/ads/library/?q=Rezulz%20Fitness&type=all,https://www.instagram.com/shopify,https://www.facebook.com/shopify,,,,"The focus Rezulz Fitness puts on clean, effective formulas is exactly what customers need."
Weingut Rinklin,rinklin.de,https://rinklin.de,Weingut,Owner,BIO-Weingut Rinklin,weingut@rinklin.de,,Health & Supplements,100% Confirmed Real,Valid (Host MX),Configured (v=DMARC1),Configured,No,https://www.facebook.com/ads/library/?q=Weingut%20Rinklin&type=all,https://www.instagram.com/weingut_rinklin,https://www.facebook.com/weingutrinklin,https://www.tiktok.com/@bioweingutrinklin,,,"The focus Weingut Rinklin puts on clean, effective formulas is exactly what customers need."
ROD-Fitness,rod-fitness.com,https://rod-fitness.com,Market,Owner,RodFitness | CrossTraining Marketplace &ndash; ROD-Fitness,market@rod-fitness.com,,Health & Supplements,100% Confirmed Real,Valid (Host MX),Configured (v=DMARC1),Configured,No,https://www.facebook.com/ads/library/?q=ROD-Fitness&type=all,https://www.instagram.com/rodfitnesses,,https://www.tiktok.com/@rodfitnesses,,,"The focus ROD-Fitness puts on clean, effective formulas is exactly what customers need."
rocksolidnutrition.com,rocksolidnutrition.com,https://rocksolidnutrition.com,Info,Owner,Rock Solid Nutrition &ndash; Rock Solid® Nutrition,info@rocksolidnutrition.com,,Health & Supplements,100% Confirmed Real,Valid (Google Workspace),Configured (v=DMARC1),None,No,https://www.facebook.com/ads/library/?q=rocksolidnutrition.com&type=all,https://www.instagram.com/rocksolidnutrition,https://www.facebook.com/RockSolidNutritionSupplements,https://www.tiktok.com/@rocksolidnutrition,https://x.com/RockSolidSupps,,"The focus rocksolidnutrition.com puts on clean, effective formulas is exactly what customers need."
Holistic Herbalist,rosyherbalist.co.uk,https://rosyherbalist.co.uk,Rosyherbalist,Owner,PayPal,rosyherbalist@gmail.com,,Health & Supplements,100% Confirmed Real,Valid (Google Workspace),Configured (v=DMARC1),Configured,No,https://www.facebook.com/ads/library/?q=Holistic%20Herbalist&type=all,https://www.instagram.com/rosyherbalist,https://www.facebook.com/rosyroseherbalist,,,,"The focus Holistic Herbalist puts on clean, effective formulas is exactly what customers need."
SageWork Organics,sageworkorganics.com,https://sageworkorganics.com,Support,Owner,SageWork Organics Bath &amp; Body Health &amp; Beauty Products,support@sageworkorganics.com,,Health & Supplements,100% Confirmed Real,Valid (Google Workspace),Configured (v=DMARC1),Configured,No,https://www.facebook.com/ads/library/?q=SageWork%20Organics&type=all,https://www.instagram.com/sageworkorganics,https://www.facebook.com/SageWorkOrganics,https://www.tiktok.com/@sageworkorganics,,,"The focus SageWork Organics puts on clean, effective formulas is exactly what customers need."
Salaam Organic,salaamorganic.com,https://salaamorganic.com,Salaamorganic,Owner,Founder / Owner @ Salaam Organic,salaamorganic@gmail.com,,Health & Supplements,100% Confirmed Real,Valid (Google Workspace),Configured (v=DMARC1),Configured,No,https://www.facebook.com/ads/library/?q=Salaam%20Organic&type=all,https://www.instagram.com/salaamorganic,https://www.facebook.com/profile.php,,,,"The focus Salaam Organic puts on clean, effective formulas is exactly what customers need."
7lcwellness.com,7lcwellness.com,https://7lcwellness.com,Hello,Owner,Founder / Owner @ 7lcwellness.com,hello@7lcwellness.com,info@7lcwellness.com,Health & Supplements,100% Confirmed Real,Valid (Google Workspace),Not Configured,None,No,https://www.facebook.com/ads/library/?q=7lcwellness.com&type=all,,,,,,"The focus 7lcwellness.com puts on clean, effective formulas is exactly what customers need."
Above All Supplements,aboveallsupplements.com,https://aboveallsupplements.com,Info,Owner,Above All Supplements: Vitamins and Supplements Store,info@aboveallsupplements.com,info@aboveallhealth.co,Health & Supplements,100% Confirmed Real,Valid (Microsoft 365),Not Configured,Configured,No,https://www.facebook.com/ads/library/?q=Above%20All%20Supplements&type=all,,,,,,"The focus Above All Supplements puts on clean, effective formulas is exactly what customers need."
ABSIDEON FITNESS,absideonfitness.ca,https://absideonfitness.ca,Info,Owner,ABSIDEON FITNESS,info@absideonfitness.ca,,Health & Supplements,100% Confirmed Real,Valid (Host MX),Configured (v=DMARC1),Configured,No,https://www.facebook.com/ads/library/?q=ABSIDEON%20FITNESS&type=all,https://www.instagram.com/absideon.fitness,https://www.facebook.com/profile.php,https://www.tiktok.com/@dustin.lj,,,"The focus ABSIDEON FITNESS puts on clean, effective formulas is exactly what customers need."
Aclivia,aclivianutrition.com,https://aclivianutrition.com,Support,Owner,Founder / Owner @ Aclivia,support@aclivianutrition.com,,Health & Supplements,100% Confirmed Real,Valid (Zoho Mail),Configured (v=DMARC1),Configured,No,https://www.facebook.com/ads/library/?q=Aclivia&type=all,https://www.instagram.com/aclivianutrition,https://www.facebook.com/aclivianutrition,,,,"The focus Aclivia puts on clean, effective formulas is exactly what customers need."
Aditya Ayurveda,adityaayurveda.co.in,https://adityaayurveda.co.in,Adityaayurveda7753,Owner,Aditya Ayurveda,adityaayurveda7753@gmail.com,,Health & Supplements,100% Confirmed Real,Valid (Google Workspace),Configured (v=DMARC1),Configured,No,https://www.facebook.com/ads/library/?q=Aditya%20Ayurveda&type=all,,,,,,"The focus Aditya Ayurveda puts on clean, effective formulas is exactly what customers need."
All Gas No Brakes Supplements®,agnbsupps.com,https://agnbsupps.com,Support,Owner,All Gas No Brakes Supplements®| Clinically Dosed Performance Nutrition,support@agnbsupps.com,,Health & Supplements,100% Confirmed Real,Valid (Host MX),Configured (v=DMARC1),Configured,No,https://www.facebook.com/ads/library/?q=All%20Gas%20No%20Brakes%20Supplements%C2%AE&type=all,,,,,,"The focus All Gas No Brakes Supplements® puts on clean, effective formulas is exactly what customers need."
Airea,aireawellness.com,https://aireawellness.com,Info,Owner,Airea Wellness,info@aireawellness.com,,Health & Supplements,100% Confirmed Real,Valid (Google Workspace),Configured (v=DMARC1),None,No,https://www.facebook.com/ads/library/?q=Airea&type=all,,,,,,"The focus Airea puts on clean, effective formulas is exactly what customers need."
Alive Herbals,aliveherbals.com,https://aliveherbals.com,Aliveherbalus,Owner,Natural Food Store in the USA | Alive Herbals,aliveherbalus@gmail.com,,Health & Supplements,68% Confirmed Real,Valid (Google Workspace),Configured (v=DMARC1),Configured,No,https://www.facebook.com/ads/library/?q=Alive%20Herbals&type=all,https://www.instagram.com/aliveherbalsusa,https://www.facebook.com/aliveherbalusa,,https://x.com/aliveherbalusa,,"The focus Alive Herbals puts on clean, effective formulas is exactly what customers need."
All N Supplements,allnsupplements.com,https://allnsupplements.com,Orders,Owner,"ALL N Supplements
 &ndash; All N Supplements",orders@allnsupplements.com,"productquestions@allnsupplements.com, winners@allnsupplements.com",Health & Supplements,100% Confirmed Real,Valid (Google Workspace),Not Configured,Configured,No,https://www.facebook.com/ads/library/?q=All%20N%20Supplements&type=all,,https://www.facebook.com/allnsupplements,,,,"The focus All N Supplements puts on clean, effective formulas is exactly what customers need."
ALTI Organics,altiorganics.com,https://altiorganics.com,Wholesale,Owner,ALTI Organics | Potent Plant Based Skincare,wholesale@altiorganics.com,,Health & Supplements,100% Confirmed Real,Valid (Zoho Mail),Configured (v=DMARC1),Configured,No,https://www.facebook.com/ads/library/?q=ALTI%20Organics&type=all,https://www.instagram.com/altiorganics,https://www.facebook.com/altiorganics,,,,"The focus ALTI Organics puts on clean, effective formulas is exactly what customers need."
Aluminium Gutters Ltd,aluminiumguttersltd.co.uk,https://aluminiumguttersltd.co.uk,Aluminiumgutterltd,Owner,"Aluminium Gutter
&ndash; Aluminium Gutters Ltd",aluminiumgutterltd@gmail.com,,Health & Supplements,100% Confirmed Real,Valid (Google Workspace),Configured (v=DMARC1),Configured,No,https://www.facebook.com/ads/library/?q=Aluminium%20Gutters%20Ltd&type=all,https://www.instagram.com/aluminiumcladdingltd,,,,,"The focus Aluminium Gutters Ltd puts on clean, effective formulas is exactly what customers need."
Amore Oils and Organics,amoreoilsandorganics.com,https://amoreoilsandorganics.com,Amoreoilsofficial,Owner,Amore Oils and Organics,amoreoilsofficial@gmail.com,,Health & Supplements,68% Confirmed Real,Valid (Google Workspace),Configured (v=DMARC1),Configured,No,https://www.facebook.com/ads/library/?q=Amore%20Oils%20and%20Organics&type=all,,,,,,"The focus Amore Oils and Organics puts on clean, effective formulas is exactly what customers need."
AM Organics,amorganics.shop,https://amorganics.shop,Amwonders786,Owner,AM Organics,amwonders786@gmail.com,,Health & Supplements,100% Confirmed Real,Valid (Google Workspace),Configured (v=DMARC1),Configured,No,https://www.facebook.com/ads/library/?q=AM%20Organics&type=all,https://www.instagram.com/am_organic_wonders,,https://www.tiktok.com/@am.organic.wonders,,,"The focus AM Organics puts on clean, effective formulas is exactly what customers need."
amplenutrition.com,amplenutrition.com,https://amplenutrition.com,Support,Owner,Founder / Owner @ amplenutrition.com,support@amplenutrition.com,,Health & Supplements,100% Confirmed Real,Valid (Google Workspace),Not Configured,None,No,https://www.facebook.com/ads/library/?q=amplenutrition.com&type=all,https://www.instagram.com/amplenutrition,https://www.facebook.com/AmpleNutrition,,https://x.com/amplenutrition,,"The focus amplenutrition.com puts on clean, effective formulas is exactly what customers need."
Ananda,anandasleep.com,https://anandasleep.com,Info,Owner,Ananda Adjustable Bed Sleep Systems with Perl and Gel Infused Mattress,info@anandasleep.com,,Health & Supplements,100% Confirmed Real,Valid (Microsoft 365),Not Configured,Configured,No,https://www.facebook.com/ads/library/?q=Ananda&type=all,https://www.instagram.com/anandasleep,https://www.facebook.com/anandasleep,,,,"The focus Ananda puts on clean, effective formulas is exactly what customers need."
Ancient Nutrition Canada,ancientnutrition.ca,https://ancientnutrition.ca,Support,Owner,"Ancient Nutrition | Home of Bone Broth Collagen
&ndash; Ancient Nutrition Canada",support@ancientnutrition.ca,"vendors@layout.theme.js, vendors@template.index",Health & Supplements,100% Confirmed Real,Valid (Google Workspace),Not Configured,Configured,No,https://www.facebook.com/ads/library/?q=Ancient%20Nutrition%20Canada&type=all,https://www.instagram.com/ancientnutrition,https://www.facebook.com/ancientnutrition,,,,"The focus Ancient Nutrition Canada puts on clean, effective formulas is exactly what customers need."
Angry Supplements,angrysupps.com,https://angrysupps.com,Info,Owner,Angry Supplements | Affordable &amp; Effective,info@angrysupplements.com,,Health & Supplements,100% Confirmed Real,Valid (Google Workspace),Not Configured,None,No,https://www.facebook.com/ads/library/?q=Angry%20Supplements&type=all,https://www.instagram.com/angry_supplements,https://www.facebook.com/tr,,https://x.com/AngrySupplemen1,,"The focus Angry Supplements puts on clean, effective formulas is exactly what customers need."
Anjani Ayurveda,anjaniayurveda.in,https://anjaniayurveda.in,Anjanipharma51,Owner,Anjani Ayurveda,anjanipharma51@gmail.com,,Health & Supplements,100% Confirmed Real,Valid (Google Workspace),Configured (v=DMARC1),Configured,No,https://www.facebook.com/ads/library/?q=Anjani%20Ayurveda&type=all,https://www.instagram.com/anjanipharma51,,,,,"The focus Anjani Ayurveda puts on clean, effective formulas is exactly what customers need."
anushreeayurveda.com,anushreeayurveda.com,https://anushreeayurveda.com,Helpanushreeayurveda,Owner,Natural Ayurvedic Health Product 100% Solution &ndash; AnuShree AYURVEDA,helpanushreeayurveda@gmail.com,,Health & Supplements,100% Confirmed Real,Valid (Google Workspace),Configured (v=DMARC1),Configured,No,https://www.facebook.com/ads/library/?q=anushreeayurveda.com&type=all,,,,,,"The focus anushreeayurveda.com puts on clean, effective formulas is exactly what customers need."
APE BORN,apebornfitness.com,https://apebornfitness.com,Info,Owner,APE BORN | FITNESS,info@apebornfitness.com,,Health & Supplements,100% Confirmed Real,Valid (Google Workspace),Configured (v=DMARC1),Configured,No,https://www.facebook.com/ads/library/?q=APE%20BORN&type=all,https://www.instagram.com/ape_born,https://www.facebook.com/Ape-Born-Fitness-108725001028320,,,,"The focus APE BORN puts on clean, effective formulas is exactly what customers need."
Apex Sports Nutrition,apex-sports-nutrition.com,https://apex-sports-nutrition.com,Eliteltj,Owner,Apex Sports Nutrition,eliteltj@mail.com,,Health & Supplements,63% Confirmed Real,Valid (Host MX),Configured (v=DMARC1),Configured,No,https://www.facebook.com/ads/library/?q=Apex%20Sports%20Nutrition&type=all,,,,,,"The focus Apex Sports Nutrition puts on clean, effective formulas is exactly what customers need."
arica,aricawellness.in,https://aricawellness.in,Contact,Owner,arica,contact@aricawellness.in,,Health & Supplements,100% Confirmed Real,Valid (Host MX),Configured (v=DMARC1),Configured,No,https://www.facebook.com/ads/library/?q=arica&type=all,https://www.instagram.com/arica.wellness,,,,,"The focus arica puts on clean, effective formulas is exactly what customers need."
A Spirit of Joy Organic Skin Care,aspiritofjoy.com,https://aspiritofjoy.com,Info,Owner,A Spirit of Joy Organic Skin Care,info@aspiritofjoy.com,,Health & Supplements,100% Confirmed Real,Valid (Host MX),Not Configured,Configured,No,https://www.facebook.com/ads/library/?q=A%20Spirit%20of%20Joy%20Organic%20Skin%20Care&type=all,https://www.instagram.com/aspiritofjoy,https://www.facebook.com/aspiritofjoy,,https://x.com/aspiritofjoy,,"The focus A Spirit of Joy Organic Skin Care puts on clean, effective formulas is exactly what customers need."
Astral Organica,astralorganica.com,https://astralorganica.com,Support,Owner,Astral Organica - The Shining Star of Innovative CBD Products,support@astralorganica.com,,Health & Supplements,100% Confirmed Real,Valid (Google Workspace),Not Configured,Configured,No,https://www.facebook.com/ads/library/?q=Astral%20Organica&type=all,,https://www.facebook.com/Astral-Organica-107632867714527,,,,"The focus Astral Organica puts on clean, effective formulas is exactly what customers need."
Auralis Botanicals,auralisbotanical.com,https://auralisbotanical.com,Hi,Owner,Founder / Owner @ Auralis Botanicals,hi@auralisbotanical.com,,Health & Supplements,100% Confirmed Real,Valid (Google Workspace),Not Configured,Configured,No,https://www.facebook.com/ads/library/?q=Auralis%20Botanicals&type=all,https://www.instagram.com/auralisbotanical,,https://www.tiktok.com/@auralisbotanical,,,"The focus Auralis Botanicals puts on clean, effective formulas is exactly what customers need."
Merry Treasure Mall,ausiewellness.com,https://ausiewellness.com,Service,Owner,Merry Treasure Mall,service@ausiewellness.com,,Health & Supplements,100% Confirmed Real,Valid (Host MX),Configured (v=DMARC1),Configured,No,https://www.facebook.com/ads/library/?q=Merry%20Treasure%20Mall&type=all,,,,,,"The focus Merry Treasure Mall puts on clean, effective formulas is exactly what customers need."
AVÀSH,avashwellness.com,https://avashwellness.com,Info,Owner,AVÀSH | Integratori naturali a base di adattogeni,info@avashwellness.com,,Health & Supplements,100% Confirmed Real,Valid (Google Workspace),Configured (v=DMARC1),Configured,No,https://www.facebook.com/ads/library/?q=AV%C3%80SH&type=all,https://www.instagram.com/avashwellness,,,,,"The focus AVÀSH puts on clean, effective formulas is exactly what customers need."
ayurbrahmawellness.com,ayurbrahmawellness.com,https://ayurbrahmawellness.com,Ayurbrahmawellness,Online,"Ayurbrahma Wellness LLP
 &ndash; Ayur Brahma Wellness LLP",ayurbrahmawellness.online@gmail.com,,Health & Supplements,100% Confirmed Real,Valid (Google Workspace),Configured (v=DMARC1),Configured,No,https://www.facebook.com/ads/library/?q=ayurbrahmawellness.com&type=all,,,,,,"The focus ayurbrahmawellness.com puts on clean, effective formulas is exactly what customers need."
Azgard Shop,azgardnutrition.rs,https://azgardnutrition.rs,Info,Owner,"Azgard Shop
 &ndash; Azgard Srbija",info@azgardnutrition.rs,,Health & Supplements,95% Confirmed Real,Valid (Host MX),Not Configured,None,No,https://www.facebook.com/ads/library/?q=Azgard%20Shop&type=all,https://www.instagram.com/azgardsrbija,https://www.facebook.com/azgardnutrition.rs,,,,"The focus Azgard Shop puts on clean, effective formulas is exactly what customers need."
Babooshy Tea - Premium Wellness Teas,babooshytea.com,https://babooshytea.com,Babooshytea,Owner,"Babooshy Tea | Brew The Fun
 &ndash; Babooshy Tea - Premium Wellness Teas",babooshytea@gmail.com,,Health & Supplements,100% Confirmed Real,Valid (Google Workspace),Configured (v=DMARC1),Configured,No,https://www.facebook.com/ads/library/?q=Babooshy%20Tea%20-%20Premium%20Wellness%20Teas&type=all,https://www.instagram.com/babooshytea,,https://www.tiktok.com/@babooshytea,,,"The focus Babooshy Tea - Premium Wellness Teas puts on clean, effective formulas is exactly what customers need."
Babysleepy,babysleepy.dk,https://babysleepy.dk,Kontakt,Owner,Dine tyngdesoveposer af høj kvalitet | Forbedret søvn til baby og dig,kontakt@babysleepy.dk,,Health & Supplements,100% Confirmed Real,Valid (Microsoft 365),Configured (v=DMARC1),Configured,No,https://www.facebook.com/ads/library/?q=Babysleepy&type=all,,,,,,"The focus Babysleepy puts on clean, effective formulas is exactly what customers need."
BeeOrganic– BeeOrganic5,beeorganic5.com,https://beeorganic5.com,Beeorganic4,Owner,"BeeOrganic
&ndash; BeeOrganic5",beeorganic4@gmail.com,,Health & Supplements,100% Confirmed Real,Valid (Google Workspace),Configured (v=DMARC1),Configured,No,https://www.facebook.com/ads/library/?q=BeeOrganic%E2%80%93%20BeeOrganic5&type=all,https://www.instagram.com/beeorganic4,https://www.facebook.com/BeeOrganic-395818114330294,,,,"The focus BeeOrganic– BeeOrganic5 puts on clean, effective formulas is exactly what customers need."
Benefit Fitness,benefitfitness.store,https://benefitfitness.store,Benefitadservices,Owner,Benefit Fitness,benefitadservices@gmail.com,,Health & Supplements,68% Confirmed Real,Valid (Google Workspace),Configured (v=DMARC1),Configured,No,https://www.facebook.com/ads/library/?q=Benefit%20Fitness&type=all,,,,,,"The focus Benefit Fitness puts on clean, effective formulas is exactly what customers need."
BioAge Nutritionals,bioagenutritionals.com,https://bioagenutritionals.com,Info,Owner,BioAge Nutritionals,info@bioagenutritionals.com,,Health & Supplements,100% Confirmed Real,Valid (Microsoft 365),Not Configured,Configured,No,https://www.facebook.com/ads/library/?q=BioAge%20Nutritionals&type=all,https://www.instagram.com/bioagenutritionals,https://www.facebook.com/bioagenutritionals,,,,"The focus BioAge Nutritionals puts on clean, effective formulas is exactly what customers need."
BioFresh Organics,biofreshorganics.com,https://biofreshorganics.com,Info,Owner,Founder / Owner @ BioFresh Organics,info@biofreshorganics.com,,Health & Supplements,100% Confirmed Real,Valid (Google Workspace),Configured (v=DMARC1),Configured,No,https://www.facebook.com/ads/library/?q=BioFresh%20Organics&type=all,https://www.instagram.com/biofresh_organics,https://www.facebook.com/ciftcidenorganikmarket,,,,"The focus BioFresh Organics puts on clean, effective formulas is exactly what customers need."
BLACKLABEL Supplements,blacklabelsupplements.com,https://blacklabelsupplements.com,Hustle,Owner,BLACKLABEL Supplements | Science-Backed Sports Nutrition,hustle@blacklabelsupplements.com,,Health & Supplements,100% Confirmed Real,Valid (Microsoft 365),Configured (v=DMARC1),Configured,No,https://www.facebook.com/ads/library/?q=BLACKLABEL%20Supplements&type=all,https://www.instagram.com/blacklabelsupps,https://www.facebook.com/blacklabelsupplements,https://www.tiktok.com/@blacklabel_supplements,,,"The focus BLACKLABEL Supplements puts on clean, effective formulas is exactly what customers need."
BLAZE,blazewellness.co,https://blazewellness.co,Hello,Owner,BLAZE,hello@blazewellness.co,,Health & Supplements,100% Confirmed Real,Valid (Microsoft 365),Configured (v=DMARC1),Configured,No,https://www.facebook.com/ads/library/?q=BLAZE&type=all,,,,,,"The focus BLAZE puts on clean, effective formulas is exactly what customers need."
BNBB Power and Wellness,bnbbpowerandwellness.com,https://bnbbpowerandwellness.com,Support,Owner,Founder / Owner @ BNBB Power and Wellness,support@bnbbpowerandwellness.com,"ecom-swiper@11.css, ecom-swiper@11.0.5.js",Health & Supplements,100% Confirmed Real,Valid (Google Workspace),Configured (v=DMARC1),Configured,No,https://www.facebook.com/ads/library/?q=BNBB%20Power%20and%20Wellness&type=all,,,,,,"The focus BNBB Power and Wellness puts on clean, effective formulas is exactly what customers need."
Boomers Protein,boomersprotein.com.au,https://boomersprotein.com.au,Boomers,Owner,Visa,boomers@boomersprotein.com.au,,Health & Supplements,100% Confirmed Real,Valid (Host MX),Configured (v=DMARC1),Configured,No,https://www.facebook.com/ads/library/?q=Boomers%20Protein&type=all,https://www.instagram.com/boomers.protein,https://www.facebook.com/BoomersProtein,,,,"The focus Boomers Protein puts on clean, effective formulas is exactly what customers need."
ShirleyJane's Botanical Beauty 7,botanicalbeauty7.com,https://botanicalbeauty7.com,Neatnourishedllc,Owner,American Express,neatnourishedllc@gmail.com,,Health & Supplements,68% Confirmed Real,Valid (Google Workspace),Configured (v=DMARC1),Configured,No,https://www.facebook.com/ads/library/?q=ShirleyJane%27s%20Botanical%20Beauty%207&type=all,https://www.instagram.com/botanicalbeauty7bodyworks,,https://www.tiktok.com/@botanicalbeauty7,,,"The focus ShirleyJane's Botanical Beauty 7 puts on clean, effective formulas is exactly what customers need."
Brasseur's Botanicals,brasseursbotanicalsllc.com,https://brasseursbotanicalsllc.com,Brasseursbotanicals,Owner,"Brasseur's Botanicals
 &ndash; Brasseur&#39;s Botanicals",brasseursbotanicals@gmail.com,,Health & Supplements,68% Confirmed Real,Valid (Google Workspace),Configured (v=DMARC1),Configured,No,https://www.facebook.com/ads/library/?q=Brasseur%27s%20Botanicals&type=all,,,,,,"The focus Brasseur's Botanicals puts on clean, effective formulas is exactly what customers need."
Caveman Supplements,cavemansupps.com,https://cavemansupps.com,Support,Owner,Caveman Supplements,support@cavemansupps.com,,Health & Supplements,100% Confirmed Real,Valid (Google Workspace),Configured (v=DMARC1),Configured,No,https://www.facebook.com/ads/library/?q=Caveman%20Supplements&type=all,,,,,,"The focus Caveman Supplements puts on clean, effective formulas is exactly what customers need."
"Cellev8 Nutrition, Inc.",cellev8.com,https://cellev8.com,Support,Owner,"Cellev8 Superoxide Dismutase gummies
 &ndash; Cellev8 Nutrition, Inc.",support@cellev8.com,u003esupport@cellev8.com,Health & Supplements,100% Confirmed Real,Valid (Google Workspace),Configured (v=DMARC1),Configured,No,https://www.facebook.com/ads/library/?q=Cellev8%20Nutrition%2C%20Inc.&type=all,https://www.instagram.com/cellev8nutrition,https://www.facebook.com/cellev8,https://www.tiktok.com/@cellev8nutrition,,,"The focus Cellev8 Nutrition, Inc. puts on clean, effective formulas is exactly what customers need."
Ceylon Organic House,ceylonorganichouse.com,https://ceylonorganichouse.com,Contact,Owner,Ceylon Organic House,contact@ceylonorganichouse.com,,Health & Supplements,100% Confirmed Real,Valid (Google Workspace),Configured (v=DMARC1),Configured,No,https://www.facebook.com/ads/library/?q=Ceylon%20Organic%20House&type=all,,,,,,"The focus Ceylon Organic House puts on clean, effective formulas is exactly what customers need."
APURVA ORGANICS LTD,chamongonline.in,https://chamongonline.in,Salesonline1,Owner,"Chamong - Finest Organic and Herbal Teas
&ndash; Chamong Online Store",salesonline1@chamong.com,,Health & Supplements,100% Confirmed Real,Valid (Zoho Mail),Configured (v=DMARC1),Configured,No,https://www.facebook.com/ads/library/?q=APURVA%20ORGANICS%20LTD&type=all,https://www.instagram.com/apurvaorganics,https://www.facebook.com/tea.chamong,,https://x.com/apurvaorganics,https://www.linkedin.com/company/apurva-organics-ltd,"The focus APURVA ORGANICS LTD puts on clean, effective formulas is exactly what customers need."
Cha's Organics,chasorganics.com,https://chasorganics.com,Info,Owner,Cha&#39;s Organics Premium Quality Organic Foods,info@chasorganics.com,,Health & Supplements,100% Confirmed Real,Valid (Google Workspace),Configured (v=DMARC1),Configured,No,https://www.facebook.com/ads/library/?q=Cha%27s%20Organics&type=all,https://www.instagram.com/chasorganics,https://www.facebook.com/chasorganics,https://www.tiktok.com/@chasorganics,https://x.com/chasorganics,,"The focus Cha's Organics puts on clean, effective formulas is exactly what customers need."
CoralTree Organics,coraltreeorganics.com,https://coraltreeorganics.com,Enquiries,Owner,CoralTree Organics | NZ-Made Organic Apple Cider Vinegar,enquiries@coraltree.co.nz,,Health & Supplements,100% Confirmed Real,Valid (Microsoft 365),Configured (v=DMARC1),Configured,No,https://www.facebook.com/ads/library/?q=CoralTree%20Organics&type=all,https://www.instagram.com/coraltreeorganics,https://www.facebook.com/CoralTreeOrganics,https://www.tiktok.com/@coraltreeorganics,,https://www.linkedin.com/company/coraltreeorganics,"The focus CoralTree Organics puts on clean, effective formulas is exactly what customers need."
Core Biowellness,corebiowellness.com,https://corebiowellness.com,Info,Owner,Ach Direct Debit,info@corebiowellness.com,support@corebiowellness.com,Health & Supplements,100% Confirmed Real,Valid (Google Workspace),Configured (v=DMARC1),None,No,https://www.facebook.com/ads/library/?q=Core%20Biowellness&type=all,https://www.instagram.com/corebiowellness,https://www.facebook.com/Core,https://www.tiktok.com/@core.biowellness,,,"The focus Core Biowellness puts on clean, effective formulas is exactly what customers need."
Daily Wellness,dailywellness.com.pk,https://dailywellness.com.pk,Info,Owner,Best Organic &amp; Natural Body Oils in Pakistan | Daily Wellness,info@dailywellness.com.pk,,Health & Supplements,100% Confirmed Real,Valid (Host MX),Configured (v=DMARC1),Configured,No,https://www.facebook.com/ads/library/?q=Daily%20Wellness&type=all,https://www.instagram.com/dailywellnessandco,https://www.facebook.com/people,https://www.tiktok.com/@daily.wellness.co,,,"The focus Daily Wellness puts on clean, effective formulas is exactly what customers need."
DEGUTI JAPAN,degutijapan.com,https://degutijapan.com,Contact,Owner,Deguti Japan公式サイト - プレミアムオンラインショッピング,contact@degutijapan.com,,Health & Supplements,100% Confirmed Real,Valid (Google Workspace),Configured (v=DMARC1),None,No,https://www.facebook.com/ads/library/?q=DEGUTI%20JAPAN&type=all,,,,,,"The focus DEGUTI JAPAN puts on clean, effective formulas is exactly what customers need."
Destiny Wellness Scrubz LLC,destinyscrubz.com,https://destinyscrubz.com,Destinyscrubz,Owner,"DESTINY WELLNESS SCRUBZ
&ndash; Destiny Wellness Scrubz LLC",destinyscrubz@gmail.com,,Health & Supplements,100% Confirmed Real,Valid (Google Workspace),Configured (v=DMARC1),Configured,No,https://www.facebook.com/ads/library/?q=Destiny%20Wellness%20Scrubz%20LLC&type=all,,,,,,"The focus Destiny Wellness Scrubz LLC puts on clean, effective formulas is exactly what customers need."
Doggie Organics,doggie-organics.com,https://doggie-organics.com,Contact,Owner,Love Your Dog Naturally with Doggie Organics,contact@doggie-organics.com,,Health & Supplements,100% Confirmed Real,Valid (Host MX),Configured (v=DMARC1),Configured,No,https://www.facebook.com/ads/library/?q=Doggie%20Organics&type=all,https://www.instagram.com/doggieorganics,https://www.facebook.com/DoggieNaturalsPage,https://www.tiktok.com/@doggieorganics,,,"The focus Doggie Organics puts on clean, effective formulas is exactly what customers need."
Dorset Nectar Organic Cider,dorsetnectar.co.uk,https://dorsetnectar.co.uk,Dorsetnectar,Owner,"Dorset Nectar Organic Artisan Cider
&ndash; Dorset Nectar Organic Cider",dorsetnectar@live.co.uk,,Health & Supplements,100% Confirmed Real,Valid (Microsoft 365),Configured (v=DMARC1),Configured,No,https://www.facebook.com/ads/library/?q=Dorset%20Nectar%20Organic%20Cider&type=all,,https://www.facebook.com/dorsetnectarcider,,,,"The focus Dorset Nectar Organic Cider puts on clean, effective formulas is exactly what customers need."
Dr Elie Organics,drelieorganics.in,https://drelieorganics.in,Support,Owner,Dr Elie Organics | Organic Skincare &amp; Haircare Brand In India,support@elie.world,,Health & Supplements,85% Confirmed Real,Valid (Google Workspace),Not Configured,None,No,https://www.facebook.com/ads/library/?q=Dr%20Elie%20Organics&type=all,https://www.instagram.com/dr.elieorganics,https://www.facebook.com/people,,,,"The focus Dr Elie Organics puts on clean, effective formulas is exactly what customers need."
drgreenshealth.com,drgreenshealth.com,https://drgreenshealth.com,Drharris,Owner,"Dr. Green's Health, Wellness, Performance",drharris@drgreenshealth.com,"drklerer@drgreenshealth.com, cindy@drgreenshealth.com",Health & Supplements,100% Confirmed Real,Valid (Microsoft 365),Not Configured,Configured,No,https://www.facebook.com/ads/library/?q=drgreenshealth.com&type=all,https://www.instagram.com/dr.greenshealth,https://www.facebook.com/Dr-Greens-Health-Wellness-158658294177714,,https://x.com/DrGreensHealth,https://www.linkedin.com/company/dr-greens-health-wellness,"The focus drgreenshealth.com puts on clean, effective formulas is exactly what customers need."
Dr. Herbs Natural Supplements,drherbs.ae,https://drherbs.ae,Support,Owner,Instagram,support@drherbsofficial.com,u003esupport@drherbsofficial.com,Health & Supplements,98% Confirmed Real,Valid (Host MX),Not Configured,Configured,No,https://www.facebook.com/ads/library/?q=Dr.%20Herbs%20Natural%20Supplements&type=all,https://www.instagram.com/drherbsofficial,,,,,"The focus Dr. Herbs Natural Supplements puts on clean, effective formulas is exactly what customers need."
DY Nutrition India,dynutrition.in,https://dynutrition.in,Contact,Owner,DY Nutrition India,contact@dynutrition.in,,Health & Supplements,100% Confirmed Real,Valid (Google Workspace),Configured (v=DMARC1),None,No,https://www.facebook.com/ads/library/?q=DY%20Nutrition%20India&type=all,https://www.instagram.com/dynutrition.in,https://www.facebook.com/dynutrition.in,,,,"The focus DY Nutrition India puts on clean, effective formulas is exactly what customers need."
eaglesupplements.com,eaglesupplements.com,https://eaglesupplements.com,Info,Owner,"Eagle Supplements and Natural Nutritional Products
&ndash; Eagle_Supplements",info@eaglesupplements.com,"jan.novak@server.cz, tavsepasts@epasts.lv",Health & Supplements,100% Confirmed Real,Valid (Microsoft 365),Not Configured,Configured,No,https://www.facebook.com/ads/library/?q=eaglesupplements.com&type=all,,,,,,"The focus eaglesupplements.com puts on clean, effective formulas is exactly what customers need."
EMM Wellness Ventures,dxnwinnipeg.com,https://dxnwinnipeg.com,Emmwellness,Owner,EMM Wellness Ventures - DXN Products Distributor,emmwellness@shaw.ca,,Health & Supplements,63% Confirmed Real,Valid (Host MX),Configured (v=DMARC1),Configured,No,https://www.facebook.com/ads/library/?q=EMM%20Wellness%20Ventures&type=all,,https://www.facebook.com/emmwellness,,,,"The focus EMM Wellness Ventures puts on clean, effective formulas is exactly what customers need."
ECC Wellness,ecc-wellness.com,https://ecc-wellness.com,Ewglobal,Owner,ECC Wellness | 自然の恵みで美と健康を追求ビューティ＆ヘルスケアショップ,ewglobal@ecc.co.jp,,Health & Supplements,63% Confirmed Real,Valid (Host MX),Configured (v=DMARC1),Configured,No,https://www.facebook.com/ads/library/?q=ECC%20Wellness&type=all,https://www.instagram.com/ecc_wellness,,,,,"The focus ECC Wellness puts on clean, effective formulas is exactly what customers need."
4Natural Health Wellness,4naturalhealthwellness.com,https://4naturalhealthwellness.com,4naturalhealthwellness,Owner,4Natural Health Wellness,4naturalhealthwellness@gmail.com,,Health & Supplements,100% Confirmed Real,Valid (Google Workspace),Configured (v=DMARC1),Configured,No,https://www.facebook.com/ads/library/?q=4Natural%20Health%20Wellness&type=all,,,,,,"The focus 4Natural Health Wellness puts on clean, effective formulas is exactly what customers need."
963 Supplements,963shop.de,https://963shop.de,Tareq,Jamal,"963shop.de
 &ndash; 963 Supplements",tareq.jamal@gmx.de,,Health & Supplements,63% Confirmed Real,Valid (Host MX),Configured (v=DMARC1),Configured,No,https://www.facebook.com/ads/library/?q=963%20Supplements&type=all,https://www.instagram.com/963shopde,,,,,"The focus 963 Supplements puts on clean, effective formulas is exactly what customers need."
Advantage Nutrition Forte,advantagenutritionforte.com,https://advantagenutritionforte.com,Info,Owner,Advantage Nutrition Forte,info@advantagenutritionforte.com,,Health & Supplements,100% Confirmed Real,Valid (Google Workspace),Configured (v=DMARC1),None,No,https://www.facebook.com/ads/library/?q=Advantage%20Nutrition%20Forte&type=all,,,,,,"The focus Advantage Nutrition Forte puts on clean, effective formulas is exactly what customers need."
Advanced Functional Medicine Supplements,afmsupplements.com,https://afmsupplements.com,Info,Owner,Advanced Functional Medicine Supplements,info@afmsd.com,,Health & Supplements,83% Confirmed Real,Valid (Zoho Mail),Not Configured,Configured,No,https://www.facebook.com/ads/library/?q=Advanced%20Functional%20Medicine%20Supplements&type=all,https://www.instagram.com/functional_medicine_sd,https://www.facebook.com/AdvancedFunctionalMedicineSanDiego,https://www.tiktok.com/@functional_medici,,,"The focus Advanced Functional Medicine Supplements puts on clean, effective formulas is exactly what customers need."
Agwe Wellness,agwewellness.com,https://agwewellness.com,Info,Owner,AGWÉ Wellness | Advanced Scalp Care for Hair Growth,info@agwewellness.com,,Health & Supplements,100% Confirmed Real,Valid (Microsoft 365),Configured (v=DMARC1),Configured,No,https://www.facebook.com/ads/library/?q=Agwe%20Wellness&type=all,https://www.instagram.com/agwe.wellness,,https://www.tiktok.com/@agwe_wellness,,,"The focus Agwe Wellness puts on clean, effective formulas is exactly what customers need."
Aiku Superfoods,aikusuperfoods.com,https://aikusuperfoods.com,Contact,Owner,Aiku Superfoods - Natural Solutions for Great Performance,contact@aikusuperfoods.com,,Health & Supplements,100% Confirmed Real,Valid (Google Workspace),Configured (v=DMARC1),Configured,No,https://www.facebook.com/ads/library/?q=Aiku%20Superfoods&type=all,https://www.instagram.com/aikusuperfoods.us,https://www.facebook.com/profile.php,https://www.tiktok.com/@aikusuperfoods,,,"The focus Aiku Superfoods puts on clean, effective formulas is exactly what customers need."
Alamo Protein,alamoprotein.com,https://alamoprotein.com,Info,Owner,Machacado and Carne Seca - Beef Jerky - Alamo Protein,info@alamoprotein.com,,Health & Supplements,100% Confirmed Real,Valid (Google Workspace),Configured (v=DMARC1),Configured,No,https://www.facebook.com/ads/library/?q=Alamo%20Protein&type=all,https://www.instagram.com/alamoprotein,https://www.facebook.com/alamoprotein,https://www.tiktok.com/@alamoprotein,,,"The focus Alamo Protein puts on clean, effective formulas is exactly what customers need."
All-In Nutritionals,allinnutritionals.com,https://allinnutritionals.com,Info,Owner,All-In Nutritionals | Premium Wellness Solutions,info@allinnutritionals.com,ellieflores@allinnutritionals.com,Health & Supplements,100% Confirmed Real,Valid (Microsoft 365),Configured (v=DMARC1),Configured,No,https://www.facebook.com/ads/library/?q=All-In%20Nutritionals&type=all,https://www.instagram.com/allinnutritionals,https://www.facebook.com/allinnutritionals,https://www.tiktok.com/@allinnutritionals,https://x.com/InNutritionals,https://www.linkedin.com/company/all-in-nutritionals,"The focus All-In Nutritionals puts on clean, effective formulas is exactly what customers need."
AlphaCore Supplements,alphaboostsupplements.com,https://alphaboostsupplements.com,Waltonkareem05,Owner,AlphaCore Supplements,waltonkareem05@yahoo.com,,Health & Supplements,63% Confirmed Real,Valid (Yahoo Mail),Configured (v=DMARC1),Configured,No,https://www.facebook.com/ads/library/?q=AlphaCore%20Supplements&type=all,,,,,,"The focus AlphaCore Supplements puts on clean, effective formulas is exactly what customers need."
Alpha Xposed Sports Supplements,alphaxposed.com,https://alphaxposed.com,Ana,Owner,Alpha Xposed Sports Supplements,ana@alphaxposed.com,,Health & Supplements,100% Confirmed Real,Valid (Microsoft 365),Not Configured,Configured,No,https://www.facebook.com/ads/library/?q=Alpha%20Xposed%20Sports%20Supplements&type=all,https://www.instagram.com/alphaxposed_supps,https://www.facebook.com/profile.php,https://www.tiktok.com/@irenepepplug,,,"The focus Alpha Xposed Sports Supplements puts on clean, effective formulas is exactly what customers need."
Alps Nutrition,alpsnutrition.it,https://alpsnutrition.it,Info,Owner,Alps Nutrition Shop,info@alps-solution.it,,Health & Supplements,88% Confirmed Real,Valid (Microsoft 365),Not Configured,Configured,No,https://www.facebook.com/ads/library/?q=Alps%20Nutrition&type=all,https://www.instagram.com/alpssolution.it,,,,,"The focus Alps Nutrition puts on clean, effective formulas is exactly what customers need."
Altitude Supplements,altitudesupplements.com,https://altitudesupplements.com,Enquiries,Owner,Founder / Owner @ Altitude Supplements,enquiries@altitudesupplements.com,,Health & Supplements,100% Confirmed Real,Valid (Microsoft 365),Configured (v=DMARC1),Configured,No,https://www.facebook.com/ads/library/?q=Altitude%20Supplements&type=all,https://www.instagram.com/altitudesupplements,,,,,"The focus Altitude Supplements puts on clean, effective formulas is exactly what customers need."
Organic Baby Food,amaraorganicfoods.com,https://amaraorganicfoods.com,Hello,Owner,Amara | Yogurt Smoothie Melts | Organic Baby Food | Toddler Snacks,hello@amaraorganicfoods.com,,Health & Supplements,100% Confirmed Real,Valid (Google Workspace),Configured (v=DMARC1),Configured,No,https://www.facebook.com/ads/library/?q=Organic%20Baby%20Food&type=all,https://www.instagram.com/amarababyfood,https://www.facebook.com/AmaraOrganicFood,https://www.tiktok.com/@amaraorganicfoods,,,"The focus Organic Baby Food puts on clean, effective formulas is exactly what customers need."
AMA Wellness,ama.sg,https://ama.sg,Customercare,Owner,Healthcare Supplements &amp; Technology Company Singapore | AMA Wellness,customercare@ama.sg,sales@ama.sg,Health & Supplements,100% Confirmed Real,Valid (Host MX),Configured (v=DMARC1),Configured,No,https://www.facebook.com/ads/library/?q=AMA%20Wellness&type=all,https://www.instagram.com/bodyarmorsg,https://www.facebook.com/profile.php,https://www.tiktok.com/@bodyarmormg,,,"The focus AMA Wellness puts on clean, effective formulas is exactly what customers need."
Americare Supplements,americaresupplements.com,https://americaresupplements.com,Support,Owner,Americare Supplements,support@americaresupplements.com,,Health & Supplements,100% Confirmed Real,Valid (Host MX),Configured (v=DMARC1),Configured,No,https://www.facebook.com/ads/library/?q=Americare%20Supplements&type=all,https://www.instagram.com/americare_supplements,https://www.facebook.com/americare.supplements,https://www.tiktok.com/@americaresupplements,https://x.com/AmericareSupp,,"The focus Americare Supplements puts on clean, effective formulas is exactly what customers need."
Aria Sleepwear,ariasleepwear.com,https://ariasleepwear.com,Customer,Service,Aria Sleepwear,customer.service@ariasleepwear.com,,Health & Supplements,100% Confirmed Real,Valid (Host MX),Configured (v=DMARC1),Configured,No,https://www.facebook.com/ads/library/?q=Aria%20Sleepwear&type=all,https://www.instagram.com/aria.sleepwear,https://www.facebook.com/Aria.Sleepwear.Designs,,,,"The focus Aria Sleepwear puts on clean, effective formulas is exactly what customers need."
asleepysoldier,asleepysoldier.me,https://asleepysoldier.me,Asleepysoldier,Owner,asleepysoldier,asleepysoldier@gmail.com,,Health & Supplements,100% Confirmed Real,Valid (Google Workspace),Configured (v=DMARC1),Configured,No,https://www.facebook.com/ads/library/?q=asleepysoldier&type=all,https://www.instagram.com/asleepysoldier,,,,,"The focus asleepysoldier puts on clean, effective formulas is exactly what customers need."
Assault Fitness UK,assault-fitness.co.uk,https://assault-fitness.co.uk,Sales,Owner,Assault Fitness UK,sales@wolverson-fitness.com,services@wolverson-fitness.com,Health & Supplements,100% Confirmed Real,Valid (Google Workspace),Configured (v=DMARC1),Configured,No,https://www.facebook.com/ads/library/?q=Assault%20Fitness%20UK&type=all,https://www.instagram.com/wolversonfit,https://www.facebook.com/wolversonfitness,,,,"The focus Assault Fitness UK puts on clean, effective formulas is exactly what customers need."
athleaderfitness.com,athleaderfitness.com,https://athleaderfitness.com,Athleaderfitness,Owner,Founder / Owner @ athleaderfitness.com,athleaderfitness@gmail.com,,Health & Supplements,100% Confirmed Real,Valid (Google Workspace),Configured (v=DMARC1),Configured,No,https://www.facebook.com/ads/library/?q=athleaderfitness.com&type=all,,https://www.facebook.com/profile.php,,,,"The focus athleaderfitness.com puts on clean, effective formulas is exactly what customers need."
AuraForge Wellness,auraforgewellness.com,https://auraforgewellness.com,Support,Owner,AuraForge Wellness,support@auraforgewellness.com,,Health & Supplements,100% Confirmed Real,Valid (Google Workspace),Configured (v=DMARC1),None,No,https://www.facebook.com/ads/library/?q=AuraForge%20Wellness&type=all,,,,,,"The focus AuraForge Wellness puts on clean, effective formulas is exactly what customers need."
Baba Mastnath Ayurved,babamastnathayurved.com,https://babamastnathayurved.com,Info,Owner,Baba Mastnath Ayurved,info@babamastnathayurved.com,,Health & Supplements,100% Confirmed Real,Valid (Host MX),Configured (v=DMARC1),Configured,No,https://www.facebook.com/ads/library/?q=Baba%20Mastnath%20Ayurved&type=all,https://www.instagram.com/babamastnathayurved,https://www.facebook.com/people,,https://x.com/BabaMastnathAyu,,"The focus Baba Mastnath Ayurved puts on clean, effective formulas is exactly what customers need."
Babylife Organics,babylifeorganics.com,https://babylifeorganics.com,Hello,Owner,Babylife Organics,hello@babylifeorganics.com,,Health & Supplements,100% Confirmed Real,Valid (Microsoft 365),Configured (v=DMARC1),Configured,No,https://www.facebook.com/ads/library/?q=Babylife%20Organics&type=all,https://www.instagram.com/babylifeorganics,https://www.facebook.com/people,,,,"The focus Babylife Organics puts on clean, effective formulas is exactly what customers need."
Balance With Wellness,balancewithwellness.com,https://balancewithwellness.com,Support,Owner,Balance With Wellness,support@balancewithwellness.com,,Health & Supplements,100% Confirmed Real,Valid (Google Workspace),Configured (v=DMARC1),Configured,No,https://www.facebook.com/ads/library/?q=Balance%20With%20Wellness&type=all,https://www.instagram.com/bala.ncewithwellness,,,,,"The focus Balance With Wellness puts on clean, effective formulas is exactly what customers need."
"Barton Behavioral Health and Wellness, LLC",bartonbhw.com,https://bartonbhw.com,Bartonbhw,Owner,"Barton Behavioral Health and Wellness, LLC",bartonbhw@gmail.com,,Health & Supplements,100% Confirmed Real,Valid (Google Workspace),Configured (v=DMARC1),Configured,No,https://www.facebook.com/ads/library/?q=Barton%20Behavioral%20Health%20and%20Wellness%2C%20LLC&type=all,https://www.instagram.com/bartonbehavioralhealth,https://www.facebook.com/bartonbhw,,,,"The focus Barton Behavioral Health and Wellness, LLC puts on clean, effective formulas is exactly what customers need."
Bayside Botanical,baysidebotanical.com,https://baysidebotanical.com,Baysidebotanical,Owner,Bayside Botanical,baysidebotanical@gmail.com,,Health & Supplements,100% Confirmed Real,Valid (Google Workspace),Configured (v=DMARC1),Configured,No,https://www.facebook.com/ads/library/?q=Bayside%20Botanical&type=all,,,,,,"The focus Bayside Botanical puts on clean, effective formulas is exactly what customers need."
Bees and Botanicals,beesandbotanicals.com,https://beesandbotanicals.com,Info,Owner,Founder / Owner @ Bees and Botanicals,info@beesandbotanicals.com,,Health & Supplements,100% Confirmed Real,Valid (Google Workspace),Configured (v=DMARC1),None,No,https://www.facebook.com/ads/library/?q=Bees%20and%20Botanicals&type=all,,https://www.facebook.com/beesnbots,,,,"The focus Bees and Botanicals puts on clean, effective formulas is exactly what customers need."
BeMe Wellness,bemewellness.com,https://bemewellness.com,Hello,Owner,BeMe Wellness | Science-Backed Liquid Collagen Peptides,hello@bemewellness.com,,Health & Supplements,100% Confirmed Real,Valid (Google Workspace),Configured (v=DMARC1),Configured,No,https://www.facebook.com/ads/library/?q=BeMe%20Wellness&type=all,https://www.instagram.com/beme.wellness,https://www.facebook.com/bemewellness,https://www.tiktok.com/@beme.wellness,,,"The focus BeMe Wellness puts on clean, effective formulas is exactly what customers need."
BENEFIT NUTRITIONS,benefitnutritions.com,https://benefitnutritions.com,Info,Owner,"BENEFIT | ФУНКЦИОНАЛНИ ХРАНИТЕЛНИ ДОБАВКИ
 &ndash; BENEFIT NUTRITIONS",info@benefitnutritions.com,,Health & Supplements,100% Confirmed Real,Valid (Google Workspace),Configured (v=DMARC1),Configured,No,https://www.facebook.com/ads/library/?q=BENEFIT%20NUTRITIONS&type=all,,,,,,"The focus BENEFIT NUTRITIONS puts on clean, effective formulas is exactly what customers need."
BEST GYM SUPPLEMENTS,bestgymsupplements.com,https://bestgymsupplements.com,Bestgymsupps,Owner,Best Gym Supplements | Top Fitness &amp; Workout Nutrition Deals,bestgymsupps@gmail.com,,Health & Supplements,68% Confirmed Real,Valid (Google Workspace),Configured (v=DMARC1),Configured,No,https://www.facebook.com/ads/library/?q=BEST%20GYM%20SUPPLEMENTS&type=all,https://www.instagram.com/bestgymsupplements_,,,,,"The focus BEST GYM SUPPLEMENTS puts on clean, effective formulas is exactly what customers need."
BigProteint,bigproteint.com,https://bigproteint.com,Teambigproteint,Owner,BigProteint,teambigproteint@gmail.com,,Health & Supplements,100% Confirmed Real,Valid (Google Workspace),Configured (v=DMARC1),Configured,No,https://www.facebook.com/ads/library/?q=BigProteint&type=all,https://www.instagram.com/bigproteintt,,https://www.tiktok.com/@bigproteintt,,,"The focus BigProteint puts on clean, effective formulas is exactly what customers need."
BlaqButterflies Wellness Boutique,blaqbutterflies.com,https://blaqbutterflies.com,Wellness,Owner,BlaqButterflies Wellness Boutique | Where Self-Care Meets Purpose,wellness@blaqbutterflies.com,,Health & Supplements,100% Confirmed Real,Valid (Google Workspace),Configured (v=DMARC1),Configured,No,https://www.facebook.com/ads/library/?q=BlaqButterflies%20Wellness%20Boutique&type=all,,,,,,"The focus BlaqButterflies Wellness Boutique puts on clean, effective formulas is exactly what customers need."
Boshie Organics,boshieorganics.com,https://boshieorganics.com,Boshieorganics,Owner,Boshie Organics,boshieorganics@gmail.com,,Health & Supplements,100% Confirmed Real,Valid (Google Workspace),Configured (v=DMARC1),Configured,No,https://www.facebook.com/ads/library/?q=Boshie%20Organics&type=all,https://www.instagram.com/boshie_organics,https://www.facebook.com/shopify,,https://x.com/shopify,,"The focus Boshie Organics puts on clean, effective formulas is exactly what customers need."
Botanical Knots Studio,botanicalknotsstudio.com,https://botanicalknotsstudio.com,Kaileysteph17,Owner,Botanical Knots Studio,kaileysteph17@gmail.com,,Health & Supplements,68% Confirmed Real,Valid (Google Workspace),Configured (v=DMARC1),Configured,No,https://www.facebook.com/ads/library/?q=Botanical%20Knots%20Studio&type=all,,,https://www.tiktok.com/@kaileysteph_,,,"The focus Botanical Knots Studio puts on clean, effective formulas is exactly what customers need."
Botanical,botanical.bg,https://botanical.bg,Onlineshop,Owner,Botanical,onlineshop@botanical.bg,orders@botanical.bg,Health & Supplements,100% Confirmed Real,Valid (Google Workspace),Configured (v=DMARC1),Configured,No,https://www.facebook.com/ads/library/?q=Botanical&type=all,https://www.instagram.com/tea_botanical,https://www.facebook.com/Tea.Botanical,,,,"The focus Botanical puts on clean, effective formulas is exactly what customers need."
BIG WAVES FITNESS,brandondhendricksonbigwaves.com,https://brandondhendricksonbigwaves.com,Info,Owner,BRANDON HENDRICKSON BIG WAVES SOCKS &ndash; BIG WAVES FITNESS,info@brandondhendricksonbigwaves.com,,Health & Supplements,100% Confirmed Real,Valid (Host MX),Configured (v=DMARC1),Configured,No,https://www.facebook.com/ads/library/?q=BIG%20WAVES%20FITNESS&type=all,https://www.instagram.com/bigwavesllc_,https://www.facebook.com/tr,,,,"The focus BIG WAVES FITNESS puts on clean, effective formulas is exactly what customers need."
Bridge To Wellness Store,bridgetowellnessstore.com,https://bridgetowellnessstore.com,Bridgetowellnessstore,Owner,Bridge To Wellness Store,bridgetowellnessstore@gmail.com,,Health & Supplements,100% Confirmed Real,Valid (Google Workspace),Configured (v=DMARC1),Configured,No,https://www.facebook.com/ads/library/?q=Bridge%20To%20Wellness%20Store&type=all,,https://www.facebook.com/bridge-to-wellness-store,,,,"The focus Bridge To Wellness Store puts on clean, effective formulas is exactly what customers need."
Bunny Greens,bunny-greens.at,https://bunny-greens.at,Info,Owner,Bunny Greens Onlineshop - Frisches Futtergrün für dein Kaninchen,info@bunny-greens.de,,Health & Supplements,100% Confirmed Real,Valid (Host MX),Configured (v=DMARC1),Configured,No,https://www.facebook.com/ads/library/?q=Bunny%20Greens&type=all,https://www.instagram.com/bunnygreens.de,https://www.facebook.com/profile.php,,,,"The focus Bunny Greens puts on clean, effective formulas is exactly what customers need."
Butter Wellness,butterwellness.com,https://butterwellness.com,Support,Owner,Butter Wellness - Modern Men&#x27;s Sexual Wellness,support@butterwellness.com,,Health & Supplements,100% Confirmed Real,Valid (Google Workspace),Not Configured,Configured,No,https://www.facebook.com/ads/library/?q=Butter%20Wellness&type=all,https://www.instagram.com/butter_wellness,,https://www.tiktok.com/@butter_wellness,,,"The focus Butter Wellness puts on clean, effective formulas is exactly what customers need."
CAROFITNESS,carofitness.com,https://carofitness.com,Hola,Owner,"Creatina Creapure®, Consultas Médicas y Fitness | CAROFITNESS",hola@carofitness.com,,Health & Supplements,98% Confirmed Real,Valid (Host MX),Not Configured,Configured,No,https://www.facebook.com/ads/library/?q=CAROFITNESS&type=all,https://www.instagram.com/dracarofitness,https://www.facebook.com/carolinadiazfitness,https://www.tiktok.com/@dracarofitness,,,"The focus CAROFITNESS puts on clean, effective formulas is exactly what customers need."
cbdwellnessstorepa.com,cbdwellnessstorepa.com,https://cbdwellnessstorepa.com,Info,Owner,Founder / Owner @ cbdwellnessstorepa.com,info@cbdwellnessstorepa.com,,Health & Supplements,100% Confirmed Real,Valid (Microsoft 365),Configured (v=DMARC1),Configured,No,https://www.facebook.com/ads/library/?q=cbdwellnessstorepa.com&type=all,,,,,,"The focus cbdwellnessstorepa.com puts on clean, effective formulas is exactly what customers need."
Champions Fitness Apparel,championsphysicalfitness.com,https://championsphysicalfitness.com,Champions,Fitness,Amazon,champions.fitness@yahoo.com,,Health & Supplements,63% Confirmed Real,Valid (Yahoo Mail),Configured (v=DMARC1),Configured,No,https://www.facebook.com/ads/library/?q=Champions%20Fitness%20Apparel&type=all,https://www.instagram.com/champions_physical_fitness,https://www.facebook.com/championsphysicalfitness,,,,"The focus Champions Fitness Apparel puts on clean, effective formulas is exactly what customers need."
Clarité,claritewellness.com,https://claritewellness.com,Contact,Owner,Clarité,contact@claritewellness.com,,Health & Supplements,100% Confirmed Real,Valid (Google Workspace),Not Configured,None,No,https://www.facebook.com/ads/library/?q=Clarit%C3%A9&type=all,https://www.instagram.com/claritewellness,,,,,"The focus Clarité puts on clean, effective formulas is exactly what customers need."
CNutrition,c-nutrition.com,https://c-nutrition.com,Contact,Owner,American Express,contact@c-nutrition.com,,Health & Supplements,100% Confirmed Real,Valid (Host MX),Configured (v=DMARC1),Configured,No,https://www.facebook.com/ads/library/?q=CNutrition&type=all,https://www.instagram.com/cornetto_nutrition_liege,,,,,"The focus CNutrition puts on clean, effective formulas is exactly what customers need."
Raseshwar Herbal,raseshwar.com,https://raseshwar.com,Talk,To,Raseshwar Herbal | Master of Classical Ayurveda | Ayurvedic Porducts,talk.to.raseshwarherbal@gmail.com,,Health & Supplements,100% Confirmed Real,Valid (Google Workspace),Configured (v=DMARC1),Configured,No,https://www.facebook.com/ads/library/?q=Raseshwar%20Herbal&type=all,https://www.instagram.com/raseshwarherbal,,,,,"The focus Raseshwar Herbal puts on clean, effective formulas is exactly what customers need."
Rawaah Herbal Hair Oils,rawaah.online,https://rawaah.online,Digitalaura63,Owner,Rawaah,digitalaura63@gmail.com,,Health & Supplements,68% Confirmed Real,Valid (Google Workspace),Configured (v=DMARC1),Configured,No,https://www.facebook.com/ads/library/?q=Rawaah%20Herbal%20Hair%20Oils&type=all,https://www.instagram.com/mehboob_ali_judhani,,https://www.tiktok.com/@rawaah.oils,,,"The focus Rawaah Herbal Hair Oils puts on clean, effective formulas is exactly what customers need."
KSA Wellness Pvt Ltd,plnty.in,https://www.plnty.in,Help,Owner,PLNTY,help@plnty.in,,Health & Supplements,100% Confirmed Real,Valid (Google Workspace),Not Configured,Configured,No,https://www.facebook.com/ads/library/?q=KSA%20Wellness%20Pvt%20Ltd&type=all,https://www.instagram.com/plnty.in,https://www.facebook.com/profile.php,,,https://www.linkedin.com/company/plnty-in,"The focus KSA Wellness Pvt Ltd puts on clean, effective formulas is exactly what customers need."
5greens,5greens.co.uk,https://5greens.co.uk,Orders,Owner,5greens - Clean Safe Strong &amp; Effective Supplements 100% Natural,orders@5greens.co.uk,,Health & Supplements,100% Confirmed Real,Valid (Host MX),Configured (v=DMARC1),Configured,No,https://www.facebook.com/ads/library/?q=5greens&type=all,https://www.instagram.com/5greensuk,,,,,"The focus 5greens puts on clean, effective formulas is exactly what customers need."
Aaji Wellness,aaji.in,https://aaji.in,Aajiwellness,Owner,Aaji Wellness - Maharashtras No 1 Baby Food Brand,aajiwellness@gmail.com,,Health & Supplements,100% Confirmed Real,Valid (Google Workspace),Configured (v=DMARC1),Configured,No,https://www.facebook.com/ads/library/?q=Aaji%20Wellness&type=all,https://www.instagram.com/aaji.official,https://www.facebook.com/aaji.wellness,,,,"The focus Aaji Wellness puts on clean, effective formulas is exactly what customers need."
AB-Nutrition,abnutrition.it,https://abnutrition.it,Abnutrition3,Owner,American Express,abnutrition3@gmail.com,,Health & Supplements,100% Confirmed Real,Valid (Google Workspace),Configured (v=DMARC1),Configured,No,https://www.facebook.com/ads/library/?q=AB-Nutrition&type=all,https://www.instagram.com/ab__nutrition_,,https://www.tiktok.com/@ab.nutrition,,,"The focus AB-Nutrition puts on clean, effective formulas is exactly what customers need."
Active Edge Nutrition Ltd,active-edge.co.uk,https://active-edge.co.uk,Enquiries,Owner,Active Edge Nutrition Ltd,enquiries@active-edge.co.uk,,Health & Supplements,100% Confirmed Real,Valid (Google Workspace),Not Configured,None,No,https://www.facebook.com/ads/library/?q=Active%20Edge%20Nutrition%20Ltd&type=all,,,,,,"The focus Active Edge Nutrition Ltd puts on clean, effective formulas is exactly what customers need."
Advantage Nutrition,advantagenutritions.com,https://advantagenutritions.com,Ventasadvantagenutritions,Owner,"Advantage Nutrition | Proteínas, creatinas y suplementos gym",ventasadvantagenutritions@gmail.com,,Health & Supplements,100% Confirmed Real,Valid (Google Workspace),Configured (v=DMARC1),Configured,No,https://www.facebook.com/ads/library/?q=Advantage%20Nutrition&type=all,,,,,,"The focus Advantage Nutrition puts on clean, effective formulas is exactly what customers need."
Alchemy Labs,alchemylabsnutrition.com,https://alchemylabsnutrition.com,Orders,Owner,"Alchemy Labs — Pre Workouts, Bodybuilding, &amp; Weight Loss Supplements",orders@alchemylabsnutrition.com,,Health & Supplements,100% Confirmed Real,Valid (Google Workspace),Configured (v=DMARC1),Configured,No,https://www.facebook.com/ads/library/?q=Alchemy%20Labs&type=all,https://www.instagram.com/alchemy_labs,https://www.facebook.com/alchemylabsnutrition,https://www.tiktok.com/@alchemylabs,,,"The focus Alchemy Labs puts on clean, effective formulas is exactly what customers need."
all in nutrition GmbH,allinnutrition.com,https://allinnutrition.com,Bestellung,Owner,all in nutrition GmbH - Das Plus in deiner Ernährung,bestellung@allin-protein.com,"bestellung@allinnutrition.com, u003ebestellung@allinnutrition.com",Health & Supplements,100% Confirmed Real,Valid (Microsoft 365),Not Configured,Configured,No,https://www.facebook.com/ads/library/?q=all%20in%20nutrition%20GmbH&type=all,https://www.instagram.com/all_in.nutrition,,https://www.tiktok.com/@allinnutrition,,https://www.linkedin.com/company/all-in-nutrition,"The focus all in nutrition GmbH puts on clean, effective formulas is exactly what customers need."
Allies Botanicals,alliesbotanicals.com,https://alliesbotanicals.com,Community,Owner,Allies Botanicals,community@alliesbotanicals.com,,Health & Supplements,100% Confirmed Real,Valid (Google Workspace),Configured (v=DMARC1),Configured,No,https://www.facebook.com/ads/library/?q=Allies%20Botanicals&type=all,https://www.instagram.com/alliesbotanicals,,,,,"The focus Allies Botanicals puts on clean, effective formulas is exactly what customers need."
Deltora,allsleepers.com,https://allsleepers.com,Help,Owner,allsleepers | Welcome to the Comfiest Place on Earth™,help@allsleepers.com,,Health & Supplements,100% Confirmed Real,Valid (Google Workspace),Configured (v=DMARC1),None,No,https://www.facebook.com/ads/library/?q=Deltora&type=all,https://www.instagram.com/allsleepers,https://www.facebook.com/allsleepers,,,,"The focus Deltora puts on clean, effective formulas is exactly what customers need."
All Time Nutrition,alltimenutrition.in,https://alltimenutrition.in,Trade,Owner,All Time Nutrition,trade@alltimenutrition.net,,Health & Supplements,100% Confirmed Real,Valid (Google Workspace),Configured (v=DMARC1),Configured,No,https://www.facebook.com/ads/library/?q=All%20Time%20Nutrition&type=all,,,,,,"The focus All Time Nutrition puts on clean, effective formulas is exactly what customers need."
A.L. Nutrition,alnutrition.in,https://alnutrition.in,Customer,Owner,A.L. Nutrition,customer@thealphalogy.com,,Health & Supplements,60% Confirmed Real,Valid (Google Workspace),Not Configured,None,No,https://www.facebook.com/ads/library/?q=A.L.%20Nutrition&type=all,https://www.instagram.com/a.l.nutrition,https://www.facebook.com/profile.php,,,,"The focus A.L. Nutrition puts on clean, effective formulas is exactly what customers need."
ALOEmoist Organics - Pure ingredients. Real results. No harsh chemicals.,aloemoistorganics.com,https://aloemoistorganics.com,Support,Owner,ALOEmoist Organics - Pure ingredients. Real results. No harsh chemicals.,support@aloemoistorganics.com,,Health & Supplements,100% Confirmed Real,Valid (Host MX),Configured (v=DMARC1),Configured,No,https://www.facebook.com/ads/library/?q=ALOEmoist%20Organics%20-%20Pure%20ingredients.%20Real%20results.%20No%20harsh%20chemicals.&type=all,https://www.instagram.com/aloemoist,https://www.facebook.com/aloemoistorganics,https://www.tiktok.com/@aloemoistorganics,https://x.com/aloemoistskin,,"The focus ALOEmoist Organics - Pure ingredients. Real results. No harsh chemicals. puts on clean, effective formulas is exactly what customers need."
Alpine Gold - Organic Tallow Skincare,alpine-gold.com,https://alpine-gold.com,Alpinegoldmt,Owner,American Express,alpinegoldmt@gmail.com,,Health & Supplements,68% Confirmed Real,Valid (Google Workspace),Configured (v=DMARC1),Configured,No,https://www.facebook.com/ads/library/?q=Alpine%20Gold%20-%20Organic%20Tallow%20Skincare&type=all,https://www.instagram.com/alpinegoldtallow,https://www.facebook.com/profile.php,,,,"The focus Alpine Gold - Organic Tallow Skincare puts on clean, effective formulas is exactly what customers need."
Alteya Organics,alteya.co.uk,https://alteya.co.uk,Uk,Orders,Alteya Organics - United Kingdom,uk-orders@alteyaorganics.com,orders@alteya.co.uk,Health & Supplements,100% Confirmed Real,Valid (Host MX),Configured (v=DMARC1),Configured,No,https://www.facebook.com/ads/library/?q=Alteya%20Organics&type=all,https://www.instagram.com/alteyaorganics_uk,https://www.facebook.com/AlteyaOrganicsUK,https://www.tiktok.com/@alteyaorganics_uk,,,"The focus Alteya Organics puts on clean, effective formulas is exactly what customers need."
Amanah Vitamins – amanahvitamins,amanahvitamins.com,https://amanahvitamins.com,Info,Owner,"Amanah Vitamins
 &ndash; amanahvitamins",info@amanahvitamins.com,,Health & Supplements,100% Confirmed Real,Valid (Google Workspace),Not Configured,Configured,No,https://www.facebook.com/ads/library/?q=Amanah%20Vitamins%20%E2%80%93%20amanahvitamins&type=all,https://www.instagram.com/amanah_vitamins,,,,,"The focus Amanah Vitamins – amanahvitamins puts on clean, effective formulas is exactly what customers need."
Amazing Health and Wellness,amazinghealthandwellness.com,https://amazinghealthandwellness.com,Info,Owner,Amazing Health and Wellness,info@amazinghealthandwellness.com,,Health & Supplements,100% Confirmed Real,Valid (Host MX),Configured (v=DMARC1),None,No,https://www.facebook.com/ads/library/?q=Amazing%20Health%20and%20Wellness&type=all,,,,,,"The focus Amazing Health and Wellness puts on clean, effective formulas is exactly what customers need."
AMIGAS AMIGAS WELLNESS,amigasamigaswellness.com,https://amigasamigaswellness.com,Amigasamigaswellness,Owner,AMIGAS AMIGAS WELLNESS,amigasamigaswellness@gmail.com,,Health & Supplements,100% Confirmed Real,Valid (Google Workspace),Configured (v=DMARC1),Configured,No,https://www.facebook.com/ads/library/?q=AMIGAS%20AMIGAS%20WELLNESS&type=all,https://www.instagram.com/amigasamigaswellness,,https://www.tiktok.com/@amigasamigaswellness,,,"The focus AMIGAS AMIGAS WELLNESS puts on clean, effective formulas is exactly what customers need."
AM FITNESS,amfitnes.com,https://amfitnes.com,Aliceohana22,Owner,AM FITNESS,aliceohana22@gmail.com,,Health & Supplements,68% Confirmed Real,Valid (Google Workspace),Configured (v=DMARC1),Configured,No,https://www.facebook.com/ads/library/?q=AM%20FITNESS&type=all,,,,,,"The focus AM FITNESS puts on clean, effective formulas is exactly what customers need."
EWANY ORGANICS,amminiamma.in,https://amminiamma.in,Support,Owner,EWANY ORGANICS,support@amminiamma.in,,Health & Supplements,100% Confirmed Real,Valid (Host MX),Configured (v=DMARC1),Configured,No,https://www.facebook.com/ads/library/?q=EWANY%20ORGANICS&type=all,https://www.instagram.com/amminiamma.in,,,,,"The focus EWANY ORGANICS puts on clean, effective formulas is exactly what customers need."
A Quality Life Nutrition,aqualitylifenutrition.com,https://aqualitylifenutrition.com,Info,Owner,American Express,info@aqualitylifenutrition.com,u003einfo@aqualitylifenutrition.com,Health & Supplements,100% Confirmed Real,Valid (Microsoft 365),Not Configured,Configured,No,https://www.facebook.com/ads/library/?q=A%20Quality%20Life%20Nutrition&type=all,https://www.instagram.com/aqualitylife.nutrition,https://www.facebook.com/aqualitylifenutrition,,https://x.com/AQualityLifeNu,,"The focus A Quality Life Nutrition puts on clean, effective formulas is exactly what customers need."
ARC Health Nutrition,archealthnutrition.co.uk,https://archealthnutrition.co.uk,Info,Owner,American Express,info@archealthnutrition.co.uk,,Health & Supplements,100% Confirmed Real,Valid (Google Workspace),Not Configured,None,No,https://www.facebook.com/ads/library/?q=ARC%20Health%20Nutrition&type=all,https://www.instagram.com/arc_health_nutrition,https://www.facebook.com/profile.php,https://www.tiktok.com/@user5573699983487,,,"The focus ARC Health Nutrition puts on clean, effective formulas is exactly what customers need."
Arthur Sleep,arthursleep.com,https://arthursleep.com,Hello,Owner,Arthur Sleep,hello@arthursleep.com,,Health & Supplements,100% Confirmed Real,Valid (Google Workspace),Configured (v=DMARC1),None,No,https://www.facebook.com/ads/library/?q=Arthur%20Sleep&type=all,https://www.instagram.com/arthursleepshoes,,,,,"The focus Arthur Sleep puts on clean, effective formulas is exactly what customers need."
Aspire Nutrition,aspirenutrition.com,https://aspirenutrition.com,Support,Owner,Aspire Nutrition - Nutritional Supplements for the Whole Family,support@aspirenutrition.com,,Health & Supplements,100% Confirmed Real,Valid (Google Workspace),Configured (v=DMARC1),Configured,No,https://www.facebook.com/ads/library/?q=Aspire%20Nutrition&type=all,https://www.instagram.com/aspire.nutrition,https://www.facebook.com/aspire.nutrition.supplements,,,,"The focus Aspire Nutrition puts on clean, effective formulas is exactly what customers need."
Atharvaorganics,atharvaorganics.co,https://atharvaorganics.co,Atharvaorganics,Owner,Atharvaorganics,atharvaorganics@gmail.com,,Health & Supplements,100% Confirmed Real,Valid (Google Workspace),Configured (v=DMARC1),Configured,No,https://www.facebook.com/ads/library/?q=Atharvaorganics&type=all,https://www.instagram.com/soapytale,,,,,"The focus Atharvaorganics puts on clean, effective formulas is exactly what customers need."
Atrevida Supplements,atrevidalife.com,https://atrevidalife.com,Support,Owner,Atrevida Supplements,support@atrevidalife.com,,Health & Supplements,100% Confirmed Real,Valid (Google Workspace),Not Configured,Configured,No,https://www.facebook.com/ads/library/?q=Atrevida%20Supplements&type=all,,,,,,"The focus Atrevida Supplements puts on clean, effective formulas is exactly what customers need."
Atomic Nutrition,atomicnutrition.com,https://atomicnutrition.com,Info,Owner,Atomic Nutrition,info@atomicnutrition.com,,Health & Supplements,100% Confirmed Real,Valid (Host MX),Not Configured,None,No,https://www.facebook.com/ads/library/?q=Atomic%20Nutrition&type=all,,,,,,"The focus Atomic Nutrition puts on clean, effective formulas is exactly what customers need."
Aura Botanicals,aurabotanicals.ca,https://aurabotanicals.ca,Info,Owner,Aura Botanicals,info@aurabotanicals.ca,,Health & Supplements,100% Confirmed Real,Valid (Microsoft 365),Configured (v=DMARC1),Configured,No,https://www.facebook.com/ads/library/?q=Aura%20Botanicals&type=all,https://www.instagram.com/aura_botanicals,https://www.facebook.com/profile.php,,,,"The focus Aura Botanicals puts on clean, effective formulas is exactly what customers need."
Aurum Vitae Wellness,aurumvitaewellness.com,https://aurumvitaewellness.com,Support,Owner,Aurum Vitae Wellness,support@aurumvitaewellness.com,,Health & Supplements,100% Confirmed Real,Valid (Google Workspace),Configured (v=DMARC1),Configured,No,https://www.facebook.com/ads/library/?q=Aurum%20Vitae%20Wellness&type=all,,,,,,"The focus Aurum Vitae Wellness puts on clean, effective formulas is exactly what customers need."
Auspicious Wellness CBD Products,auspiciouswellness.com,https://auspiciouswellness.com,Debbie,Owner,American Express,debbie@auspiciouswellness.com,,Health & Supplements,100% Confirmed Real,Valid (Google Workspace),Not Configured,None,No,https://www.facebook.com/ads/library/?q=Auspicious%20Wellness%20CBD%20Products&type=all,,,,,,"The focus Auspicious Wellness CBD Products puts on clean, effective formulas is exactly what customers need."
Australian Nutrition,australiannutrition.co,https://australiannutrition.co,Contact,Owner,Australian Nutrition Grass-Fed Beef Organ Supplements,contact@australiannutrition.co,,Health & Supplements,100% Confirmed Real,Valid (Google Workspace),Configured (v=DMARC1),None,No,https://www.facebook.com/ads/library/?q=Australian%20Nutrition&type=all,https://www.instagram.com/australiannutrition,,,,,"The focus Australian Nutrition puts on clean, effective formulas is exactly what customers need."
Aushadi Ayurveda,aushadiayurveda.com,https://aushadiayurveda.com,Contact,Owner,Aushadi Ayurveda,contact@ayushayurveda.in,,Health & Supplements,85% Confirmed Real,Valid (Google Workspace),Not Configured,None,No,https://www.facebook.com/ads/library/?q=Aushadi%20Ayurveda&type=all,,https://www.facebook.com/tr,,,,"The focus Aushadi Ayurveda puts on clean, effective formulas is exactly what customers need."
Australian Botanical Soap US,australianbotanicalsoap.com,https://australianbotanicalsoap.com,Info,Owner,Australian Botanical Soap US | Premium Australian Made Soaps,info@australianbotanicalsoap.com,,Health & Supplements,100% Confirmed Real,Valid (Microsoft 365),Configured (v=DMARC1),Configured,No,https://www.facebook.com/ads/library/?q=Australian%20Botanical%20Soap%20US&type=all,https://www.instagram.com/australianbotanicalsoapus,https://www.facebook.com/australianbotanicalsoapus,,,,"The focus Australian Botanical Soap US puts on clean, effective formulas is exactly what customers need."
Autoimmune Health & Nutrition,autoimmunehn.com,https://autoimmunehn.com,Primalhn,Owner,Founder / Owner @ Autoimmune Health & Nutrition,primalhn@gmail.com,u003eprimalhn@gmail.com,Health & Supplements,68% Confirmed Real,Valid (Google Workspace),Configured (v=DMARC1),Configured,No,https://www.facebook.com/ads/library/?q=Autoimmune%20Health%20%26%20Nutrition&type=all,https://www.instagram.com/autoimmune.health.nutrition,https://www.facebook.com/tr,https://www.tiktok.com/@autoimmunehn.com,https://x.com/AutoimmuneHN,https://www.linkedin.com/company/primal-health-and-nutrition,"The focus Autoimmune Health & Nutrition puts on clean, effective formulas is exactly what customers need."
Ballard Organic,ballardorganic.com,https://ballardorganic.com,Info,Owner,ballard organic :: everyday luxury skincare,info@ballardorganic.com,hello@ballardorganic.com,Health & Supplements,100% Confirmed Real,Valid (Google Workspace),Configured (v=DMARC1),Configured,No,https://www.facebook.com/ads/library/?q=Ballard%20Organic&type=all,https://www.instagram.com/ballard_organic,https://www.facebook.com/ballardorganic,,,,"The focus Ballard Organic puts on clean, effective formulas is exactly what customers need."
Bathala Scents and Natural Wellness,bathalascents.ca,https://bathalascents.ca,Masudurrony,Info,Bathala Scents and Natural Wellness,masudurrony.info@gmail.com,bathalacanada@gmail.com,Health & Supplements,93% Confirmed Real,Valid (Google Workspace),Configured (v=DMARC1),Configured,No,https://www.facebook.com/ads/library/?q=Bathala%20Scents%20and%20Natural%20Wellness&type=all,https://www.instagram.com/bathalascents,https://www.facebook.com/bathalascents,https://www.tiktok.com/@bathalascents,https://x.com/BathalaScents,,"The focus Bathala Scents and Natural Wellness puts on clean, effective formulas is exactly what customers need."
BC WELLNESS,bc-wellness.com,https://bc-wellness.com,Sales,Owner,BC WELLNESS,sales@bc-wellness.com,,Health & Supplements,100% Confirmed Real,Valid (Google Workspace),Configured (v=DMARC1),None,No,https://www.facebook.com/ads/library/?q=BC%20WELLNESS&type=all,https://www.instagram.com/bcwellness_,https://www.facebook.com/tr,https://www.tiktok.com/@bcwellness_,,,"The focus BC WELLNESS puts on clean, effective formulas is exactly what customers need."
BeautyWellness.ca,beautywellness.ca,https://beautywellness.ca,Info,Owner,BeautyWellness.ca,info@beautywellness.ca,orders@beautywellness.ca,Health & Supplements,100% Confirmed Real,Valid (Host MX),Configured (v=DMARC1),Configured,No,https://www.facebook.com/ads/library/?q=BeautyWellness.ca&type=all,https://www.instagram.com/beautywellness_ca,https://www.facebook.com/beautywellness.ca,,,,"The focus BeautyWellness.ca puts on clean, effective formulas is exactly what customers need."
be-elanutrition.com,be-elanutrition.com,https://be-elanutrition.com,Info,Owner,ELA NUTRITION &ndash; be ela nutrition,info@elanutrition.com.mx,,Health & Supplements,100% Confirmed Real,Valid (Google Workspace),Configured (v=DMARC1),Configured,No,https://www.facebook.com/ads/library/?q=be-elanutrition.com&type=all,https://www.instagram.com/elanutrition,https://www.facebook.com/elanutrition,,,,"The focus be-elanutrition.com puts on clean, effective formulas is exactly what customers need."
Beladoce Botanicals,beladocebotanicals.com,https://beladocebotanicals.com,Hello,Owner,Beladoce Botanicals ®️,hello@beladocebotanicals.com,,Health & Supplements,100% Confirmed Real,Valid (Host MX),Configured (v=DMARC1),Configured,No,https://www.facebook.com/ads/library/?q=Beladoce%20Botanicals&type=all,https://www.instagram.com/shop_beladoce,,https://www.tiktok.com/@shop_beladoce,,,"The focus Beladoce Botanicals puts on clean, effective formulas is exactly what customers need."
Fitness Ropa Deportiva,bfitnessropadeportiva.com,https://bfitnessropadeportiva.com,Bfitnesscompany18,Owner,B-Fitness Ropa Deportiva,bfitnesscompany18@gmail.com,,Health & Supplements,68% Confirmed Real,Valid (Google Workspace),Configured (v=DMARC1),Configured,No,https://www.facebook.com/ads/library/?q=Fitness%20Ropa%20Deportiva&type=all,https://www.instagram.com/bfitnesscomp,https://www.facebook.com/profile.php,,,,"The focus Fitness Ropa Deportiva puts on clean, effective formulas is exactly what customers need."
Bilby Sleep,bilbysleep.com,https://bilbysleep.com,Hello,Owner,Bilby Sleep,hello@bilbysleep.com,,Health & Supplements,100% Confirmed Real,Valid (Google Workspace),Configured (v=DMARC1),Configured,No,https://www.facebook.com/ads/library/?q=Bilby%20Sleep&type=all,https://www.instagram.com/bilbysleep,,,,,"The focus Bilby Sleep puts on clean, effective formulas is exactly what customers need."
Billigfitness.se,billigfitness.se,https://billigfitness.se,Info,Owner,BilligFitness.se → Träning till låga priser!,info@billig-fitness.dk,info@billigfitness.se,Health & Supplements,100% Confirmed Real,Valid (Google Workspace),Configured (v=DMARC1),Configured,No,https://www.facebook.com/ads/library/?q=Billigfitness.se&type=all,https://www.instagram.com/billigfitness.sverige,https://www.facebook.com/billigfitness.se,,,,"The focus Billigfitness.se puts on clean, effective formulas is exactly what customers need."
Biofuture GreenStore,biofuture-greenstore.com,https://biofuture-greenstore.com,Info,Owner,Biofuture GreenStore - 最優質的綠色網上購物平台,info@biofuture-greenstore.com,,Health & Supplements,100% Confirmed Real,Valid (Microsoft 365),Not Configured,Configured,No,https://www.facebook.com/ads/library/?q=Biofuture%20GreenStore&type=all,https://www.instagram.com/biofuturelab,https://www.facebook.com/BiofutureHK,,,,"The focus Biofuture GreenStore puts on clean, effective formulas is exactly what customers need."
Bioguto,bioguto.lt,https://bioguto.lt,Info,Owner,"Maisto papildai | Omega-3, magnis ir kolagenas | Bioguto",info@bioguto.lt,,Health & Supplements,100% Confirmed Real,Valid (Host MX),Configured (v=DMARC1),Configured,No,https://www.facebook.com/ads/library/?q=Bioguto&type=all,https://www.instagram.com/bioguto,https://www.facebook.com/bioguto,,,,"The focus Bioguto puts on clean, effective formulas is exactly what customers need."
Bixa Botanical,bixabotanical.in,https://bixabotanical.in,Care,Owner,Bixa Botanical | Natural Herbal Food Supplement,care@bixabotanical.in,,Health & Supplements,100% Confirmed Real,Valid (Google Workspace),Not Configured,Configured,No,https://www.facebook.com/ads/library/?q=Bixa%20Botanical&type=all,https://www.instagram.com/bixabotanicals,https://www.facebook.com/bixabotanicals,,,,"The focus Bixa Botanical puts on clean, effective formulas is exactly what customers need."
Black Protein Biltong & Jerky,blackprotein.au,https://blackprotein.au,Orders,Owner,American Express,orders@blackprotein.au,,Health & Supplements,100% Confirmed Real,Valid (Microsoft 365),Not Configured,Configured,No,https://www.facebook.com/ads/library/?q=Black%20Protein%20Biltong%20%26%20Jerky&type=all,https://www.instagram.com/blackproteinsnacks,,,,,"The focus Black Protein Biltong & Jerky puts on clean, effective formulas is exactly what customers need."
Blank's Sports Nutrition,blankssportsnutrition.com,https://blankssportsnutrition.com,Support,Owner,Blank&#39;s Sports Nutrition | Hydration &amp; Endurance Fuel for Athletes,support@blankssportsnutrition.com,,Health & Supplements,100% Confirmed Real,Valid (Google Workspace),Configured (v=DMARC1),Configured,No,https://www.facebook.com/ads/library/?q=Blank%27s%20Sports%20Nutrition&type=all,https://www.instagram.com/blanks_sports_nutrition,,,,,"The focus Blank's Sports Nutrition puts on clean, effective formulas is exactly what customers need."
Bodhi Greens,bodhigreens.in,https://bodhigreens.in,Sharmavarun666,Owner,"Bodhi Greens | Plant-Based Food, Wellness &amp; Nutrition India",sharmavarun666@gmail.com,,Health & Supplements,68% Confirmed Real,Valid (Google Workspace),Configured (v=DMARC1),Configured,No,https://www.facebook.com/ads/library/?q=Bodhi%20Greens&type=all,https://www.instagram.com/bodhigreens,https://www.facebook.com/bodhigreens,,,,"The focus Bodhi Greens puts on clean, effective formulas is exactly what customers need."
Weingut Böhm,boehm-rheinhessen.de,https://boehm-rheinhessen.de,Info,Owner,Tradition und Genuss seit 1887 - Weingut Böhm,info@boehm-rheinhessen.de,,Health & Supplements,100% Confirmed Real,Valid (Host MX),Configured (v=DMARC1),Configured,No,https://www.facebook.com/ads/library/?q=Weingut%20B%C3%B6hm&type=all,https://www.instagram.com/boehmbastisch,https://www.facebook.com/boehmbastisch,,,,"The focus Weingut Böhm puts on clean, effective formulas is exactly what customers need."
BONER'S BOTANICALS,bonersbotanicals.com,https://bonersbotanicals.com,Support,Owner,"BONER'S BOTANICALS
      &ndash; BONER&#39;S BOTANICALS",support@bonersbotanicals.com,,Health & Supplements,100% Confirmed Real,Valid (Google Workspace),Configured (v=DMARC1),Configured,No,https://www.facebook.com/ads/library/?q=BONER%27S%20BOTANICALS&type=all,,,https://www.tiktok.com/@bonersbotanicals,,,"The focus BONER'S BOTANICALS puts on clean, effective formulas is exactly what customers need."
Botanical Clothing,botanicalclothing.com,https://botanicalclothing.com,Erika,Owner,Botanical Clothing - Handmade Organic Hemp Clothing,erika@botanicalclothing.com,,Health & Supplements,100% Confirmed Real,Valid (Host MX),Configured (v=DMARC1),Configured,No,https://www.facebook.com/ads/library/?q=Botanical%20Clothing&type=all,https://www.instagram.com/botanical.clothing,,,,,"The focus Botanical Clothing puts on clean, effective formulas is exactly what customers need."
botanicalsfullforce.co.za,botanicalsfullforce.co.za,https://botanicalsfullforce.co.za,Info,Owner,Botanicals FullForce (Pty) Ltd &#8211; Healing Starts in Nature&#8230;,info@botanicalsfullforce.co.za,,Health & Supplements,100% Confirmed Real,Valid (Host MX),Configured (v=DMARC1),Configured,No,https://www.facebook.com/ads/library/?q=botanicalsfullforce.co.za&type=all,https://www.instagram.com/sceletiumfullforce,https://www.facebook.com/botanicals.fullforce,,,,"The focus botanicalsfullforce.co.za puts on clean, effective formulas is exactly what customers need."
Brahmanand Ayurveda,brahmanandayurveda.com,https://brahmanandayurveda.com,Brayurvedapvtltd,Owner,Brahmanand Ayurveda,brayurvedapvtltd@gmail.com,,Health & Supplements,68% Confirmed Real,Valid (Google Workspace),Configured (v=DMARC1),Configured,No,https://www.facebook.com/ads/library/?q=Brahmanand%20Ayurveda&type=all,https://www.instagram.com/brahmanandayurvedapvt.9,,,,,"The focus Brahmanand Ayurveda puts on clean, effective formulas is exactly what customers need."
brightarisenutrition,brightarisenutrition.com,https://brightarisenutrition.com,Info,Owner,Natural and Unique Health Supplements | brightarisenutrition,info@brightarisenutrition.com,,Health & Supplements,100% Confirmed Real,Valid (Google Workspace),Configured (v=DMARC1),None,No,https://www.facebook.com/ads/library/?q=brightarisenutrition&type=all,https://www.instagram.com/brightarise,https://www.facebook.com/profile.php,,,,"The focus brightarisenutrition puts on clean, effective formulas is exactly what customers need."
Brina Organics,brinaorganics.com,https://brinaorganics.com,Brinaorganics,Owner,Brina Organics - Hair Care that&#39;s Organic,brinaorganics@aol.com,,Health & Supplements,100% Confirmed Real,Valid (AOL Mail),Configured (v=DMARC1),Configured,No,https://www.facebook.com/ads/library/?q=Brina%20Organics&type=all,https://www.instagram.com/organichairproducts1,https://www.facebook.com/BrinaOrganics1,https://www.tiktok.com/@brinaorganics,https://x.com/BrinaOrganics,,"The focus Brina Organics puts on clean, effective formulas is exactly what customers need."
Brookside Botanicals,brooksidebotanicals.com,https://brooksidebotanicals.com,Info,Owner,Brookside Botanicals,info@brooksidebotanicals.com,,Health & Supplements,100% Confirmed Real,Valid (Google Workspace),Not Configured,Configured,No,https://www.facebook.com/ads/library/?q=Brookside%20Botanicals&type=all,https://www.instagram.com/pippaprosser,https://www.facebook.com/profile.php,,,https://www.linkedin.com/company/brookside-botanicals,"The focus Brookside Botanicals puts on clean, effective formulas is exactly what customers need."
BulkGear,bulkgearfitness.com,https://bulkgearfitness.com,Bulkgear,Owner,BulkGear Fitness - High-Quality Fitness Apparel at Affordable Price,bulkgear@yahoo.com,,Health & Supplements,63% Confirmed Real,Valid (Yahoo Mail),Configured (v=DMARC1),Configured,No,https://www.facebook.com/ads/library/?q=BulkGear&type=all,https://www.instagram.com/bulkgearfit,,,,,"The focus BulkGear puts on clean, effective formulas is exactly what customers need."
Carnium Botanicals Bulgaria,carniumbotanicals.bg,https://carniumbotanicals.bg,Info,Owner,Carnium Botanicals Bulgaria,info@carniumbotanicals.bg,,Health & Supplements,100% Confirmed Real,Valid (Microsoft 365),Configured (v=DMARC1),Configured,No,https://www.facebook.com/ads/library/?q=Carnium%20Botanicals%20Bulgaria&type=all,https://www.instagram.com/carniumbotanicals_bg,https://www.facebook.com/sharer.php,https://www.tiktok.com/@carniumbotanicals_bg,,,"The focus Carnium Botanicals Bulgaria puts on clean, effective formulas is exactly what customers need."
Celebrate Vitamins,celebratevitamins.com,https://celebratevitamins.com,Success,Owner,Bariatric Vitamins | GLP-1 Vitamins | Celebrate Vitamins,success@celebratevitamins.com,,Health & Supplements,100% Confirmed Real,Valid (Google Workspace),Configured (v=DMARC1),Configured,No,https://www.facebook.com/ads/library/?q=Celebrate%20Vitamins&type=all,https://www.instagram.com/celebratevitamins,https://www.facebook.com/CelebrateVitamins,https://www.tiktok.com/@celebratevitamins,,https://www.linkedin.com/company/celebratevitamins,"The focus Celebrate Vitamins puts on clean, effective formulas is exactly what customers need."
CeliAct Supplements,celiact.com,https://celiact.com,Support,Owner,Founder / Owner @ CeliAct Supplements,support@celiact.com,,Health & Supplements,100% Confirmed Real,Valid (Microsoft 365),Not Configured,Configured,No,https://www.facebook.com/ads/library/?q=CeliAct%20Supplements&type=all,,https://www.facebook.com/CeliActSupplements,,https://x.com/CeliAct,,"The focus CeliAct Supplements puts on clean, effective formulas is exactly what customers need."
Cheeky Herbs,cheekyherbsbotanical.com,https://cheekyherbsbotanical.com,Cheekyherbsco,Owner,The Pure Luxury of Plant-Based Beauty  &ndash; Cheeky Herbs,cheekyherbsco@gmail.com,,Health & Supplements,68% Confirmed Real,Valid (Google Workspace),Configured (v=DMARC1),Configured,No,https://www.facebook.com/ads/library/?q=Cheeky%20Herbs&type=all,https://www.instagram.com/cheeky_herbs,https://www.facebook.com/cheeky.herbs.botanical,https://www.tiktok.com/@cheekyherbs,,,"The focus Cheeky Herbs puts on clean, effective formulas is exactly what customers need."
Circle Organics,circleorganics.co,https://circleorganics.co,Customersupport,Owner,Circle Organics: Gummies for Everyday Wellness,customersupport@circleorganics.co,,Health & Supplements,100% Confirmed Real,Valid (Google Workspace),Configured (v=DMARC1),Configured,No,https://www.facebook.com/ads/library/?q=Circle%20Organics&type=all,https://www.instagram.com/circle.organics,https://www.facebook.com/circleorganicswellness,https://www.tiktok.com/@circle.organics,https://x.com/Circle_Organics,,"The focus Circle Organics puts on clean, effective formulas is exactly what customers need."
Citadel Nutrition,citadelnutrition.com,https://citadelnutrition.com,Info,Owner,Citadel Nutrition,info@citadelnutrition.com,,Health & Supplements,98% Confirmed Real,Valid (Host MX),Not Configured,Configured,No,https://www.facebook.com/ads/library/?q=Citadel%20Nutrition&type=all,https://www.instagram.com/citadelnutrition,https://www.facebook.com/citadelnutrition,,https://x.com/citadelnut,,"The focus Citadel Nutrition puts on clean, effective formulas is exactly what customers need."
COCO SENSE,cocosenseorganic.com,https://cocosenseorganic.com,Cocosenseorganic,Owner,COCO SENSE ORGANIC,cocosenseorganic@gmail.com,,Health & Supplements,100% Confirmed Real,Valid (Google Workspace),Configured (v=DMARC1),Configured,No,https://www.facebook.com/ads/library/?q=COCO%20SENSE&type=all,https://www.instagram.com/cocosenseorganic,https://www.facebook.com/profile.php,https://www.tiktok.com/@cocosenseorganic,,,"The focus COCO SENSE puts on clean, effective formulas is exactly what customers need."
Collagenica,collagenicapro.com,https://collagenicapro.com,Support,Owner,Collagenica,support@collagenicapro.com,,Health & Supplements,100% Confirmed Real,Valid (Host MX),Configured (v=DMARC1),Configured,No,https://www.facebook.com/ads/library/?q=Collagenica&type=all,,,,,,"The focus Collagenica puts on clean, effective formulas is exactly what customers need."
Cozy Cloud Store,cozycloudsleep.store,https://cozycloudsleep.store,Thammanoon,Pj,CCS,thammanoon.pj@gmail.com,,Health & Supplements,100% Confirmed Real,Valid (Google Workspace),Configured (v=DMARC1),Configured,No,https://www.facebook.com/ads/library/?q=Cozy%20Cloud%20Store&type=all,,,,,,"The focus Cozy Cloud Store puts on clean, effective formulas is exactly what customers need."
Crux Nutrition,crux-nutrition.co.uk,https://crux-nutrition.co.uk,Sales,Owner,Crux Nutrition - Recovery Gels for Sport,sales@crux-nutrition.co.uk,,Health & Supplements,100% Confirmed Real,Valid (Host MX),Configured (v=DMARC1),Configured,No,https://www.facebook.com/ads/library/?q=Crux%20Nutrition&type=all,https://www.instagram.com/crux.nutrition,https://www.facebook.com/profile.php,,,,"The focus Crux Nutrition puts on clean, effective formulas is exactly what customers need."
Dark Star Supplements,darkstarsupplements.shop,https://darkstarsupplements.shop,Darkstarfitness,Owner,Dark Star Supplements,darkstarfitness@outlook.com,,Health & Supplements,68% Confirmed Real,Valid (Microsoft 365),Configured (v=DMARC1),Configured,No,https://www.facebook.com/ads/library/?q=Dark%20Star%20Supplements&type=all,,,,,,"The focus Dark Star Supplements puts on clean, effective formulas is exactly what customers need."
Earthsenseorganics,earthsenseorganics.com,https://earthsenseorganics.com,Hello,Owner,American Express,hello@earthsenseorganics.com,,Health & Supplements,100% Confirmed Real,Valid (Zoho Mail),Configured (v=DMARC1),Configured,No,https://www.facebook.com/ads/library/?q=Earthsenseorganics&type=all,https://www.instagram.com/earthsenseorganic,https://www.facebook.com/earthsenseorganics,,,,"The focus Earthsenseorganics puts on clean, effective formulas is exactly what customers need."
Gabrielle Guthrie,gabrielleguthrie.com,https://gabrielleguthrie.com,Hi,Owner,Gabrielle Guthrie,hi@gabrielleguthrie.com,,Health & Supplements,100% Confirmed Real,Valid (Google Workspace),Configured (v=DMARC1),Configured,No,https://www.facebook.com/ads/library/?q=Gabrielle%20Guthrie&type=all,https://www.instagram.com/gabrielleguthrie,,https://www.tiktok.com/@gabrielleguthrie,,,"The focus Gabrielle Guthrie puts on clean, effective formulas is exactly what customers need."
GLOBAL SPORTS & NUTRITION,globalsports-nutrition.com,https://globalsports-nutrition.com,Goingkonno,Owner,GLOBAL SPORTS &amp; NUTRITION - ダイエット・睡眠・仕事パフォーマンスの悩みを解決する信頼のサプリメント,goingkonno@icloud.com,,Health & Supplements,63% Confirmed Real,Valid (Apple iCloud),Configured (v=DMARC1),Configured,No,https://www.facebook.com/ads/library/?q=GLOBAL%20SPORTS%20%26%20NUTRITION&type=all,https://www.instagram.com/globalsports_nutrition,,,,,"The focus GLOBAL SPORTS & NUTRITION puts on clean, effective formulas is exactly what customers need."
Good.All Protein,goodallprotein.com,https://goodallprotein.com,Info,Owner,Good.All Protein,info@goodall.store,,Health & Supplements,88% Confirmed Real,Valid (Google Workspace),Not Configured,Configured,No,https://www.facebook.com/ads/library/?q=Good.All%20Protein&type=all,https://www.instagram.com/good.all.protein,https://www.facebook.com/good.all.protein,,,,"The focus Good.All Protein puts on clean, effective formulas is exactly what customers need."
Goodsleep,goodsleep.sg,https://goodsleep.sg,Hello,Owner,Goodsleep,hello@goodsleep.sg,,Health & Supplements,100% Confirmed Real,Valid (Host MX),Configured (v=DMARC1),Configured,No,https://www.facebook.com/ads/library/?q=Goodsleep&type=all,https://www.instagram.com/goodsleepsg,https://www.facebook.com/GoodSleepSg,https://www.tiktok.com/@sg.goodsleep,,,"The focus Goodsleep puts on clean, effective formulas is exactly what customers need."
US Wellness Meats,grasslandbeef.com,https://grasslandbeef.com,Eathealthy,Owner,Grass-Fed &amp; Pasture-Raised Meat Delivery | US Wellness Meats,eathealthy@grasslandbeef.com,,Health & Supplements,100% Confirmed Real,Valid (Microsoft 365),Configured (v=DMARC1),Configured,No,https://www.facebook.com/ads/library/?q=US%20Wellness%20Meats&type=all,https://www.instagram.com/uswellnessmeats,https://www.facebook.com/UsWellnessMeats,,https://x.com/USWellnessMeats,https://www.linkedin.com/company/us-wellness-meats,"The focus US Wellness Meats puts on clean, effective formulas is exactly what customers need."
Green Smart s,greensmarthomes.ie,https://greensmarthomes.ie,Sankar,Owner,Green Smart Homes,sankar@greensmarthomes.ie,,Health & Supplements,98% Confirmed Real,Valid (Host MX),Not Configured,Configured,No,https://www.facebook.com/ads/library/?q=Green%20Smart%20s&type=all,,,,,,"The focus Green Smart s puts on clean, effective formulas is exactly what customers need."
GREENS,greens.com.ng,https://greens.com.ng,Hello,Owner,Greens | Simply Better Food,hello@greens.com.ng,,Health & Supplements,100% Confirmed Real,Valid (Google Workspace),Configured (v=DMARC1),Configured,No,https://www.facebook.com/ads/library/?q=GREENS&type=all,https://www.instagram.com/greensnigeria,https://www.facebook.com/greensnigeria,https://www.tiktok.com/@greensnigeria,,,"The focus GREENS puts on clean, effective formulas is exactly what customers need."
Grovya Organics,grovyaorganics.com,https://grovyaorganics.com,Info,Owner,Grovya Organics,info@grovyaorganics.com,,Health & Supplements,100% Confirmed Real,Valid (Host MX),Configured (v=DMARC1),Configured,No,https://www.facebook.com/ads/library/?q=Grovya%20Organics&type=all,https://www.instagram.com/grovyaorganics,https://www.facebook.com/grovyaorganicss,,,,"The focus Grovya Organics puts on clean, effective formulas is exactly what customers need."
Gut Drült,gut-druelt.de,https://gut-druelt.de,Verwaltung,Owner,Gut Drült - Nachhaltige Landwirftschaft in Stoltebüll,verwaltung@gut-druelt.de,,Health & Supplements,98% Confirmed Real,Valid (Host MX),Not Configured,Configured,No,https://www.facebook.com/ads/library/?q=Gut%20Dr%C3%BClt&type=all,https://www.instagram.com/gutdruelt,https://www.facebook.com/Gut-Drült-106753631110328,,,,"The focus Gut Drült puts on clean, effective formulas is exactly what customers need."
Gustogreen,gustogreensnacks.com,https://gustogreensnacks.com,Sales,Owner,Gustogreen,sales@agrirose.com,sales@gustogreensnacks.com,Health & Supplements,100% Confirmed Real,Valid (Host MX),Configured (v=DMARC1),Configured,No,https://www.facebook.com/ads/library/?q=Gustogreen&type=all,,,,,,"The focus Gustogreen puts on clean, effective formulas is exactly what customers need."
Halonutrition,halonutrition.co.uk,https://halonutrition.co.uk,Info,Owner,Halonutrition,info@halonutrition.co.uk,,Health & Supplements,100% Confirmed Real,Valid (Zoho Mail),Configured (v=DMARC1),Configured,No,https://www.facebook.com/ads/library/?q=Halonutrition&type=all,,,,,,"The focus Halonutrition puts on clean, effective formulas is exactly what customers need."
Havoc,havocfitness.shop,https://havocfitness.shop,Havoc,Fitness,Havoc Fitness,havoc.fitness.llc@gmail.com,,Health & Supplements,68% Confirmed Real,Valid (Google Workspace),Configured (v=DMARC1),Configured,No,https://www.facebook.com/ads/library/?q=Havoc&type=all,,,,,,"The focus Havoc puts on clean, effective formulas is exactly what customers need."
Healthical Wellness Brand,healthical.com,https://healthical.com,Hello,Owner,Healthical Wellness Brand,hello@healthical.com,,Health & Supplements,100% Confirmed Real,Valid (Microsoft 365),Configured (v=DMARC1),Configured,No,https://www.facebook.com/ads/library/?q=Healthical%20Wellness%20Brand&type=all,https://www.instagram.com/healthicalwellness,https://www.facebook.com/tr,,,,"The focus Healthical Wellness Brand puts on clean, effective formulas is exactly what customers need."
HerbalErnährung,herbalernahrung.com,https://herbalernahrung.com,Informaconmj,Owner,American Express,informaconmj@gmail.com,nformaconmj@gmail.com,Health & Supplements,100% Confirmed Real,Valid (Google Workspace),Configured (v=DMARC1),Configured,No,https://www.facebook.com/ads/library/?q=HerbalErn%C3%A4hrung&type=all,,,,,,"The focus HerbalErnährung puts on clean, effective formulas is exactly what customers need."
Herbalshotz,herbalshotz.com,https://herbalshotz.com,Herbalshotz,Owner,"Buy Premium Kratom &amp; Kava Shots -Top Quality,Fast Shipping-Herbalshotz",herbalshotz@gmail.com,,Health & Supplements,100% Confirmed Real,Valid (Google Workspace),Configured (v=DMARC1),Configured,No,https://www.facebook.com/ads/library/?q=Herbalshotz&type=all,https://www.instagram.com/herbal_shotz,,,,,"The focus Herbalshotz puts on clean, effective formulas is exactly what customers need."
Herbal Mansion,herbalmansion.com,https://herbalmansion.com,Sales,Owner,Founder / Owner @ Herbal Mansion,sales@herbalmansion.com,herbalmansion@gmail.com,Health & Supplements,100% Confirmed Real,Valid (Host MX),Configured (v=DMARC1),Configured,No,https://www.facebook.com/ads/library/?q=Herbal%20Mansion&type=all,,,,,,"The focus Herbal Mansion puts on clean, effective formulas is exactly what customers need."
Herbal Holistic Wellness,herbalholisticwellness.com,https://herbalholisticwellness.com,Info,Owner,Founder / Owner @ Herbal Holistic Wellness,info@herbalholisticwellness.com,,Health & Supplements,100% Confirmed Real,Valid (Google Workspace),Configured (v=DMARC1),Configured,No,https://www.facebook.com/ads/library/?q=Herbal%20Holistic%20Wellness&type=all,https://www.instagram.com/minyantheherbalist,https://www.facebook.com/minyan.murphy.98,https://www.tiktok.com/@minyantheherbalist,,,"The focus Herbal Holistic Wellness puts on clean, effective formulas is exactly what customers need."
Herbal Cure,herbalcure.shop,https://herbalcure.shop,Info,Herbalcureofficial,Best Herbal Products for Health &amp; Wellness - Herbal Cure,info.herbalcureofficial@gmail.com,,Health & Supplements,100% Confirmed Real,Valid (Google Workspace),Configured (v=DMARC1),Configured,No,https://www.facebook.com/ads/library/?q=Herbal%20Cure&type=all,https://www.instagram.com/herbalcureshop,https://www.facebook.com/tr,,,,"The focus Herbal Cure puts on clean, effective formulas is exactly what customers need."
Herbal Revelations,herbalrevelations.com,https://herbalrevelations.com,Contact,Owner,Herbal Revelations,contact@herbalrevelations.com,,Health & Supplements,100% Confirmed Real,Valid (Microsoft 365),Not Configured,Configured,No,https://www.facebook.com/ads/library/?q=Herbal%20Revelations&type=all,,,,,,"The focus Herbal Revelations puts on clean, effective formulas is exactly what customers need."
Hooray Wellness,hooraywellness.com,https://hooraywellness.com,Hello,Owner,American Express,hello@hooraywellness.com,,Health & Supplements,100% Confirmed Real,Valid (Google Workspace),Not Configured,Configured,No,https://www.facebook.com/ads/library/?q=Hooray%20Wellness&type=all,https://www.instagram.com/hooraywellness,,,,,"The focus Hooray Wellness puts on clean, effective formulas is exactly what customers need."
INATUR HERBALS,inatur.in,https://inatur.in,Customercare,Owner,Founder / Owner @ INATUR HERBALS,customercare@inatur.in,,Health & Supplements,100% Confirmed Real,Valid (Google Workspace),Not Configured,Configured,No,https://www.facebook.com/ads/library/?q=INATUR%20HERBALS&type=all,https://www.instagram.com/inatur.herbals,https://www.facebook.com/Inaturbeauty,,https://x.com/inaturherbals,https://www.linkedin.com/company/inatur-herbals,"The focus INATUR HERBALS puts on clean, effective formulas is exactly what customers need."
Inflamade® Wellness,inflamade.com,https://inflamade.com,Info,Owner,Visa,info@inflamade.com,,Health & Supplements,100% Confirmed Real,Valid (Google Workspace),Configured (v=DMARC1),None,No,https://www.facebook.com/ads/library/?q=Inflamade%C2%AE%20Wellness&type=all,https://www.instagram.com/inflamade,https://www.facebook.com/inflamade,,https://x.com/inflamade,,"The focus Inflamade® Wellness puts on clean, effective formulas is exactly what customers need."
Innersense Organic Beauty,innersensebeauty.com,https://innersensebeauty.com,Hello,Owner,"Innersense Organic Beauty
 &ndash; Innersense Organic Beauty Inc",hello@innersensebeauty.com,,Health & Supplements,100% Confirmed Real,Valid (Google Workspace),Configured (v=DMARC1),Configured,No,https://www.facebook.com/ads/library/?q=Innersense%20Organic%20Beauty&type=all,https://www.instagram.com/innersenseorganicbeauty,https://www.facebook.com/InnersenseOrganic,,,https://www.linkedin.com/company/innersense-organic-beauty,"The focus Innersense Organic Beauty puts on clean, effective formulas is exactly what customers need."
123superfoods,123superfoods.nl,https://123superfoods.nl,Info,Owner,123superfoods.nl,info@123superfoods.nl,,Health & Supplements,100% Confirmed Real,Valid (Host MX),Configured (v=DMARC1),Configured,No,https://www.facebook.com/ads/library/?q=123superfoods&type=all,https://www.instagram.com/123superfoods,https://www.facebook.com/123Superfoods,,,,"The focus 123superfoods puts on clean, effective formulas is exactly what customers need."
3 Baristas Coffee Roasters,3baristasorganic.com,https://3baristasorganic.com,Organic3baristascoffee,Owner,3 Baristas Coffee Roasters,organic3baristascoffee@yahoo.com,,Health & Supplements,63% Confirmed Real,Valid (Yahoo Mail),Configured (v=DMARC1),Configured,No,https://www.facebook.com/ads/library/?q=3%20Baristas%20Coffee%20Roasters&type=all,,,,,,"The focus 3 Baristas Coffee Roasters puts on clean, effective formulas is exactly what customers need."
3keys Nutrition,3keysnutrition.com,https://3keysnutrition.com,Info,Owner,"3keys Nutrition | Kosttillskott, Sötningsmedel &amp; Hälsosamma Desserter",info@3keysnutrition.com,,Health & Supplements,100% Confirmed Real,Valid (Google Workspace),Configured (v=DMARC1),Configured,No,https://www.facebook.com/ads/library/?q=3keys%20Nutrition&type=all,https://www.instagram.com/3keysnutrition,https://www.facebook.com/profile.php,,,,"The focus 3keys Nutrition puts on clean, effective formulas is exactly what customers need."
Abaci,abaciorganic.com,https://abaciorganic.com,Customercare,Owner,Abaci Organic | Luxury Organic Lip Care,customercare@abaciorganic.com,,Health & Supplements,100% Confirmed Real,Valid (Google Workspace),Not Configured,Configured,No,https://www.facebook.com/ads/library/?q=Abaci&type=all,https://www.instagram.com/abaciorganic,https://www.facebook.com/AbaciOrganic,,,,"The focus Abaci puts on clean, effective formulas is exactly what customers need."
Ma boutique,accefitness.com,https://accefitness.com,Contact,Owner,Ma boutique,contact@accefitness.com,,Health & Supplements,100% Confirmed Real,Valid (Host MX),Configured (v=DMARC1),Configured,No,https://www.facebook.com/ads/library/?q=Ma%20boutique&type=all,,,,,,"The focus Ma boutique puts on clean, effective formulas is exactly what customers need."
Adorn Organics,adorn-organics.com,https://adorn-organics.com,Info,Owner,Adorn Organics,info@adorn-organics.com,,Health & Supplements,100% Confirmed Real,Valid (Google Workspace),Configured (v=DMARC1),None,No,https://www.facebook.com/ads/library/?q=Adorn%20Organics&type=all,https://www.instagram.com/adorn_organics,https://www.facebook.com/profile.php,https://www.tiktok.com/@adorn_organics,,,"The focus Adorn Organics puts on clean, effective formulas is exactly what customers need."
Ageless Proteins,agelessproteins.com,https://agelessproteins.com,Diana,Owner,Ageless Proteins: Premium Protein Blends for Adults Over 40,diana@agelessproteins.com,,Health & Supplements,100% Confirmed Real,Valid (Microsoft 365),Configured (v=DMARC1),Configured,No,https://www.facebook.com/ads/library/?q=Ageless%20Proteins&type=all,https://www.instagram.com/agelessproteins,https://www.facebook.com/agelessproteins,https://www.tiktok.com/@agelessproteins,https://x.com/AgelessProteins,,"The focus Ageless Proteins puts on clean, effective formulas is exactly what customers need."
Agrizen Microgreens,agrizenmicrogreens.com,https://agrizenmicrogreens.com,Sales,Owner,Agrizen Microgreens,sales@agrizenmicrogreens.com,,Health & Supplements,100% Confirmed Real,Valid (Google Workspace),Configured (v=DMARC1),Configured,No,https://www.facebook.com/ads/library/?q=Agrizen%20Microgreens&type=all,https://www.instagram.com/agrizengreens,https://www.facebook.com/profile.php,,,,"The focus Agrizen Microgreens puts on clean, effective formulas is exactly what customers need."
A Good Night Sleep,agoodnightsleep.com.au,https://agoodnightsleep.com.au,Hello,Owner,Say Hello to Silky Hair with 100% Mulberry Silk – A Good Night Sleep,hello@agoodnightsleep.com.au,,Health & Supplements,100% Confirmed Real,Valid (Microsoft 365),Configured (v=DMARC1),Configured,No,https://www.facebook.com/ads/library/?q=A%20Good%20Night%20Sleep&type=all,https://www.instagram.com/agoodnightsleep.au,https://www.facebook.com/agoodnightsleep.au,https://www.tiktok.com/@agoodnightsleep.au,,,"The focus A Good Night Sleep puts on clean, effective formulas is exactly what customers need."
ahuvanaturalorganics.com,ahuvanaturalorganics.com,https://ahuvanaturalorganics.com,Sallyu,Owner,Menu icon,sallyu@ahuvanaturalorganics.com,,Health & Supplements,100% Confirmed Real,Valid (Microsoft 365),Not Configured,Configured,No,https://www.facebook.com/ads/library/?q=ahuvanaturalorganics.com&type=all,,https://www.facebook.com/shopify,,,,"The focus ahuvanaturalorganics.com puts on clean, effective formulas is exactly what customers need."
All Things Fitness,allthingsfitness1.com,https://allthingsfitness1.com,Support,Owner,All Things Fitness,support@allthingsfitness1.com,,Health & Supplements,100% Confirmed Real,Valid (Google Workspace),Not Configured,Configured,No,https://www.facebook.com/ads/library/?q=All%20Things%20Fitness&type=all,,,,,,"The focus All Things Fitness puts on clean, effective formulas is exactly what customers need."
Alpha Nutrition,alphanutrition.ca,https://alphanutrition.ca,Info,Owner,Alpha Nutrition | Wellness &amp; Sports Supplements,info@alphanutrition.ca,,Health & Supplements,100% Confirmed Real,Valid (Zoho Mail),Configured (v=DMARC1),Configured,No,https://www.facebook.com/ads/library/?q=Alpha%20Nutrition&type=all,,,,,,"The focus Alpha Nutrition puts on clean, effective formulas is exactly what customers need."
Altitude Supplements,altitudesupps.com.au,https://altitudesupps.com.au,Altitudeperth,Info,Altitude Supplements | Perth-Based | Australia-Wide Shipping,altitudeperth.info@altitudesupps.com.au,,Health & Supplements,100% Confirmed Real,Valid (Microsoft 365),Not Configured,Configured,No,https://www.facebook.com/ads/library/?q=Altitude%20Supplements&type=all,https://www.instagram.com/altitude_supplements,https://www.facebook.com/tr,https://www.tiktok.com/@altitude_supplements,,,"The focus Altitude Supplements puts on clean, effective formulas is exactly what customers need."
Alternative Natural Wellness,alternativenaturalwellness.com,https://alternativenaturalwellness.com,Info,Owner,Alternative Natural Wellness,info@alternativenaturalwellness.com,,Health & Supplements,98% Confirmed Real,Valid (Host MX),Not Configured,Configured,No,https://www.facebook.com/ads/library/?q=Alternative%20Natural%20Wellness&type=all,,,,,,"The focus Alternative Natural Wellness puts on clean, effective formulas is exactly what customers need."
Apex Recovery & Wellness,apexrecoverywellness.com,https://apexrecoverywellness.com,Support,Owner,"Apex Recovery & Wellness
 &ndash; Apex Recovery &amp; Wellness",support@apexrecoverywellness.com,,Health & Supplements,100% Confirmed Real,Valid (Google Workspace),Not Configured,None,No,https://www.facebook.com/ads/library/?q=Apex%20Recovery%20%26%20Wellness&type=all,,,,,,"The focus Apex Recovery & Wellness puts on clean, effective formulas is exactly what customers need."
apple & bee botanical skincare,appleandbeebotanicalskincare.com,https://appleandbeebotanicalskincare.com,Hello,Owner,American Express,hello@appleandbeebotanicalskincare.com,,Health & Supplements,100% Confirmed Real,Valid (Host MX),Configured (v=DMARC1),Configured,No,https://www.facebook.com/ads/library/?q=apple%20%26%20bee%20botanical%20skincare&type=all,https://www.instagram.com/appleandbeebotanicals,https://www.facebook.com/profile.php,,,,"The focus apple & bee botanical skincare puts on clean, effective formulas is exactly what customers need."
Applied Nutrition,appliednutrition.com,https://appliednutrition.com,Info,Owner,Applied Nutrition | Take Control of Your Health,info@appliednutrition.com,"questions@irwinnaturals.com, intinfo@irwinnaturals.com",Health & Supplements,100% Confirmed Real,Valid (Host MX),Not Configured,Configured,No,https://www.facebook.com/ads/library/?q=Applied%20Nutrition&type=all,https://www.instagram.com/appliednutrition_usa,https://www.facebook.com/AppliedNutritionUSA,,,,"The focus Applied Nutrition puts on clean, effective formulas is exactly what customers need."
Arctic Fox Wellness,arcticfoxwellness.com,https://arcticfoxwellness.com,Info,Owner,Arctic Fox Migraine Relief Products &ndash; Arctic Fox Wellness,info@arcticfoxwellness.com,,Health & Supplements,100% Confirmed Real,Valid (Host MX),Not Configured,Configured,No,https://www.facebook.com/ads/library/?q=Arctic%20Fox%20Wellness&type=all,https://www.instagram.com/arcticfoxwellness,,,,,"The focus Arctic Fox Wellness puts on clean, effective formulas is exactly what customers need."
Aroxfitness Germany,aroxfitness.de,https://aroxfitness.de,Support,Owner,"Aroxfitness.de
 &ndash; Aroxfitness Germany",support@aroxfitness.com,,Health & Supplements,100% Confirmed Real,Valid (Google Workspace),Configured (v=DMARC1),Configured,No,https://www.facebook.com/ads/library/?q=Aroxfitness%20Germany&type=all,https://www.instagram.com/aroxfitness,https://www.facebook.com/AroxFitness,,,,"The focus Aroxfitness Germany puts on clean, effective formulas is exactly what customers need."
artosuperfoods.com,artosuperfoods.com,https://artosuperfoods.com,Info,Owner,Arto Superfoods,info@artosuperfoods.com,,Health & Supplements,100% Confirmed Real,Valid (Zoho Mail),Configured (v=DMARC1),Configured,No,https://www.facebook.com/ads/library/?q=artosuperfoods.com&type=all,https://www.instagram.com/shopify,https://www.facebook.com/shopify,,,,"The focus artosuperfoods.com puts on clean, effective formulas is exactly what customers need."
Ascention Beauty - Wellness Clean Cruelty-Free Vegan Perfume,ascentionparfums.com,https://ascentionparfums.com,Hello,Owner,Founder / Owner @ Ascention Beauty - Wellness Clean Cruelty-Free Vegan Perfume,hello@ascentionparfums.com,hello@ascentionparfums.com.we,Health & Supplements,100% Confirmed Real,Valid (Google Workspace),Configured (v=DMARC1),Configured,No,https://www.facebook.com/ads/library/?q=Ascention%20Beauty%20-%20Wellness%20Clean%20Cruelty-Free%20Vegan%20Perfume&type=all,https://www.instagram.com/ascentionparfums,https://www.facebook.com/ascentionbeautyco,https://www.tiktok.com/@ascentionparfums,,,"The focus Ascention Beauty - Wellness Clean Cruelty-Free Vegan Perfume puts on clean, effective formulas is exactly what customers need."
Aura Nutrition,auranutrition.com,https://auranutrition.com,Info,Owner,Aura Nutrition | 100% Natural Nutrition Supplements,info@auranutrition.com,"ecom-swiper@11.css, ecom-swiper@11.0.5.js",Health & Supplements,100% Confirmed Real,Valid (Microsoft 365),Configured (v=DMARC1),Configured,No,https://www.facebook.com/ads/library/?q=Aura%20Nutrition&type=all,https://www.instagram.com/auranutrition_uk,,,,,"The focus Aura Nutrition puts on clean, effective formulas is exactly what customers need."
Authentic,authenticorganics.com,https://authenticorganics.com,Info,Owner,Founder / Owner @ Authentic,info@authenticorganics.com,,Health & Supplements,100% Confirmed Real,Valid (Microsoft 365),Configured (v=DMARC1),Configured,No,https://www.facebook.com/ads/library/?q=Authentic&type=all,https://www.instagram.com/authentichemp,https://www.facebook.com/authentichempco,,,,"The focus Authentic puts on clean, effective formulas is exactly what customers need."
AVILA Organic,avilaorganic.com,https://avilaorganic.com,Info,Owner,AVILA Organic Home page,info@avilaorganic.com,,Health & Supplements,100% Confirmed Real,Valid (Google Workspace),Configured (v=DMARC1),Configured,No,https://www.facebook.com/ads/library/?q=AVILA%20Organic&type=all,https://www.instagram.com/avilaorganic,https://www.facebook.com/Avila-Organic-133550857345986,,https://x.com/avilaorganic,,"The focus AVILA Organic puts on clean, effective formulas is exactly what customers need."
American Wellness Authority,awarlt.com,https://awarlt.com,Contact,Owner,Red Light Therapy Devices for Home Use | FSA/HSA Eligible | AWA,contact@awarlt.com,,Health & Supplements,100% Confirmed Real,Valid (Google Workspace),Configured (v=DMARC1),Configured,No,https://www.facebook.com/ads/library/?q=American%20Wellness%20Authority&type=all,https://www.instagram.com/americanwellnessauthority,https://www.facebook.com/americanwellnessauthority,,https://x.com/awastore_us,,"The focus American Wellness Authority puts on clean, effective formulas is exactly what customers need."
Avya,avyaorganicsindia.com,https://avyaorganicsindia.com,Avyashopifydevelopment,Owner,Avya,avyashopifydevelopment@gmail.com,,Health & Supplements,68% Confirmed Real,Valid (Google Workspace),Configured (v=DMARC1),Configured,No,https://www.facebook.com/ads/library/?q=Avya&type=all,https://www.instagram.com/thecoconutlove,https://www.facebook.com/avyaorganic,,,,"The focus Avya puts on clean, effective formulas is exactly what customers need."
BeautiSleep,beautisleep.co,https://beautisleep.co,Beautisleepco,Owner,BeautiSleep,beautisleepco@gmail.com,,Health & Supplements,100% Confirmed Real,Valid (Google Workspace),Configured (v=DMARC1),Configured,No,https://www.facebook.com/ads/library/?q=BeautiSleep&type=all,https://www.instagram.com/BeautiSleepCo,,https://www.tiktok.com/@beautisleepco,,,"The focus BeautiSleep puts on clean, effective formulas is exactly what customers need."
BeeLovelyBotanicals,beelovelybotanicals.com,https://beelovelybotanicals.com,Jodie,Owner,American Express,jodie@beelovelybotanicals.com,,Health & Supplements,100% Confirmed Real,Valid (Microsoft 365),Configured (v=DMARC1),Configured,No,https://www.facebook.com/ads/library/?q=BeeLovelyBotanicals&type=all,https://www.instagram.com/beelovelybotanicals,https://www.facebook.com/beelovelybotanicals,https://www.tiktok.com/@beelovelybotanicals,,,"The focus BeeLovelyBotanicals puts on clean, effective formulas is exactly what customers need."
Dog Supplement – BetterPet.co.nz,betterpet.co.nz,https://betterpet.co.nz,Admin,Owner,Founder / Owner @ Dog Supplement – BetterPet.co.nz,admin@betterpet.co.nz,,Health & Supplements,100% Confirmed Real,Valid (Microsoft 365),Configured (v=DMARC1),Configured,No,https://www.facebook.com/ads/library/?q=Dog%20Supplement%20%E2%80%93%20BetterPet.co.nz&type=all,,,,,,"The focus Dog Supplement – BetterPet.co.nz puts on clean, effective formulas is exactly what customers need."
BeVitamins,bevitamins.pk,https://bevitamins.pk,Bevitamins1,Owner,BeVitamins -Authentic Vitamins in Pakistan,bevitamins1@gmail.com,,Health & Supplements,100% Confirmed Real,Valid (Google Workspace),Configured (v=DMARC1),Configured,No,https://www.facebook.com/ads/library/?q=BeVitamins&type=all,https://www.instagram.com/bevitamins2,https://www.facebook.com/tr,,,,"The focus BeVitamins puts on clean, effective formulas is exactly what customers need."
BEVERLEE BOTANICALS,beverleebotanicals.com,https://beverleebotanicals.com,Hello,Owner,"Experience Premium Holistic Wellness &amp; Beauty
&ndash; BEVERLEE BOTANICALS",hello@beverleebotanicals.com,,Health & Supplements,100% Confirmed Real,Valid (Microsoft 365),Configured (v=DMARC1),Configured,No,https://www.facebook.com/ads/library/?q=BEVERLEE%20BOTANICALS&type=all,https://www.instagram.com/beverlee_botanicals,https://www.facebook.com/carolynn.felkner,,https://x.com/BEVERLEEBOTANI1,,"The focus BEVERLEE BOTANICALS puts on clean, effective formulas is exactly what customers need."
Beyond Vitamins,beyondvitamins.mx,https://beyondvitamins.mx,Clientes,Owner,"Beyond Vitamins — Suplementos con pruebas, no promesas",clientes@beyondvitamins.mx,,Health & Supplements,100% Confirmed Real,Valid (Google Workspace),Configured (v=DMARC1),Configured,No,https://www.facebook.com/ads/library/?q=Beyond%20Vitamins&type=all,https://www.instagram.com/beyondvitamins,,,,,"The focus Beyond Vitamins puts on clean, effective formulas is exactly what customers need."
Design Supplements,bio-design.com,https://bio-design.com,Customerservice,Owner,Health Supplements Online Store | Bio-Design Supplements,customerservice@bio-design.com,,Health & Supplements,100% Confirmed Real,Valid (Microsoft 365),Not Configured,Configured,No,https://www.facebook.com/ads/library/?q=Design%20Supplements&type=all,https://www.instagram.com/biodesignsupplements,https://www.facebook.com/BioDesignSupplements,,,,"The focus Design Supplements puts on clean, effective formulas is exactly what customers need."
Boba Nutrition,bobanutrition.co,https://bobanutrition.co,Info,Owner,Infi x Boba Tea Protein Powder | Boba Nutrition,info@bobanutrition.co,info@bobanutrion.co,Health & Supplements,100% Confirmed Real,Valid (Google Workspace),Configured (v=DMARC1),Configured,No,https://www.facebook.com/ads/library/?q=Boba%20Nutrition&type=all,https://www.instagram.com/boba.nutrition,https://www.facebook.com/bobanutrition,,,,"The focus Boba Nutrition puts on clean, effective formulas is exactly what customers need."
BODYWAR FITNESS,bodywarfitness.com,https://bodywarfitness.com,Help,Owner,Men&#39;s and Woman&#39;s Fitness Apparel and Accessories,help@bodywarfitness.com,,Health & Supplements,100% Confirmed Real,Valid (Microsoft 365),Not Configured,Configured,No,https://www.facebook.com/ads/library/?q=BODYWAR%20FITNESS&type=all,https://www.instagram.com/bodywar.fitness,,,,,"The focus BODYWAR FITNESS puts on clean, effective formulas is exactly what customers need."
Botanical Companions,botanicalcompanions.com,https://botanicalcompanions.com,Heather,Owner,American Express,heather@botanicalcompanions.com,,Health & Supplements,100% Confirmed Real,Valid (Google Workspace),Configured (v=DMARC1),None,No,https://www.facebook.com/ads/library/?q=Botanical%20Companions&type=all,https://www.instagram.com/botanicalcompanions,https://www.facebook.com/botanicalcompanions,,,,"The focus Botanical Companions puts on clean, effective formulas is exactly what customers need."
B-POWER PROTEIN,bpowerprotein.com,https://bpowerprotein.com,Info,Owner,Buffalo Whey Protein | The first and only 100% Italian buffalo whey!,info@bpowerprotein.it,,Health & Supplements,100% Confirmed Real,Valid (Microsoft 365),Configured (v=DMARC1),Configured,No,https://www.facebook.com/ads/library/?q=B-POWER%20PROTEIN&type=all,https://www.instagram.com/bpowerbuffalowheyprotein,https://www.facebook.com/bpowerprotein,,,,"The focus B-POWER PROTEIN puts on clean, effective formulas is exactly what customers need."
Coco Orgánico Nz,cocoorganico.nz,https://cocoorganico.nz,Hello,Owner,Afterpay,hello@cocoorganico.nz,,Health & Supplements,100% Confirmed Real,Valid (Zoho Mail),Not Configured,Configured,No,https://www.facebook.com/ads/library/?q=Coco%20Org%C3%A1nico%20Nz&type=all,https://www.instagram.com/coco_newzealand,,https://www.tiktok.com/@coco.organico.nz,,,"The focus Coco Orgánico Nz puts on clean, effective formulas is exactly what customers need."
COLLAGENIC,collagenic.mx,https://collagenic.mx,Hola,Owner,COLLAGENIC | La marca experta en Colágeno para tu Piel,hola@miind.mx,,Health & Supplements,100% Confirmed Real,Valid (Microsoft 365),Configured (v=DMARC1),Configured,No,https://www.facebook.com/ads/library/?q=COLLAGENIC&type=all,https://www.instagram.com/collagenic_mexico,https://www.facebook.com/SoyCollagenic,https://www.tiktok.com/@collagenicmx,,,"The focus COLLAGENIC puts on clean, effective formulas is exactly what customers need."
Commercial Fitness,commercialfitness.ca,https://commercialfitness.ca,Commercial,Owner,Commercial Fitness,commercial@treadmillfactory.ca,,Health & Supplements,100% Confirmed Real,Valid (Microsoft 365),Configured (v=DMARC1),Configured,No,https://www.facebook.com/ads/library/?q=Commercial%20Fitness&type=all,https://www.instagram.com/tf_canada,https://www.facebook.com/TreadmillFactory,,,,"The focus Commercial Fitness puts on clean, effective formulas is exactly what customers need."
CROPS HEALTH INC.,cropsnutrition.com,https://cropsnutrition.com,Info,Owner,"cropsnutrition.com
 &ndash; CROPS HEALTH INC.",info@cropsnutrition.com,,Health & Supplements,100% Confirmed Real,Valid (Google Workspace),Not Configured,Configured,No,https://www.facebook.com/ads/library/?q=CROPS%20HEALTH%20INC.&type=all,,,,,,"The focus CROPS HEALTH INC. puts on clean, effective formulas is exactly what customers need."
Cubegreens,cubegreens.se,https://cubegreens.se,Info,Owner,Cubegreens - Kvartersodlar,info@cubegreens.se,namn@exempel.se,Health & Supplements,100% Confirmed Real,Valid (Host MX),Configured (v=DMARC1),Configured,No,https://www.facebook.com/ads/library/?q=Cubegreens&type=all,https://www.instagram.com/cubegreens,https://www.facebook.com/cubegreens,,,,"The focus Cubegreens puts on clean, effective formulas is exactly what customers need."
CUBEsleep,cubesleep.de,https://cubesleep.de,Service,Owner,CUBEsleep Lattenroste: Perfekter Schlafkomfort,service@cubesleep.de,,Health & Supplements,100% Confirmed Real,Valid (Microsoft 365),Configured (v=DMARC1),Configured,No,https://www.facebook.com/ads/library/?q=CUBEsleep&type=all,,,,,,"The focus CUBEsleep puts on clean, effective formulas is exactly what customers need."
Cypress Sleeper Barrels,cypresssleeperbarrels.ca,https://cypresssleeperbarrels.ca,Calvinguyen,Owner,Cypress Sleeper Barrels,calvinguyen@me.com,,Health & Supplements,100% Confirmed Real,Valid (Apple iCloud),Configured (v=DMARC1),Configured,No,https://www.facebook.com/ads/library/?q=Cypress%20Sleeper%20Barrels&type=all,https://www.instagram.com/cypress.sleeper.barrels,https://www.facebook.com/cypresssleeperbarrels,,,,"The focus Cypress Sleeper Barrels puts on clean, effective formulas is exactly what customers need."
DNA NUTIRION,dnanutrition.it,https://dnanutrition.it,Dnanutrition,Owner,DNA Nutrition | Integrazione Alimentare E Sportiva &ndash; DNA NUTIRION,dnanutrition@virgilio.it,,Health & Supplements,100% Confirmed Real,Valid (Host MX),Configured (v=DMARC1),Configured,No,https://www.facebook.com/ads/library/?q=DNA%20NUTIRION&type=all,https://www.instagram.com/dna.nutrition.potenza,https://www.facebook.com/dnanutritionpotenza,,,,"The focus DNA NUTIRION puts on clean, effective formulas is exactly what customers need."
Dr. Paws – Asia's #1 Pet Supplements,doctor-paws.com,https://doctor-paws.com,Hello,Owner,American Express,hello@doctor-paws.com,,Health & Supplements,100% Confirmed Real,Valid (Google Workspace),Not Configured,Configured,No,https://www.facebook.com/ads/library/?q=Dr.%20Paws%20%E2%80%93%20Asia%27s%20%231%20Pet%20Supplements&type=all,https://www.instagram.com/bydrpaws,https://www.facebook.com/bydrpaws,https://www.tiktok.com/@bydrpaws,,,"The focus Dr. Paws – Asia's #1 Pet Supplements puts on clean, effective formulas is exactly what customers need."
Dr. Fitz Nutrition,drfitznutrition.com,https://drfitznutrition.com,Support,Owner,Dr. Fitz Nutrition,support@drfitznutrition.com,,Health & Supplements,100% Confirmed Real,Valid (Google Workspace),Configured (v=DMARC1),Configured,No,https://www.facebook.com/ads/library/?q=Dr.%20Fitz%20Nutrition&type=all,https://www.instagram.com/drfitznutrition,https://www.facebook.com/DrFitzNutrition,https://www.tiktok.com/@drfitzmaurice,,https://www.linkedin.com/company/drfitznutrition,"The focus Dr. Fitz Nutrition puts on clean, effective formulas is exactly what customers need."
DRY Botanical Bubbly,drinkdry.com,https://drinkdry.com,Info,Owner,"DRY Soda
      
      
       &ndash; DRY Botanical Bubbly",info@drysoda.com,,Health & Supplements,93% Confirmed Real,Valid (Microsoft 365),Configured (v=DMARC1),Configured,No,https://www.facebook.com/ads/library/?q=DRY%20Botanical%20Bubbly&type=all,https://www.instagram.com/drysoda,https://www.facebook.com/drysoda,,https://x.com/drysoda,,"The focus DRY Botanical Bubbly puts on clean, effective formulas is exactly what customers need."
Gusto Organic Ltd,drinkgusto.uk,https://drinkgusto.uk,William,Owner,"Shop - Gusto Organic Drinks
&ndash; Gusto Organic Ltd",william@drinkgusto.com,shop@drinkgusto.com,Health & Supplements,100% Confirmed Real,Valid (Google Workspace),Not Configured,Configured,No,https://www.facebook.com/ads/library/?q=Gusto%20Organic%20Ltd&type=all,https://www.instagram.com/gustoorganic,https://www.facebook.com/GustoOrganic,,https://x.com/gustoorganic,,"The focus Gusto Organic Ltd puts on clean, effective formulas is exactly what customers need."
Sleep Spray,drsprays.com,https://drsprays.com,Info,Owner,American Express,info@spraylabs.com,,Health & Supplements,88% Confirmed Real,Valid (Microsoft 365),Not Configured,Configured,No,https://www.facebook.com/ads/library/?q=Sleep%20Spray&type=all,https://www.instagram.com/drsprays,https://www.facebook.com/drsprays,,,,"The focus Sleep Spray puts on clean, effective formulas is exactly what customers need."
Dynamic & Deep Wellness,dynamicdeepwellness.com,https://dynamicdeepwellness.com,Support,Owner,"Dynamic & Deep Wellness
 &ndash; Dynamic &amp; Deep Wellness",support@dynamicdeepwellness.com,,Health & Supplements,100% Confirmed Real,Valid (Google Workspace),Configured (v=DMARC1),None,No,https://www.facebook.com/ads/library/?q=Dynamic%20%26%20Deep%20Wellness&type=all,,,,,,"The focus Dynamic & Deep Wellness puts on clean, effective formulas is exactly what customers need."
Einztein Nutrition,einzteinutrition.com,https://einzteinutrition.com,Einztein,Nutrition,Einztein Nutrition,einztein.nutrition@hotmail.com,su-email@ejemplo.com,Health & Supplements,100% Confirmed Real,Valid (Microsoft 365),Configured (v=DMARC1),Configured,No,https://www.facebook.com/ads/library/?q=Einztein%20Nutrition&type=all,https://www.instagram.com/einztein.nutrition,,https://www.tiktok.com/@einztein.nutrition,,,"The focus Einztein Nutrition puts on clean, effective formulas is exactly what customers need."
Eliani Wellness,elianiwellness.com,https://elianiwellness.com,Lucy,Owner,Eliani Wellness,lucy@elianiwellness.com,,Health & Supplements,100% Confirmed Real,Valid (Google Workspace),Configured (v=DMARC1),Configured,No,https://www.facebook.com/ads/library/?q=Eliani%20Wellness&type=all,https://www.instagram.com/lucyspearls,https://www.facebook.com/lucyspearls,https://www.tiktok.com/@lucys.pearls,,,"The focus Eliani Wellness puts on clean, effective formulas is exactly what customers need."
Ayuram Herbals,aayuram.com,https://aayuram.com,Info,Owner,"Ayuram Herbals
 &ndash; ayuramherbals",info@aayuram.com,,Health & Supplements,100% Confirmed Real,Valid (Microsoft 365),Configured (v=DMARC1),Configured,No,https://www.facebook.com/ads/library/?q=Ayuram%20Herbals&type=all,https://www.instagram.com/ayuramherbal,https://www.facebook.com/tr,,,,"The focus Ayuram Herbals puts on clean, effective formulas is exactly what customers need."
Aartha Organics,aartha.ie,https://aartha.ie,Ana,Owner,American Express,ana@aartha.ie,,Health & Supplements,98% Confirmed Real,Valid (Host MX),Not Configured,Configured,No,https://www.facebook.com/ads/library/?q=Aartha%20Organics&type=all,https://www.instagram.com/aartha_organics,,,,,"The focus Aartha Organics puts on clean, effective formulas is exactly what customers need."
Weingut Adeneuer,adeneuer.de,https://adeneuer.de,Weingut,Owner,Founder / Owner @ Weingut Adeneuer,weingut@adeneuer.de,"ihre@email.de, andere@email.de",Health & Supplements,100% Confirmed Real,Valid (Microsoft 365),Not Configured,Configured,No,https://www.facebook.com/ads/library/?q=Weingut%20Adeneuer&type=all,,,,,,"The focus Weingut Adeneuer puts on clean, effective formulas is exactly what customers need."
Algon Ltd,algonorganics.co.uk,https://algonorganics.co.uk,Info,Owner,Algon Ltd,info@algonorganics.co.uk,,Health & Supplements,100% Confirmed Real,Valid (Google Workspace),Configured (v=DMARC1),Configured,No,https://www.facebook.com/ads/library/?q=Algon%20Ltd&type=all,https://www.instagram.com/algon_organic,https://www.facebook.com/algonorganic,,https://x.com/algonorganic,,"The focus Algon Ltd puts on clean, effective formulas is exactly what customers need."
Amea Wellness,ameawellness.com,https://ameawellness.com,Ameawellness,Owner,Amea Wellness,ameawellness@gmail.com,,Health & Supplements,100% Confirmed Real,Valid (Google Workspace),Configured (v=DMARC1),Configured,No,https://www.facebook.com/ads/library/?q=Amea%20Wellness&type=all,,https://www.facebook.com/tr,,,,"The focus Amea Wellness puts on clean, effective formulas is exactly what customers need."
American Muscle,americanmusclenutrition.net,https://americanmusclenutrition.net,Americanmuscleprotein,Owner,American Muscle,americanmuscleprotein@gmail.com,,Health & Supplements,100% Confirmed Real,Valid (Google Workspace),Configured (v=DMARC1),Configured,No,https://www.facebook.com/ads/library/?q=American%20Muscle&type=all,,,,,,"The focus American Muscle puts on clean, effective formulas is exactly what customers need."
Anand herbal oil,anandherbaloil.com,https://anandherbaloil.com,Anandherbaloil,Owner,Founder / Owner @ Anand herbal oil,anandherbaloil@gmail.com,,Health & Supplements,100% Confirmed Real,Valid (Google Workspace),Configured (v=DMARC1),Configured,No,https://www.facebook.com/ads/library/?q=Anand%20herbal%20oil&type=all,https://www.instagram.com/anandherbaloil,https://www.facebook.com/people,,,,"The focus Anand herbal oil puts on clean, effective formulas is exactly what customers need."
ANTIQUE AYURVEDA PRIVATE LIMITED,antiqueayurveda.in,https://antiqueayurveda.in,Info,Owner,COD King OTP,info@antiqueayurveda.in,,Health & Supplements,100% Confirmed Real,Valid (Google Workspace),Not Configured,Configured,No,https://www.facebook.com/ads/library/?q=ANTIQUE%20AYURVEDA%20PRIVATE%20LIMITED&type=all,https://www.instagram.com/antiqueayurveda_official,https://www.facebook.com/people,,,,"The focus ANTIQUE AYURVEDA PRIVATE LIMITED puts on clean, effective formulas is exactly what customers need."
Applied Nutrition Spain,appliednutrition.es,https://appliednutrition.es,Appliedespana,Owner,Applied Nutrition Spain,appliedespana@lastonred.com,,Health & Supplements,63% Confirmed Real,Valid (Host MX),Configured (v=DMARC1),Configured,No,https://www.facebook.com/ads/library/?q=Applied%20Nutrition%20Spain&type=all,,,,,,"The focus Applied Nutrition Spain puts on clean, effective formulas is exactly what customers need."
At Home Organics,athomeorganics.com,https://athomeorganics.com,Athomeorganicsllc,Owner,At Home Organics &ndash; At Home Organics,athomeorganicsllc@gmail.com,,Health & Supplements,100% Confirmed Real,Valid (Google Workspace),Configured (v=DMARC1),Configured,No,https://www.facebook.com/ads/library/?q=At%20Home%20Organics&type=all,https://www.instagram.com/athomeorganics,https://www.facebook.com/athomeorganics,,,,"The focus At Home Organics puts on clean, effective formulas is exactly what customers need."
Aura Wellness House,aurawellnesshouse.com,https://aurawellnesshouse.com,Support,Owner,Aura Wellness House,support@aurawellnesshouse.com,,Health & Supplements,100% Confirmed Real,Valid (Google Workspace),Configured (v=DMARC1),None,No,https://www.facebook.com/ads/library/?q=Aura%20Wellness%20House&type=all,,,,,,"The focus Aura Wellness House puts on clean, effective formulas is exactly what customers need."
Aura Nutrition DE,auranutrition.de,https://auranutrition.de,Info,Owner,Founder / Owner @ Aura Nutrition DE,info@auranutrition.de,"ecom-swiper@11.css, ecom-swiper@11.0.5.js",Health & Supplements,98% Confirmed Real,Valid (Host MX),Not Configured,Configured,No,https://www.facebook.com/ads/library/?q=Aura%20Nutrition%20DE&type=all,,https://www.facebook.com/profile.php,,,,"The focus Aura Nutrition DE puts on clean, effective formulas is exactly what customers need."
Aurora Prime Nutrition,auroraprimenutrition.com,https://auroraprimenutrition.com,Coach,Owner,Aurora Prime Nutrition,coach@auroraathletics.us,,Health & Supplements,58% Confirmed Real,Valid (Host MX),Not Configured,Configured,No,https://www.facebook.com/ads/library/?q=Aurora%20Prime%20Nutrition&type=all,,,,,,"The focus Aurora Prime Nutrition puts on clean, effective formulas is exactly what customers need."
Avimee Herbal,avimeeherbal.ca,https://avimeeherbal.ca,Support,Owner,Avimee Herbal,support@avimeeherbal.ca,,Health & Supplements,100% Confirmed Real,Valid (Google Workspace),Not Configured,None,No,https://www.facebook.com/ads/library/?q=Avimee%20Herbal&type=all,,,,,,"The focus Avimee Herbal puts on clean, effective formulas is exactly what customers need."
Barrabup Organics,barrabuporganics.com.au,https://barrabuporganics.com.au,Info,Owner,Barrabup Organics,info@barrabuporganics.com.au,,Health & Supplements,100% Confirmed Real,Valid (Google Workspace),Not Configured,Configured,No,https://www.facebook.com/ads/library/?q=Barrabup%20Organics&type=all,https://www.instagram.com/barrabuporganics,https://www.facebook.com/barrabuporganics,,,,"The focus Barrabup Organics puts on clean, effective formulas is exactly what customers need."
Basil Supplements,basilsupplements.com,https://basilsupplements.com,Ray,Owner,Basil Supplements,ray@basilsupplements.com,,Health & Supplements,100% Confirmed Real,Valid (Google Workspace),Not Configured,Configured,No,https://www.facebook.com/ads/library/?q=Basil%20Supplements&type=all,https://www.instagram.com/basilsupplements,,https://www.tiktok.com/@basilsupplements,,,"The focus Basil Supplements puts on clean, effective formulas is exactly what customers need."
Basiq Sleep,basiqsleep.nl,https://basiqsleep.nl,Info,Owner,Basiq Sleep - Jouw ultieme nachtrust begint hier,info@basiqsleep.nl,,Health & Supplements,100% Confirmed Real,Valid (Microsoft 365),Configured (v=DMARC1),Configured,No,https://www.facebook.com/ads/library/?q=Basiq%20Sleep&type=all,https://www.instagram.com/basiq_sleep,https://www.facebook.com/BasiqSleepNL,,,,"The focus Basiq Sleep puts on clean, effective formulas is exactly what customers need."
Bee Chi Organic Apothecary,beechiorganics.com,https://beechiorganics.com,Www,Info,Bee Chi Organic Apothecary,www.info@beechiorganics.com,,Health & Supplements,100% Confirmed Real,Valid (Microsoft 365),Not Configured,Configured,No,https://www.facebook.com/ads/library/?q=Bee%20Chi%20Organic%20Apothecary&type=all,https://www.instagram.com/be.qi.apothecary,https://www.facebook.com/Beechiorganics,,,,"The focus Bee Chi Organic Apothecary puts on clean, effective formulas is exactly what customers need."
Bencaoherbalist– Běncǎo herbalist,bencaoherbalist.com,https://bencaoherbalist.com,Info,Owner,"Bencaoherbalist
&ndash; Běncǎo herbalist",info@bencaoherbalist.com,,Health & Supplements,100% Confirmed Real,Valid (Google Workspace),Not Configured,Configured,No,https://www.facebook.com/ads/library/?q=Bencaoherbalist%E2%80%93%20B%C4%9Bnc%C7%8Eo%20herbalist&type=all,https://www.instagram.com/bencaoherbalist,https://www.facebook.com/profile.php,,,,"The focus Bencaoherbalist– Běncǎo herbalist puts on clean, effective formulas is exactly what customers need."
BE VITAMINS,bevitaminsusa.com,https://bevitaminsusa.com,Bevivitamin45,Owner,Be Vitamins &ndash; BE VITAMINS,bevivitamin45@gmail.com,bevitamins45@gmail.com,Health & Supplements,68% Confirmed Real,Valid (Google Workspace),Configured (v=DMARC1),Configured,No,https://www.facebook.com/ads/library/?q=BE%20VITAMINS&type=all,https://www.instagram.com/bevitaminsusa,https://www.facebook.com/Bevitaminsusa,,,,"The focus BE VITAMINS puts on clean, effective formulas is exactly what customers need."
Bisha Herbals,bishaherbals.com,https://bishaherbals.com,Hello,Owner,Bisha Herbals where nature meets beauty,hello@bishaherbals.com,,Health & Supplements,100% Confirmed Real,Valid (Microsoft 365),Configured (v=DMARC1),Configured,No,https://www.facebook.com/ads/library/?q=Bisha%20Herbals&type=all,https://www.instagram.com/bishaherbalsandbeyond,,,,,"The focus Bisha Herbals puts on clean, effective formulas is exactly what customers need."
Blackfern Botanical,blackfern.co.nz,https://blackfern.co.nz,Rory,Owner,"Blackfern botanical
 &ndash; Blackfern Botanical",rory@blackfern.co.nz,,Health & Supplements,100% Confirmed Real,Valid (Google Workspace),Not Configured,Configured,No,https://www.facebook.com/ads/library/?q=Blackfern%20Botanical&type=all,https://www.instagram.com/blackfernbotanical,https://www.facebook.com/blackfernbotanical,,,,"The focus Blackfern Botanical puts on clean, effective formulas is exactly what customers need."
Blitz Nutrition,blitzbar.co,https://blitzbar.co,Team,Owner,Founder / Owner @ Blitz Nutrition,team@blitzbar.co,"help@blitzbar.co, collab@blitzbar.co",Health & Supplements,100% Confirmed Real,Valid (Google Workspace),Configured (v=DMARC1),None,No,https://www.facebook.com/ads/library/?q=Blitz%20Nutrition&type=all,https://www.instagram.com/blitzbar.co,https://www.facebook.com/blitzbar.co,https://www.tiktok.com/@blitz.bar,,,"The focus Blitz Nutrition puts on clean, effective formulas is exactly what customers need."
Blossomflow Wellness,blossomflowshop.org,https://blossomflowshop.org,Support,Owner,Blossomflow Wellness,support@blossomflowshop.org,,Health & Supplements,100% Confirmed Real,Valid (Host MX),Configured (v=DMARC1),Configured,No,https://www.facebook.com/ads/library/?q=Blossomflow%20Wellness&type=all,https://www.instagram.com/shopify,https://www.facebook.com/shopify,https://www.tiktok.com/@shopify,https://x.com/shopify,,"The focus Blossomflow Wellness puts on clean, effective formulas is exactly what customers need."
bluetreebotanicals.com,bluetreebotanicals.com,https://bluetreebotanicals.com,Hello,Owner,"Nature is our partner
 &ndash; Bluetree Botanicals",hello@bluetreebotanicals.com,,Health & Supplements,100% Confirmed Real,Valid (Microsoft 365),Not Configured,Configured,No,https://www.facebook.com/ads/library/?q=bluetreebotanicals.com&type=all,,,,,,"The focus bluetreebotanicals.com puts on clean, effective formulas is exactly what customers need."
Bombshell,bombshellcollagen.co.za,https://bombshellcollagen.co.za,Hello,Owner,Bombshell | Best Rated Collagen in SA | Buy Online,hello@bombshellcollagen.co.za,,Health & Supplements,100% Confirmed Real,Valid (Microsoft 365),Configured (v=DMARC1),Configured,No,https://www.facebook.com/ads/library/?q=Bombshell&type=all,https://www.instagram.com/bombshellcollagensa,https://www.facebook.com/Bombshellcollagen,,,,"The focus Bombshell puts on clean, effective formulas is exactly what customers need."
BORN TO RUN,borntorundogsuperfood.com,https://borntorundogsuperfood.com,Hello,Owner,Close Thin Icon,hello@borntorundogsuperfood.com,,Health & Supplements,100% Confirmed Real,Valid (Google Workspace),Not Configured,Configured,No,https://www.facebook.com/ads/library/?q=BORN%20TO%20RUN&type=all,https://www.instagram.com/borntorundogs,https://www.facebook.com/borntorundogs,,,,"The focus BORN TO RUN puts on clean, effective formulas is exactly what customers need."
Botanica La Marina,botanicalamarina.com,https://botanicalamarina.com,Botanicalamarina,Owner,"BOTANICA LA MARINA
&ndash; Botanica La Marina",botanicalamarina@gmail.com,,Health & Supplements,100% Confirmed Real,Valid (Google Workspace),Configured (v=DMARC1),Configured,No,https://www.facebook.com/ads/library/?q=Botanica%20La%20Marina&type=all,,,,,,"The focus Botanica La Marina puts on clean, effective formulas is exactly what customers need."
Brave Organic,braveorganic.com,https://braveorganic.com,Hello,Owner,Brave Organic Nutrition,hello@braveorganic.com,,Health & Supplements,100% Confirmed Real,Valid (Host MX),Configured (v=DMARC1),Configured,No,https://www.facebook.com/ads/library/?q=Brave%20Organic&type=all,,,,,,"The focus Brave Organic puts on clean, effective formulas is exactly what customers need."
Broad Peak Wellness,broadpeakwellness.com,https://broadpeakwellness.com,Support,Owner,Broad Peak Wellness,support@broadpeakwellness.com,,Health & Supplements,100% Confirmed Real,Valid (Google Workspace),Configured (v=DMARC1),None,No,https://www.facebook.com/ads/library/?q=Broad%20Peak%20Wellness&type=all,,,,,,"The focus Broad Peak Wellness puts on clean, effective formulas is exactly what customers need."
Bube Botanicals,bubebotanicals.com,https://bubebotanicals.com,Info,Owner,Bube Botanicals – Cosmética Vegana Natural y Sostenible,info@bubebotanicals.com,,Health & Supplements,98% Confirmed Real,Valid (Host MX),Not Configured,Configured,No,https://www.facebook.com/ads/library/?q=Bube%20Botanicals&type=all,,,,,,"The focus Bube Botanicals puts on clean, effective formulas is exactly what customers need."
Camelot's Nutrition,camelotsnutrition.com,https://camelotsnutrition.com,Support,Owner,Camelot's Nutrition &ndash; Camelot&#39;s Nutrition,support@camelotsnutrition.com,,Health & Supplements,100% Confirmed Real,Valid (Host MX),Configured (v=DMARC1),Configured,No,https://www.facebook.com/ads/library/?q=Camelot%27s%20Nutrition&type=all,,,,,,"The focus Camelot's Nutrition puts on clean, effective formulas is exactly what customers need."
Cannaflywellness.com,cannaflywellness.com,https://cannaflywellness.com,Fly,Owner,Cannafly Wellness: Buy CBD Oil CBD Gummies,fly@cannafly.in,,Health & Supplements,63% Confirmed Real,Valid (Host MX),Configured (v=DMARC1),Configured,No,https://www.facebook.com/ads/library/?q=Cannaflywellness.com&type=all,https://www.instagram.com/cannaflywellness,https://www.facebook.com/cannaflywellness,,,,"The focus Cannaflywellness.com puts on clean, effective formulas is exactly what customers need."
Carefast® | Simply Clean Nutrition,carefast.com,https://carefast.com,Office,Admin,American Express,office.admin@carefast.com,,Health & Supplements,100% Confirmed Real,Valid (Host MX),Configured (v=DMARC1),Configured,No,https://www.facebook.com/ads/library/?q=Carefast%C2%AE%20%7C%20Simply%20Clean%20Nutrition&type=all,https://www.instagram.com/carefast_products,https://www.facebook.com/CarefastProducts,,,,"The focus Carefast® | Simply Clean Nutrition puts on clean, effective formulas is exactly what customers need."
Carolina Botanical Development,carolinabotanical.com,https://carolinabotanical.com,Info,Owner,Custom Product Development &amp; Manufacturing | Carolina Botanical,info@carolinabotanical.com,,Health & Supplements,100% Confirmed Real,Valid (Google Workspace),Configured (v=DMARC1),Configured,No,https://www.facebook.com/ads/library/?q=Carolina%20Botanical%20Development&type=all,,,,,,"The focus Carolina Botanical Development puts on clean, effective formulas is exactly what customers need."
Carnium Botanicals Deutschland,carniumbotanicals.de,https://carniumbotanicals.de,Info,Owner,Carnium Botanicals Deutschland,info@carniumbotanicals.de,,Health & Supplements,100% Confirmed Real,Valid (Microsoft 365),Configured (v=DMARC1),Configured,No,https://www.facebook.com/ads/library/?q=Carnium%20Botanicals%20Deutschland&type=all,https://www.instagram.com/carniumbotanicals_de,https://www.facebook.com/sharer.php,,,,"The focus Carnium Botanicals Deutschland puts on clean, effective formulas is exactly what customers need."
Team Core-Tex,coretexfitness.com,https://coretexfitness.com,Info,Owner,Core-Tex Reactive Training,info@coretexfitness.com,,Health & Supplements,100% Confirmed Real,Valid (Host MX),Configured (v=DMARC1),Configured,No,https://www.facebook.com/ads/library/?q=Team%20Core-Tex&type=all,https://www.instagram.com/reactive_training,https://www.facebook.com/the.CoreTex,,https://x.com/CoreTex_Fitness,,"The focus Team Core-Tex puts on clean, effective formulas is exactly what customers need."
Curly's Sports & Supplements,curlys.ca,https://curlys.ca,Dwayne,Owner,"Curly&#39;s Sports and Supplements
&ndash; Curly&#39;s Sports &amp; Supplements",dwayne@curlys.ca,,Health & Supplements,100% Confirmed Real,Valid (Google Workspace),Configured (v=DMARC1),Configured,No,https://www.facebook.com/ads/library/?q=Curly%27s%20Sports%20%26%20Supplements&type=all,,,,,,"The focus Curly's Sports & Supplements puts on clean, effective formulas is exactly what customers need."
Darsa Organics,darsa-organics.com,https://darsa-organics.com,Info,Owner,Darsa Organics- Better Food for Better Living,info@darsa-organics.com,,Health & Supplements,100% Confirmed Real,Valid (Google Workspace),Not Configured,Configured,No,https://www.facebook.com/ads/library/?q=Darsa%20Organics&type=all,https://www.instagram.com/darsa.organics,https://www.facebook.com/tr,,,,"The focus Darsa Organics puts on clean, effective formulas is exactly what customers need."
der gute Heinrich,derguteheinrich.com,https://derguteheinrich.com,Office,Owner,der gute Heinrich - Klassik &amp; Nostalgie,office@derguteheinrich.com,,Health & Supplements,100% Confirmed Real,Valid (Host MX),Configured (v=DMARC1),Configured,No,https://www.facebook.com/ads/library/?q=der%20gute%20Heinrich&type=all,https://www.instagram.com/der_gute_heinrich,https://www.facebook.com/schenkenundwohnen,,,,"The focus der gute Heinrich puts on clean, effective formulas is exactly what customers need."
Dew Health & Wellness,dewhealthandwellness.com,https://dewhealthandwellness.com,Hello,Owner,Dew Health &amp; Wellness | Where Sweat Meets Self-Expression,hello@dewhealthandwellness.com,,Health & Supplements,100% Confirmed Real,Valid (Google Workspace),Not Configured,None,No,https://www.facebook.com/ads/library/?q=Dew%20Health%20%26%20Wellness&type=all,https://www.instagram.com/dew.health.wellness,,,,,"The focus Dew Health & Wellness puts on clean, effective formulas is exactly what customers need."
Dharma Wellness Equipment,dharmawellnessequipment.com,https://dharmawellnessequipment.com,Info,Owner,Menu icon,info@dharmawellnessequipment.com,,Health & Supplements,100% Confirmed Real,Valid (Google Workspace),Configured (v=DMARC1),None,No,https://www.facebook.com/ads/library/?q=Dharma%20Wellness%20Equipment&type=all,,,,,,"The focus Dharma Wellness Equipment puts on clean, effective formulas is exactly what customers need."
Dr. Dave's Herbal Medicine,drdaves.com,https://drdaves.com,Stacy,Owner,American Express,stacy@drdaves.com,,Health & Supplements,100% Confirmed Real,Valid (Google Workspace),Configured (v=DMARC1),Configured,No,https://www.facebook.com/ads/library/?q=Dr.%20Dave%27s%20Herbal%20Medicine&type=all,,https://www.facebook.com/drdavesherbal,,,,"The focus Dr. Dave's Herbal Medicine puts on clean, effective formulas is exactly what customers need."
2k Nutrition,2knutrition.it,https://2knutrition.it,Info,Owner,HOME | 2K Nutrition,info@2knutrition.it,esempio@ilmiosito.com,Health & Supplements,100% Confirmed Real,Valid (Host MX),Not Configured,Configured,No,https://www.facebook.com/ads/library/?q=2k%20Nutrition&type=all,,,,,,"The focus 2k Nutrition puts on clean, effective formulas is exactly what customers need."
African Greens,africangreens.com,https://africangreens.com,Shereensaleh48,Owner,African Greens,shereensaleh48@gmail.com,,Health & Supplements,100% Confirmed Real,Valid (Google Workspace),Configured (v=DMARC1),Configured,No,https://www.facebook.com/ads/library/?q=African%20Greens&type=all,https://www.instagram.com/african.greens,,,,,"The focus African Greens puts on clean, effective formulas is exactly what customers need."
AJOMED Cosmetics and Wellness,ajomedcosmetics.com,https://ajomedcosmetics.com,Info,Owner,American Express,info@ajomedcosmetics.com,,Health & Supplements,100% Confirmed Real,Valid (Host MX),Configured (v=DMARC1),Configured,No,https://www.facebook.com/ads/library/?q=AJOMED%20Cosmetics%20and%20Wellness&type=all,https://www.instagram.com/ajomedcosmetics_wellness,https://www.facebook.com/ajomedcosmetics,,,,"The focus AJOMED Cosmetics and Wellness puts on clean, effective formulas is exactly what customers need."
Align-Sleep,align-sleep.com.au,https://align-sleep.com.au,Alignsleepshop,Owner,"align-sleep.com.au
 &ndash; Align-Sleep",alignsleepshop@gmail.com,,Health & Supplements,93% Confirmed Real,Valid (Google Workspace),Configured (v=DMARC1),Configured,No,https://www.facebook.com/ads/library/?q=Align-Sleep&type=all,https://www.instagram.com/alignsleep_shop,https://www.facebook.com/profile.php,,,,"The focus Align-Sleep puts on clean, effective formulas is exactly what customers need."
All Pro Nutrition LLC,allpronut.com,https://allpronut.com,Allpronut,Owner,All Pro Nutrition LLC,allpronut@aol.com,,Health & Supplements,100% Confirmed Real,Valid (AOL Mail),Configured (v=DMARC1),Configured,No,https://www.facebook.com/ads/library/?q=All%20Pro%20Nutrition%20LLC&type=all,,,,,,"The focus All Pro Nutrition LLC puts on clean, effective formulas is exactly what customers need."
All Star Nutrition TX,allstarnutritiontx.com,https://allstarnutritiontx.com,Info,Owner,All Star Nutrition TX,info@allstarnutritiontx.com,,Health & Supplements,100% Confirmed Real,Valid (Google Workspace),Configured (v=DMARC1),Configured,No,https://www.facebook.com/ads/library/?q=All%20Star%20Nutrition%20TX&type=all,https://www.instagram.com/allstarnutritionharlingen,https://www.facebook.com/allstarnutritionharlingen,,,,"The focus All Star Nutrition TX puts on clean, effective formulas is exactly what customers need."
ALOE NUTRITION OFICIAL,aloenutrition.com.br,https://aloenutrition.com.br,Aloe,Nutrition,Aloe Nutrition,aloe.nutrition.oficial@gmail.com,,Health & Supplements,100% Confirmed Real,Valid (Google Workspace),Configured (v=DMARC1),Configured,No,https://www.facebook.com/ads/library/?q=ALOE%20NUTRITION%20OFICIAL&type=all,https://www.instagram.com/aloe.nutrition,https://www.facebook.com/tr,,,,"The focus ALOE NUTRITION OFICIAL puts on clean, effective formulas is exactly what customers need."
Alpha Phlyte Nutrition,alphaphlytenutrition.com,https://alphaphlytenutrition.com,Alphaphlytenutrition,John,Alpha Phlyte Nutrition | Alpha Phlyte Nutrition Official,alphaphlytenutrition.john@gmail.com,,Health & Supplements,100% Confirmed Real,Valid (Google Workspace),Configured (v=DMARC1),Configured,No,https://www.facebook.com/ads/library/?q=Alpha%20Phlyte%20Nutrition&type=all,https://www.instagram.com/alpha_phlyte_nutrition,,,,,"The focus Alpha Phlyte Nutrition puts on clean, effective formulas is exactly what customers need."
AlphaLiftsFitness,alphaliftsfitness.com,https://alphaliftsfitness.com,Support,Owner,"AlphaLiftsFTS
 &ndash; AlphaLiftsFitness",support@alphaliftsfitness.com,,Health & Supplements,100% Confirmed Real,Valid (Zoho Mail),Configured (v=DMARC1),Configured,No,https://www.facebook.com/ads/library/?q=AlphaLiftsFitness&type=all,,,,,,"The focus AlphaLiftsFitness puts on clean, effective formulas is exactly what customers need."
Amandine Sol Botanicals Canada,amandinesolbotanicals.ca,https://amandinesolbotanicals.ca,Care,Owner,American Express,care@amandinesolbotanicals.com,,Health & Supplements,100% Confirmed Real,Valid (Host MX),Configured (v=DMARC1),Configured,No,https://www.facebook.com/ads/library/?q=Amandine%20Sol%20Botanicals%20Canada&type=all,https://www.instagram.com/amandinesolbotanicals,,https://www.tiktok.com/@amandinebotanicals,,,"The focus Amandine Sol Botanicals Canada puts on clean, effective formulas is exactly what customers need."
"American Furniture Warehouse (Greensboro, NC)",americanfurniturenc.com,https://americanfurniturenc.com,Info,Owner,"American Furniture Warehouse | Greensboro, NC",info@americanfurniturenc.com,afwnc@outlook.com,Health & Supplements,100% Confirmed Real,Valid (Google Workspace),Configured (v=DMARC1),None,No,https://www.facebook.com/ads/library/?q=American%20Furniture%20Warehouse%20%28Greensboro%2C%20NC%29&type=all,,https://www.facebook.com/americanfurniturenc,,,,"The focus American Furniture Warehouse (Greensboro, NC) puts on clean, effective formulas is exactly what customers need."
Amino Nutrition Australia,aminonutrition.com.au,https://aminonutrition.com.au,Websales,Owner,Amino Nutrition Australia - Protein Sport Health Supplements Afterpay,websales@aminonutrition.com.au,,Health & Supplements,100% Confirmed Real,Valid (Google Workspace),Configured (v=DMARC1),Configured,No,https://www.facebook.com/ads/library/?q=Amino%20Nutrition%20Australia&type=all,https://www.instagram.com/aminonutrition,https://www.facebook.com/aminonutrition,,,,"The focus Amino Nutrition Australia puts on clean, effective formulas is exactly what customers need."
AMO Nutrition GmbH,amofoods.de,https://amofoods.de,Adrian,Owner,amo® organic bone broth. &ndash; AMO Nutrition GmbH,adrian@amo-nutrition.com,,Health & Supplements,63% Confirmed Real,Valid (Host MX),Configured (v=DMARC1),Configured,No,https://www.facebook.com/ads/library/?q=AMO%20Nutrition%20GmbH&type=all,,,,,,"The focus AMO Nutrition GmbH puts on clean, effective formulas is exactly what customers need."
Arabian Organics,arabianorganics.com,https://arabianorganics.com,Info,Owner,Arabian Organics - Buy Natural &amp; Organic Products Online,info@organicandnatural.com,,Health & Supplements,100% Confirmed Real,Valid (Google Workspace),Configured (v=DMARC1),Configured,No,https://www.facebook.com/ads/library/?q=Arabian%20Organics&type=all,https://www.instagram.com/arabianorganics,https://www.facebook.com/arabianorganics,,,,"The focus Arabian Organics puts on clean, effective formulas is exactly what customers need."
Arche Botanicals,archebotanicals.com,https://archebotanicals.com,Archebotanicals,Owner,Arche Botanicals,archebotanicals@gmail.com,,Health & Supplements,100% Confirmed Real,Valid (Google Workspace),Configured (v=DMARC1),Configured,No,https://www.facebook.com/ads/library/?q=Arche%20Botanicals&type=all,https://www.instagram.com/arche_botanicals,,,,,"The focus Arche Botanicals puts on clean, effective formulas is exactly what customers need."
Art of Gutter,artofgutter.com,https://artofgutter.com,Artofgutter,Owner,All American Gutter Protection Systems | Art of Gutter,artofgutter@gmail.com,,Health & Supplements,100% Confirmed Real,Valid (Google Workspace),Configured (v=DMARC1),Configured,No,https://www.facebook.com/ads/library/?q=Art%20of%20Gutter&type=all,https://www.instagram.com/artofgutter,https://www.facebook.com/artofgutterinc,,,,"The focus Art of Gutter puts on clean, effective formulas is exactly what customers need."
aurawellnesslabs,aurawellnesslabs.com,https://aurawellnesslabs.com,Info,Owner,aurawellnesslabs,info@aurawellnesslabs.com,,Health & Supplements,100% Confirmed Real,Valid (Google Workspace),Configured (v=DMARC1),Configured,No,https://www.facebook.com/ads/library/?q=aurawellnesslabs&type=all,,,,,,"The focus aurawellnesslabs puts on clean, effective formulas is exactly what customers need."
Aura Vitamins,auravitamins.com,https://auravitamins.com,Info,Owner,Aura Vitamins,info@auravitamins.com,,Health & Supplements,98% Confirmed Real,Valid (Host MX),Not Configured,Configured,No,https://www.facebook.com/ads/library/?q=Aura%20Vitamins&type=all,https://www.instagram.com/auravitamins.usa,https://www.facebook.com/auravitamins,https://www.tiktok.com/@auravitaminsllc,,,"The focus Aura Vitamins puts on clean, effective formulas is exactly what customers need."
TAPAN HERBAL ELIXIRS PRIVATE LIMITED,aushara.com,https://aushara.com,Care,Owner,"Aushara | Face Oil, Hair Oil, Body Oil &amp; Anti-Dandruff Solutions",care@aushara.com,,Health & Supplements,100% Confirmed Real,Valid (Microsoft 365),Not Configured,Configured,No,https://www.facebook.com/ads/library/?q=TAPAN%20HERBAL%20ELIXIRS%20PRIVATE%20LIMITED&type=all,,,,,,"The focus TAPAN HERBAL ELIXIRS PRIVATE LIMITED puts on clean, effective formulas is exactly what customers need."
Avanti,avantisleep.com,https://avantisleep.com,Info,Owner,Un fabricant de matelas québécois à l’avant-garde | Avanti,info@matelasavanti.com,,Health & Supplements,100% Confirmed Real,Valid (Host MX),Not Configured,Configured,No,https://www.facebook.com/ads/library/?q=Avanti&type=all,https://www.instagram.com/avantisleep,https://www.facebook.com/Matelas-Avanti-152137588302666,,,,"The focus Avanti puts on clean, effective formulas is exactly what customers need."
Avimee Herbal,avimeeherbal.com,https://avimeeherbal.com,Support,Owner,Avimee Herbal | Modern Ayurveda | Best Herbal Hair Oil,support@avimeeherbal.com,"raj.gandhi@avimeeherbal.com, support@avimeeskin.com",Health & Supplements,100% Confirmed Real,Valid (Google Workspace),Configured (v=DMARC1),Configured,No,https://www.facebook.com/ads/library/?q=Avimee%20Herbal&type=all,https://www.instagram.com/avimeeherbal,https://www.facebook.com/officialavimeeherbal,,https://x.com/avimee_herbal,https://www.linkedin.com/company/avimee-herbal,"The focus Avimee Herbal puts on clean, effective formulas is exactly what customers need."
Axiom,axiomayurveda.com,https://axiomayurveda.com,Ecom,Owner,PayPal,ecom@axiomayurveda.com,,Health & Supplements,100% Confirmed Real,Valid (Google Workspace),Configured (v=DMARC1),Configured,No,https://www.facebook.com/ads/library/?q=Axiom&type=all,https://www.instagram.com/axiom_ayurveda,https://www.facebook.com/axiomayurveda,,https://x.com/axiom_ayurveda,,"The focus Axiom puts on clean, effective formulas is exactly what customers need."
Axe & Sledge Supplements,axeandsledge.com,https://axeandsledge.com,Info,Owner,Axe &amp; Sledge Supplements,info@axeandsledge.com,,Health & Supplements,100% Confirmed Real,Valid (Google Workspace),Configured (v=DMARC1),Configured,No,https://www.facebook.com/ads/library/?q=Axe%20%26%20Sledge%20Supplements&type=all,https://www.instagram.com/axeandsledge,https://www.facebook.com/axeandsledge,https://www.tiktok.com/@axeandsledge,,,"The focus Axe & Sledge Supplements puts on clean, effective formulas is exactly what customers need."
Ayurvedic Dukaan,ayurvedicdukaan.com,https://ayurvedicdukaan.com,Kynopulseresearch,Owner,Ayurvedic Dukaan,kynopulseresearch@gmail.com,,Health & Supplements,68% Confirmed Real,Valid (Google Workspace),Configured (v=DMARC1),Configured,No,https://www.facebook.com/ads/library/?q=Ayurvedic%20Dukaan&type=all,https://www.instagram.com/ayurvedicdukaan,,,,,"The focus Ayurvedic Dukaan puts on clean, effective formulas is exactly what customers need."
ayurvedaamantra.com,ayurvedaamantra.com,https://ayurvedaamantra.com,Ayurvedaamantra,Owner,"https://ayurvedaamantra.com/
 &ndash; ayurveda mantra",ayurvedaamantra@gmail.com,,Health & Supplements,100% Confirmed Real,Valid (Google Workspace),Configured (v=DMARC1),Configured,No,https://www.facebook.com/ads/library/?q=ayurvedaamantra.com&type=all,,,,,,"The focus ayurvedaamantra.com puts on clean, effective formulas is exactly what customers need."
BACKTURE ORGANICS,backtureorganics.com,https://backtureorganics.com,Hello,Owner,Backture organics | Alta cosmética orgánica masculina &ndash; BACKTURE ORGANICS,hello@backtureorganics.com,,Health & Supplements,100% Confirmed Real,Valid (Zoho Mail),Configured (v=DMARC1),Configured,No,https://www.facebook.com/ads/library/?q=BACKTURE%20ORGANICS&type=all,,,,,,"The focus BACKTURE ORGANICS puts on clean, effective formulas is exactly what customers need."
Badstugutta,badstugutta.no,https://badstugutta.no,Kundeservice,Owner,"Badstugutta – Badstuer, badestamper &amp; badstutilbehør",kundeservice@badstugutta.no,navn@epost.no,Health & Supplements,100% Confirmed Real,Valid (Google Workspace),Configured (v=DMARC1),Configured,No,https://www.facebook.com/ads/library/?q=Badstugutta&type=all,https://www.instagram.com/badstugutta,https://www.facebook.com/profile.php,,,,"The focus Badstugutta puts on clean, effective formulas is exactly what customers need."
Bain Blends Herbal Infused Skin & Beard Oils,bainblends.com,https://bainblends.com,Bainblends,Owner,Bain Blends Herbal Infused Beard and Skin Oils,bainblends@gmail.com,jacob@bainblends.com,Health & Supplements,100% Confirmed Real,Valid (Google Workspace),Configured (v=DMARC1),Configured,No,https://www.facebook.com/ads/library/?q=Bain%20Blends%20Herbal%20Infused%20Skin%20%26%20Beard%20Oils&type=all,https://www.instagram.com/bainblends,https://www.facebook.com/bainblends,https://www.tiktok.com/@bainblends,,,"The focus Bain Blends Herbal Infused Skin & Beard Oils puts on clean, effective formulas is exactly what customers need."
Bahk Wellness,bahkwellness.com,https://bahkwellness.com,Hola,Owner,Bahk Wellness | Suplementos para el Bienestar Integral,hola@bahkcorp.com,,Health & Supplements,63% Confirmed Real,Valid (Host MX),Configured (v=DMARC1),Configured,No,https://www.facebook.com/ads/library/?q=Bahk%20Wellness&type=all,https://www.instagram.com/bahk.mx,https://www.facebook.com/people,https://www.tiktok.com/@bahk.mx,,,"The focus Bahk Wellness puts on clean, effective formulas is exactly what customers need."
DrugSmart Wellness Pharmacy,bedrugsmart.ca,https://bedrugsmart.ca,Hello,Owner,American Express,hello@drugsmartpharmacy.ca,,Health & Supplements,93% Confirmed Real,Valid (Google Workspace),Configured (v=DMARC1),Configured,No,https://www.facebook.com/ads/library/?q=DrugSmart%20Wellness%20Pharmacy&type=all,https://www.instagram.com/BeDrugSmart,https://www.facebook.com/BeDrugSmart,,https://x.com/BeDrugSmart,https://www.linkedin.com/company/DrugSmart-Pharmacy-Group,"The focus DrugSmart Wellness Pharmacy puts on clean, effective formulas is exactly what customers need."
Beeline Organic Honey,beelineorganic.com,https://beelineorganic.com,Honey,Owner,Raw &amp; Unprocessed Washington Honey | Beeline Organic,honey@beelineorganic.com,,Health & Supplements,100% Confirmed Real,Valid (Google Workspace),Not Configured,Configured,No,https://www.facebook.com/ads/library/?q=Beeline%20Organic%20Honey&type=all,https://www.instagram.com/beelineorganic,,,,,"The focus Beeline Organic Honey puts on clean, effective formulas is exactly what customers need."
beeya wellness,beeyawellness.com,https://beeyawellness.com,Support,Owner,beeya wellness - organic seed cycling &amp; healthy hormone essentials,support@beeyawellness.com,,Health & Supplements,100% Confirmed Real,Valid (Google Workspace),Configured (v=DMARC1),Configured,No,https://www.facebook.com/ads/library/?q=beeya%20wellness&type=all,https://www.instagram.com/beeyawellness,https://www.facebook.com/beeyawellness,https://www.tiktok.com/@beeyawellness,,,"The focus beeya wellness puts on clean, effective formulas is exactly what customers need."
BeeVitamin,beevitamin.com,https://beevitamin.com,Hello,Owner,BeeVitamin - Premium Bee Pollen &amp; Honey | Vitamins the Natural Way,hello@beevitamin.com,support@beevitamin.com,Health & Supplements,100% Confirmed Real,Valid (Google Workspace),Configured (v=DMARC1),None,No,https://www.facebook.com/ads/library/?q=BeeVitamin&type=all,,,,,,"The focus BeeVitamin puts on clean, effective formulas is exactly what customers need."
BETVA,betvaorganic.com,https://betvaorganic.com,Hello,Owner,BETVA Organic Cotton Fashion | Designed in Slovenia,hello@betvaorganic.com,,Health & Supplements,100% Confirmed Real,Valid (Host MX),Configured (v=DMARC1),Configured,No,https://www.facebook.com/ads/library/?q=BETVA&type=all,https://www.instagram.com/betvaorganic,https://www.facebook.com/profile.php,,,,"The focus BETVA puts on clean, effective formulas is exactly what customers need."
Beyond Cancer Wellness,beyondcancerwellness.com,https://beyondcancerwellness.com,Support,Owner,Beyond Cancer Wellness,support@beyondcancerwellness.com,,Health & Supplements,100% Confirmed Real,Valid (Google Workspace),Configured (v=DMARC1),None,No,https://www.facebook.com/ads/library/?q=Beyond%20Cancer%20Wellness&type=all,,,,,,"The focus Beyond Cancer Wellness puts on clean, effective formulas is exactly what customers need."
Bhardhwaj Herbal,bhardhwajherbal.com,https://bhardhwajherbal.com,Bhardhwajherbal,Owner,Bhardhwaj Herbal,bhardhwajherbal@gmail.com,,Health & Supplements,100% Confirmed Real,Valid (Google Workspace),Configured (v=DMARC1),Configured,No,https://www.facebook.com/ads/library/?q=Bhardhwaj%20Herbal&type=all,https://www.instagram.com/bhardhwaj_herbal_life_,https://www.facebook.com/people,,,,"The focus Bhardhwaj Herbal puts on clean, effective formulas is exactly what customers need."
biohvckerssupplements,biohvckerssupplements.com,https://biohvckerssupplements.com,Biohvckersupps,Owner,Biohvckers Supplements | NAD+ &amp; Research Compounds - Biohvckers Supplements,biohvckersupps@gmail.com,,Health & Supplements,68% Confirmed Real,Valid (Google Workspace),Configured (v=DMARC1),Configured,No,https://www.facebook.com/ads/library/?q=biohvckerssupplements&type=all,https://www.instagram.com/biohvckers_supps,,,,,"The focus biohvckerssupplements puts on clean, effective formulas is exactly what customers need."
BIO-Weingut Valentin Oppenauer,bio-oppenauer.at,https://bio-oppenauer.at,Weingut,Owner,BIO-Weingut Valentin Oppenauer,weingut@bio-oppenauer.at,,Health & Supplements,100% Confirmed Real,Valid (Host MX),Configured (v=DMARC1),Configured,No,https://www.facebook.com/ads/library/?q=BIO-Weingut%20Valentin%20Oppenauer&type=all,https://www.instagram.com/oppenauerv_bioweingut,https://www.facebook.com/profile.php,,,,"The focus BIO-Weingut Valentin Oppenauer puts on clean, effective formulas is exactly what customers need."
Blended Beauti Organics,blendedbeauti.com,https://blendedbeauti.com,Iamblendedbeauti,Owner,"The Beautified Life
 &ndash; Blended Beauti Organics",iamblendedbeauti@gmail.com,,Health & Supplements,100% Confirmed Real,Valid (Google Workspace),Configured (v=DMARC1),Configured,No,https://www.facebook.com/ads/library/?q=Blended%20Beauti%20Organics&type=all,,,,,,"The focus Blended Beauti Organics puts on clean, effective formulas is exactly what customers need."
Blue Butterfly Botanicals,bluebutterflybotanicals.ca,https://bluebutterflybotanicals.ca,Bluebutterflybotanicals,Owner,"Your Tallow Soap and Skincare Shop
 &ndash; Blue Butterfly Botanicals",bluebutterflybotanicals@yahoo.com,,Health & Supplements,100% Confirmed Real,Valid (Yahoo Mail),Configured (v=DMARC1),Configured,No,https://www.facebook.com/ads/library/?q=Blue%20Butterfly%20Botanicals&type=all,https://www.instagram.com/bluebutterflybotanicals,https://www.facebook.com/profile.php,https://www.tiktok.com/@bluebutterflybotanicals,,,"The focus Blue Butterfly Botanicals puts on clean, effective formulas is exactly what customers need."
Bonanza Sleep,bonanzasleep.co.uk,https://bonanzasleep.co.uk,Support,Owner,Bonanza Sleep | Shop Premium Beds &amp; Mattresses Online,support@bonanzasleep.co.uk,mail@bonanzasleep.co.uk,Health & Supplements,100% Confirmed Real,Valid (Host MX),Configured (v=DMARC1),Configured,No,https://www.facebook.com/ads/library/?q=Bonanza%20Sleep&type=all,https://www.instagram.com/bonanzasleep.co.uk,https://www.facebook.com/sleepcomfort.bonanza,https://www.tiktok.com/@bonana_sleep,,,"The focus Bonanza Sleep puts on clean, effective formulas is exactly what customers need."
Botanical Blessings,botanicalblessings.com.au,https://botanicalblessings.com.au,Oshya,Owner,Botanical Blessings natural organic skincare,oshya@botanicalblessings.com.au,,Health & Supplements,100% Confirmed Real,Valid (Host MX),Not Configured,Configured,No,https://www.facebook.com/ads/library/?q=Botanical%20Blessings&type=all,https://www.instagram.com/botanicalblessings,,,,,"The focus Botanical Blessings puts on clean, effective formulas is exactly what customers need."
Botanical Life,botanical-life.co.jp,https://botanical-life.co.jp,Info,Owner,Botanical Life,info@botanical-life.com,,Health & Supplements,100% Confirmed Real,Valid (Google Workspace),Not Configured,Configured,No,https://www.facebook.com/ads/library/?q=Botanical%20Life&type=all,https://www.instagram.com/jp_botanicallife,,,,,"The focus Botanical Life puts on clean, effective formulas is exactly what customers need."
Brightr® Sleep Europe,brightrsleep.de,https://brightrsleep.de,Hello,Owner,Brightr® Sleep,hello@brightrsleep.de,,Health & Supplements,100% Confirmed Real,Valid (Microsoft 365),Configured (v=DMARC1),Configured,No,https://www.facebook.com/ads/library/?q=Brightr%C2%AE%20Sleep%20Europe&type=all,https://www.instagram.com/brightrsleepeu,https://www.facebook.com/profile.php,,,,"The focus Brightr® Sleep Europe puts on clean, effective formulas is exactly what customers need."
brnda.organics,brndaorganics.com,https://brndaorganics.com,Brndaorganics,Owner,b r n d a   ORGANICS,brndaorganics@gmail.com,,Health & Supplements,100% Confirmed Real,Valid (Google Workspace),Configured (v=DMARC1),Configured,No,https://www.facebook.com/ads/library/?q=brnda.organics&type=all,https://www.instagram.com/shopify,,https://www.tiktok.com/@shopify,https://x.com/shopify,,"The focus brnda.organics puts on clean, effective formulas is exactly what customers need."
Calm First Baby Sleep,calmfirst.co.uk,https://calmfirst.co.uk,Hello,Owner,Calm First Baby Sleep,hello@calmfirst.co.uk,,Health & Supplements,100% Confirmed Real,Valid (Google Workspace),Configured (v=DMARC1),Configured,No,https://www.facebook.com/ads/library/?q=Calm%20First%20Baby%20Sleep&type=all,https://www.instagram.com/calmfirstbabysleep,https://www.facebook.com/calmfirstbabysleep,https://www.tiktok.com/@calmfirstbabysleep,,,"The focus Calm First Baby Sleep puts on clean, effective formulas is exactly what customers need."
Celo Nutrition,celonutrition.com,https://celonutrition.com,Info,Owner,Celo Nutrition | Clean Label | Protein Products | Hydration Sticks,info@celonutrition.com,,Health & Supplements,100% Confirmed Real,Valid (Google Workspace),Configured (v=DMARC1),Configured,No,https://www.facebook.com/ads/library/?q=Celo%20Nutrition&type=all,,,,https://x.com/CeloNutrition,,"The focus Celo Nutrition puts on clean, effective formulas is exactly what customers need."
Celestial Sleep Co.,celestialsleep.co,https://celestialsleep.co,Info,Owner,Celestial Sleep Co.,info@celestialsleep.co,,Health & Supplements,100% Confirmed Real,Valid (Microsoft 365),Configured (v=DMARC1),Configured,No,https://www.facebook.com/ads/library/?q=Celestial%20Sleep%20Co.&type=all,https://www.instagram.com/celestialsleepco,https://www.facebook.com/celestialsleepco,,,,"The focus Celestial Sleep Co. puts on clean, effective formulas is exactly what customers need."
Cell Nutritionals,cellnutritionals.com,https://cellnutritionals.com,Info,Owner,Cell Nutritionals,info@cellnutritionals.com,orders@cellnutritionals.com,Health & Supplements,100% Confirmed Real,Valid (Host MX),Configured (v=DMARC1),Configured,No,https://www.facebook.com/ads/library/?q=Cell%20Nutritionals&type=all,,https://www.facebook.com/cellnutritionals,,,,"The focus Cell Nutritionals puts on clean, effective formulas is exactly what customers need."
Clair,clairsupplements.com,https://clairsupplements.com,Support,Owner,Clair,support@clairsupplements.com,,Health & Supplements,100% Confirmed Real,Valid (Google Workspace),Configured (v=DMARC1),Configured,No,https://www.facebook.com/ads/library/?q=Clair&type=all,,,,,,"The focus Clair puts on clean, effective formulas is exactly what customers need."
Gut Goodness,drinkgutgoodness.com,https://drinkgutgoodness.com,Info,Owner,"Baobab beverages and Powder
 &ndash; Gut Goodness",info@drinkgutgoodness.com,,Health & Supplements,100% Confirmed Real,Valid (Host MX),Configured (v=DMARC1),Configured,No,https://www.facebook.com/ads/library/?q=Gut%20Goodness&type=all,https://www.instagram.com/drinkgutgoodness,https://www.facebook.com/profile.php,https://www.tiktok.com/@gutgoodness1,,https://www.linkedin.com/company/gut-goodness,"The focus Gut Goodness puts on clean, effective formulas is exactly what customers need."
Dr Nutrition 360,drnutrition360.com,https://drnutrition360.com,Info,Owner,Dr Nutrition 360,info@drnutrition360.com,,Health & Supplements,100% Confirmed Real,Valid (Host MX),Configured (v=DMARC1),Configured,No,https://www.facebook.com/ads/library/?q=Dr%20Nutrition%20360&type=all,,,,,,"The focus Dr Nutrition 360 puts on clean, effective formulas is exactly what customers need."
eFlow Nutrition,eflownutrition.com,https://eflownutrition.com,Info,Owner,Founder / Owner @ eFlow Nutrition,info@eflownutrition.com,,Health & Supplements,100% Confirmed Real,Valid (Google Workspace),Configured (v=DMARC1),Configured,No,https://www.facebook.com/ads/library/?q=eFlow%20Nutrition&type=all,https://www.instagram.com/eflownutrition,https://www.facebook.com/eFlowNutrition,,https://x.com/eflownutrition,,"The focus eFlow Nutrition puts on clean, effective formulas is exactly what customers need."
EnduraLife Nutrition,enduralifenutrition.com,https://enduralifenutrition.com,Support,Owner,"EnduraLife Nutrition - Empowering Health, Naturally",support@enduralifenutrition.com,,Health & Supplements,98% Confirmed Real,Valid (Host MX),Not Configured,Configured,No,https://www.facebook.com/ads/library/?q=EnduraLife%20Nutrition&type=all,,,,,,"The focus EnduraLife Nutrition puts on clean, effective formulas is exactly what customers need."
Equi Sci Nutrition,equiscinutrition.com,https://equiscinutrition.com,Equiscinutrition,Owner,Equi Sci Nutrition,equiscinutrition@gmail.com,,Health & Supplements,100% Confirmed Real,Valid (Google Workspace),Configured (v=DMARC1),Configured,No,https://www.facebook.com/ads/library/?q=Equi%20Sci%20Nutrition&type=all,,,,,,"The focus Equi Sci Nutrition puts on clean, effective formulas is exactly what customers need."
Ethereal Gold Herbal Alchemy,etherealgoldalchemy.com,https://etherealgoldalchemy.com,Support,Owner,Ethereal Gold Herbal Alchemy,support@etherealgoldalchemy.com,,Health & Supplements,100% Confirmed Real,Valid (Host MX),Configured (v=DMARC1),Configured,No,https://www.facebook.com/ads/library/?q=Ethereal%20Gold%20Herbal%20Alchemy&type=all,,,,,,"The focus Ethereal Gold Herbal Alchemy puts on clean, effective formulas is exactly what customers need."
Eva Nutrition,evanutrition.com,https://evanutrition.com,Info,Owner,Eva Nutrition,info@evanutrition.com,,Health & Supplements,100% Confirmed Real,Valid (Host MX),Configured (v=DMARC1),Configured,No,https://www.facebook.com/ads/library/?q=Eva%20Nutrition&type=all,,https://www.facebook.com/naturlifeinc,,,,"The focus Eva Nutrition puts on clean, effective formulas is exactly what customers need."
fabfitnessaccessories.com,fabfitnessaccessories.com,https://fabfitnessaccessories.com,Info,Owner,Fab Fitness Accessories &ndash;  Fab Fitness Accessories,info@fabfitnessaccessories.com,returns@fabfitnessaccessories.com,Health & Supplements,100% Confirmed Real,Valid (Host MX),Configured (v=DMARC1),None,No,https://www.facebook.com/ads/library/?q=fabfitnessaccessories.com&type=all,https://www.instagram.com/fabfitacc,https://www.facebook.com/Fab-Fitness-Accessories-107705744382310,,,,"The focus fabfitnessaccessories.com puts on clean, effective formulas is exactly what customers need."
101supplement,101supplement.com,https://101supplement.com,Your,Email,"Michelle Lewin Activewear &amp; Supplements
 &ndash; one0one",your.email@here.com,,Health & Supplements,68% Confirmed Real,Valid (Microsoft 365),Configured (v=DMARC1),Configured,No,https://www.facebook.com/ads/library/?q=101supplement&type=all,,,,,,"The focus 101supplement puts on clean, effective formulas is exactly what customers need."
413 Family Fitness,413familyfitness.shop,https://413familyfitness.shop,Cardiohiphop413,Owner,"413 FAMILY FITNESS
&ndash; 413 Family Fitness",cardiohiphop413@gmail.com,,Health & Supplements,68% Confirmed Real,Valid (Google Workspace),Configured (v=DMARC1),Configured,No,https://www.facebook.com/ads/library/?q=413%20Family%20Fitness&type=all,,,,,,"The focus 413 Family Fitness puts on clean, effective formulas is exactly what customers need."
4-Wellness,4-wellness.co.uk,https://4-wellness.co.uk,Info,Owner,Home | 4-Wellness,info@4-wellness.co.uk,,Health & Supplements,100% Confirmed Real,Valid (Google Workspace),Configured (v=DMARC1),Configured,No,https://www.facebook.com/ads/library/?q=4-Wellness&type=all,,https://www.facebook.com/profile.php,https://www.tiktok.com/@4wellness_uk,,,"The focus 4-Wellness puts on clean, effective formulas is exactly what customers need."
ActiveTrailFitness,activetrailfitness.com,https://activetrailfitness.com,Info,Activetrailfitness,ActiveTrailFitness,info.activetrailfitness@gmail.com,,Health & Supplements,100% Confirmed Real,Valid (Google Workspace),Configured (v=DMARC1),Configured,No,https://www.facebook.com/ads/library/?q=ActiveTrailFitness&type=all,https://www.instagram.com/active.trail.fitness,,,,,"The focus ActiveTrailFitness puts on clean, effective formulas is exactly what customers need."
Aiso Botanicals,aiso.co.nz,https://aiso.co.nz,Info,Owner,American Express,info@aiso.co.nz,,Health & Supplements,100% Confirmed Real,Valid (Zoho Mail),Configured (v=DMARC1),Configured,No,https://www.facebook.com/ads/library/?q=Aiso%20Botanicals&type=all,https://www.instagram.com/aisobotanicals,https://www.facebook.com/profile.php,,,,"The focus Aiso Botanicals puts on clean, effective formulas is exactly what customers need."
AlignaSleep,alignasleep.com,https://alignasleep.com,Info,Owner,AlignaSleep Extra Firm Contour Pillow,info@alignasleep.com,,Health & Supplements,100% Confirmed Real,Valid (Google Workspace),Not Configured,None,No,https://www.facebook.com/ads/library/?q=AlignaSleep&type=all,,,,,,"The focus AlignaSleep puts on clean, effective formulas is exactly what customers need."
almasleepwear.com,almasleepwear.com,https://almasleepwear.com,Sales,Owner,"Pijamas en algodón para mujer, hombre y niños en Colombia &ndash; Alma sleepwear",sales@almasleepwear.com,,Health & Supplements,100% Confirmed Real,Valid (Google Workspace),Not Configured,Configured,No,https://www.facebook.com/ads/library/?q=almasleepwear.com&type=all,https://www.instagram.com/alma.sleepwear,,,,,"The focus almasleepwear.com puts on clean, effective formulas is exactly what customers need."
Alpha Organic Products,alphaorganicproducts.com,https://alphaorganicproducts.com,Alphaorganicproducts,Owner,Alpha Organic Products,alphaorganicproducts@gmail.com,,Health & Supplements,100% Confirmed Real,Valid (Google Workspace),Configured (v=DMARC1),Configured,No,https://www.facebook.com/ads/library/?q=Alpha%20Organic%20Products&type=all,https://www.instagram.com/theorganicproducts,,https://www.tiktok.com/@organicproductsofficial_,,,"The focus Alpha Organic Products puts on clean, effective formulas is exactly what customers need."
ALTHÉA NUTRITION,altheanutrition.com,https://altheanutrition.com,Info,Owner,Apple Pay,info@awtrainer.com,,Health & Supplements,100% Confirmed Real,Valid (Host MX),Configured (v=DMARC1),Configured,No,https://www.facebook.com/ads/library/?q=ALTH%C3%89A%20NUTRITION&type=all,https://www.instagram.com/aw.trainer,https://www.facebook.com/traineraw,https://www.tiktok.com/@aw.trainer,,,"The focus ALTHÉA NUTRITION puts on clean, effective formulas is exactly what customers need."
Amatemas,amatemassupplements.com,https://amatemassupplements.com,Help,Owner,Amatemas,help@amatemassupplements.com,,Health & Supplements,100% Confirmed Real,Valid (Google Workspace),Configured (v=DMARC1),Configured,No,https://www.facebook.com/ads/library/?q=Amatemas&type=all,,,,,,"The focus Amatemas puts on clean, effective formulas is exactly what customers need."
American Home Fitness,americanhomefitness.com,https://americanhomefitness.com,Info,Owner,Exercise Equipment | Home Workout Equipment | Commercial Fitness,info@americanhomefitness.com,mllegeorgesand@gmail.com,Health & Supplements,100% Confirmed Real,Valid (Google Workspace),Configured (v=DMARC1),None,No,https://www.facebook.com/ads/library/?q=American%20Home%20Fitness&type=all,https://www.instagram.com/americanhomefitness,https://www.facebook.com/AmericanHomeFitness,,https://x.com/amhomefitness,https://www.linkedin.com/company/american-home-fitness,"The focus American Home Fitness puts on clean, effective formulas is exactly what customers need."
Amza Superfoods,amzasuperfoods.com,https://amzasuperfoods.com,Info,Owner,Amza Superfoods – (Ancient Tibetan Nutrition. Modern Wellness.),info@amzasuperfoods.com,,Health & Supplements,100% Confirmed Real,Valid (Google Workspace),Not Configured,Configured,No,https://www.facebook.com/ads/library/?q=Amza%20Superfoods&type=all,https://www.instagram.com/amzasuperfoods,https://www.facebook.com/AmzaSuperfoods,,https://x.com/amzasuperfoods,,"The focus Amza Superfoods puts on clean, effective formulas is exactly what customers need."
ANTLS supplements– ANTLS Supplements,antls.net,https://antls.net,Contact,Owner,"ANTLS supplements
&ndash; ANTLS Supplements",contact@antls.net,,Health & Supplements,100% Confirmed Real,Valid (Google Workspace),Not Configured,Configured,No,https://www.facebook.com/ads/library/?q=ANTLS%20supplements%E2%80%93%20ANTLS%20Supplements&type=all,,,,,,"The focus ANTLS supplements– ANTLS Supplements puts on clean, effective formulas is exactly what customers need."
Apeiron Elementals Supplements,apeiron.store,https://apeiron.store,Store,Owner,Apeiron Elementals Supplements,store@apeiron.store,,Health & Supplements,100% Confirmed Real,Valid (Google Workspace),Configured (v=DMARC1),Configured,No,https://www.facebook.com/ads/library/?q=Apeiron%20Elementals%20Supplements&type=all,https://www.instagram.com/apeironelementals,https://www.facebook.com/AZElementals,,,,"The focus Apeiron Elementals Supplements puts on clean, effective formulas is exactly what customers need."
Apical Greens,apicalgreens.com,https://apicalgreens.com,Hello,Owner,Apical Greens,hello@apicalgreens.com,,Health & Supplements,100% Confirmed Real,Valid (Microsoft 365),Configured (v=DMARC1),Configured,No,https://www.facebook.com/ads/library/?q=Apical%20Greens&type=all,https://www.instagram.com/shopify,https://www.facebook.com/shopify,,https://x.com/shopify,,"The focus Apical Greens puts on clean, effective formulas is exactly what customers need."
Apex Wellness,apexwellness.luxe,https://apexwellness.luxe,Debbie,Owner,Apex Wellness,debbie@apexwellness.luxe,,Health & Supplements,100% Confirmed Real,Valid (Zoho Mail),Configured (v=DMARC1),Configured,No,https://www.facebook.com/ads/library/?q=Apex%20Wellness&type=all,,,,,,"The focus Apex Wellness puts on clean, effective formulas is exactly what customers need."
Applied Nutrition plc,appliednutrition.uk,https://appliednutrition.uk,Customer,Service,American Express,customer.service@appliednutrition.uk,appliednutrition@almastrategic.com,Health & Supplements,100% Confirmed Real,Valid (Microsoft 365),Configured (v=DMARC1),Configured,No,https://www.facebook.com/ads/library/?q=Applied%20Nutrition%20plc&type=all,,,,,,"The focus Applied Nutrition plc puts on clean, effective formulas is exactly what customers need."
EverythingOrganic,aquaticsleep.com,https://aquaticsleep.com,Bayareasidehustle,Owner,"Aquatic Sleep
 &ndash; EverythingOrganic",bayareasidehustle@gmail.com,,Health & Supplements,68% Confirmed Real,Valid (Google Workspace),Configured (v=DMARC1),Configured,No,https://www.facebook.com/ads/library/?q=EverythingOrganic&type=all,,,,,,"The focus EverythingOrganic puts on clean, effective formulas is exactly what customers need."
Aurum Wellness,aurumwellness.cl,https://aurumwellness.cl,Contacto,Owner,Aurum Wellness,contacto@aurumwellness.cl,,Health & Supplements,100% Confirmed Real,Valid (Zoho Mail),Configured (v=DMARC1),Configured,No,https://www.facebook.com/ads/library/?q=Aurum%20Wellness&type=all,https://www.instagram.com/aurumwellness.cl,https://www.facebook.com/tr,,,,"The focus Aurum Wellness puts on clean, effective formulas is exactly what customers need."
Aussie Wall Concrete Sleepers,aussiewall.com.au,https://aussiewall.com.au,Sales,Owner,Founder / Owner @ Aussie Wall Concrete Sleepers,sales@aussiewall.com.au,,Health & Supplements,100% Confirmed Real,Valid (Microsoft 365),Not Configured,Configured,No,https://www.facebook.com/ads/library/?q=Aussie%20Wall%20Concrete%20Sleepers&type=all,,,,,,"The focus Aussie Wall Concrete Sleepers puts on clean, effective formulas is exactly what customers need."
Australian Organic Products,australianorganicproducts.com.au,https://australianorganicproducts.com.au,Info,Owner,Australian Organic Products | Organic Food Store Australia,info@australianorganicproducts.com.au,,Health & Supplements,100% Confirmed Real,Valid (Google Workspace),Configured (v=DMARC1),Configured,No,https://www.facebook.com/ads/library/?q=Australian%20Organic%20Products&type=all,https://www.instagram.com/australianorganicproducts,https://www.facebook.com/ausorgproducts,https://www.tiktok.com/@aussieorganicproducts,,,"The focus Australian Organic Products puts on clean, effective formulas is exactly what customers need."
AVANTI SPORT FITNESS,avantisportfitness.com,https://avantisportfitness.com,Supavantisportfitness,Owner,AVANTI SPORT FITNESS,supavantisportfitness@gmail.com,,Health & Supplements,100% Confirmed Real,Valid (Google Workspace),Configured (v=DMARC1),Configured,No,https://www.facebook.com/ads/library/?q=AVANTI%20SPORT%20FITNESS&type=all,https://www.instagram.com/avanti.sportfitness,https://www.facebook.com/profile.php,https://www.tiktok.com/@avantisportfitness,,,"The focus AVANTI SPORT FITNESS puts on clean, effective formulas is exactly what customers need."
Avex Nutrition,avexnutrition.com,https://avexnutrition.com,Support,Owner,Avex Nutrition,support@avexnutrition.com,,Health & Supplements,100% Confirmed Real,Valid (Host MX),Configured (v=DMARC1),Configured,No,https://www.facebook.com/ads/library/?q=Avex%20Nutrition&type=all,,,,,,"The focus Avex Nutrition puts on clean, effective formulas is exactly what customers need."
"Supplements for People, Animals, Farms, and Gardens",aztecsea.com,https://aztecsea.com,Donald,Owner,"Supplements for People, Animals, Farms, and Gardens",donald@aztecsea.com,,Health & Supplements,100% Confirmed Real,Valid (Google Workspace),Configured (v=DMARC1),Configured,No,https://www.facebook.com/ads/library/?q=Supplements%20for%20People%2C%20Animals%2C%20Farms%2C%20and%20Gardens&type=all,,,,,,"The focus Supplements for People, Animals, Farms, and Gardens puts on clean, effective formulas is exactly what customers need."
azionementalefitness.com,azionementalefitness.com,https://azionementalefitness.com,Azionementalefitness,Owner,𝐀𝐙𝐈𝐎𝐍𝐄 𝐌𝐄𝐍𝐓𝐀𝐋𝐄 𝐅𝐈𝐓𝐍𝐄𝐒𝐒,azionementalefitness@virgilio.it,,Health & Supplements,100% Confirmed Real,Valid (Host MX),Configured (v=DMARC1),Configured,No,https://www.facebook.com/ads/library/?q=azionementalefitness.com&type=all,,,,,,"The focus azionementalefitness.com puts on clean, effective formulas is exactly what customers need."
Balm wellness,balm-wellness.com,https://balm-wellness.com,Balmwellness,Owner,American Express,balmwellness@outlook.com,,Health & Supplements,68% Confirmed Real,Valid (Microsoft 365),Configured (v=DMARC1),Configured,No,https://www.facebook.com/ads/library/?q=Balm%20wellness&type=all,https://www.instagram.com/balm.wellness,https://www.facebook.com/profile.php,,,,"The focus Balm wellness puts on clean, effective formulas is exactly what customers need."
Balanced - Premium Supplements,balanceduk.com,https://balanceduk.com,Customerservices,Owner,Balanced - Premium Supplements,customerservices@clfdistribution.com,marketing@clfdistribution.com,Health & Supplements,68% Confirmed Real,Valid (Microsoft 365),Configured (v=DMARC1),Configured,No,https://www.facebook.com/ads/library/?q=Balanced%20-%20Premium%20Supplements&type=all,https://www.instagram.com/balanceduk,https://www.facebook.com/Balanced-100209352172741,,,,"The focus Balanced - Premium Supplements puts on clean, effective formulas is exactly what customers need."
Barbent Fitness,barbentfitness.com,https://barbentfitness.com,Info,Owner,Barbent Fitness Apparel - Apparel For The Barbender,info@barbentfitness.com,,Health & Supplements,100% Confirmed Real,Valid (Google Workspace),Configured (v=DMARC1),None,No,https://www.facebook.com/ads/library/?q=Barbent%20Fitness&type=all,https://www.instagram.com/barbent.fitness,https://www.facebook.com/barbent.fitness,,,,"The focus Barbent Fitness puts on clean, effective formulas is exactly what customers need."
Barakah Nutrition,barakahnutrition.ca,https://barakahnutrition.ca,Info,Owner,"Black Seed &amp; Honey Gummies
 &ndash; Barakah Nutrition",info@barakahnutrition.ca,,Health & Supplements,100% Confirmed Real,Valid (Google Workspace),Configured (v=DMARC1),None,No,https://www.facebook.com/ads/library/?q=Barakah%20Nutrition&type=all,https://www.instagram.com/barakah.nutrition,https://www.facebook.com/profile.php,https://www.tiktok.com/@barakah.nutrition,,,"The focus Barakah Nutrition puts on clean, effective formulas is exactly what customers need."
Barbee Organics,barbeeorganics.com,https://barbeeorganics.com,Customercare,Owner,Barbee Organics,customercare@barbeeorganics.com,info@barbeeorganics.com,Health & Supplements,100% Confirmed Real,Valid (Host MX),Configured (v=DMARC1),Configured,No,https://www.facebook.com/ads/library/?q=Barbee%20Organics&type=all,https://www.instagram.com/barbeeorganics,https://www.facebook.com/tr,,https://x.com/barbeeorganics,,"The focus Barbee Organics puts on clean, effective formulas is exactly what customers need."
Based Supplements,basedsupplements.co,https://basedsupplements.co,Support,Owner,"Based Supplements - Pure, Potent, Handcrafted, 3rd Party Lab Tested",support@basedshilajit.com,,Health & Supplements,93% Confirmed Real,Valid (Google Workspace),Configured (v=DMARC1),Configured,No,https://www.facebook.com/ads/library/?q=Based%20Supplements&type=all,https://www.instagram.com/basedsupplements,,,,,"The focus Based Supplements puts on clean, effective formulas is exactly what customers need."
Bat Crazy Botanicals,batcrazy.shop,https://batcrazy.shop,Belfry,Owner,Bat Crazy Botanicals,belfry@batcrazy.shop,,Health & Supplements,100% Confirmed Real,Valid (Host MX),Configured (v=DMARC1),Configured,No,https://www.facebook.com/ads/library/?q=Bat%20Crazy%20Botanicals&type=all,https://www.instagram.com/batcrazybotanicals,https://www.facebook.com/BatCrazyBotanicals,,,,"The focus Bat Crazy Botanicals puts on clean, effective formulas is exactly what customers need."
Bay Supplements,baysupplements.co.nz,https://baysupplements.co.nz,Sales,Owner,Buy Sports Supplements and Vitamins NZ | Bay Supplements,sales@baysupplements.co.nz,,Health & Supplements,100% Confirmed Real,Valid (Google Workspace),Configured (v=DMARC1),None,No,https://www.facebook.com/ads/library/?q=Bay%20Supplements&type=all,https://www.instagram.com/baysupplements,https://www.facebook.com/baysupplements,,,,"The focus Bay Supplements puts on clean, effective formulas is exactly what customers need."
Bellamy's Organic,bellamysorganic.com.au,https://bellamysorganic.com.au,Shop,Owner,Organic Baby Formula &amp; Baby Food — Bellamy&#39;s Organic,shop@bellamysorganic.com.au,,Health & Supplements,100% Confirmed Real,Valid (Microsoft 365),Configured (v=DMARC1),Configured,No,https://www.facebook.com/ads/library/?q=Bellamy%27s%20Organic&type=all,https://www.instagram.com/bellamysorganic,https://www.facebook.com/bellamysorganic,https://www.tiktok.com/@bellamysorganic,,,"The focus Bellamy's Organic puts on clean, effective formulas is exactly what customers need."
Be Nurtured Organic Tallow,benurturedtallow.com,https://benurturedtallow.com,Benurturedtallow,Owner,Be Nurtured Organic Tallow,benurturedtallow@gmail.com,,Health & Supplements,100% Confirmed Real,Valid (Google Workspace),Configured (v=DMARC1),Configured,No,https://www.facebook.com/ads/library/?q=Be%20Nurtured%20Organic%20Tallow&type=all,,,,,,"The focus Be Nurtured Organic Tallow puts on clean, effective formulas is exactly what customers need."
BLACK HAMMER NUTRITION,bhnutrition.de,https://bhnutrition.de,Info,Owner,BLACK HAMMER NUTRITION - Supplements &amp; Sports Nutrition,info@bhnutrition.de,,Health & Supplements,100% Confirmed Real,Valid (Google Workspace),Configured (v=DMARC1),None,No,https://www.facebook.com/ads/library/?q=BLACK%20HAMMER%20NUTRITION&type=all,https://www.instagram.com/black.hammer.usa,https://www.facebook.com/Black.Hammer.Nutrition,,,,"The focus BLACK HAMMER NUTRITION puts on clean, effective formulas is exactly what customers need."
birchtree-soaps-&-wellness,birchtreesoaps.co.uk,https://birchtreesoaps.co.uk,Lukesmithlmjs,Owner,American Express,lukesmithlmjs@gmail.com,,Health & Supplements,68% Confirmed Real,Valid (Google Workspace),Configured (v=DMARC1),Configured,No,https://www.facebook.com/ads/library/?q=birchtree-soaps-%26-wellness&type=all,,,,,,"The focus birchtree-soaps-&-wellness puts on clean, effective formulas is exactly what customers need."
BiyoWellness,biyowellness.com,https://biyowellness.com,Support,Owner,BiyoWellness,support@biyowellness.com,,Health & Supplements,100% Confirmed Real,Valid (Host MX),Configured (v=DMARC1),Configured,No,https://www.facebook.com/ads/library/?q=BiyoWellness&type=all,https://www.instagram.com/biyowellness,https://www.facebook.com/BiyoWellness,https://www.tiktok.com/@biyowellnessshop,,,"The focus BiyoWellness puts on clean, effective formulas is exactly what customers need."
Border Spirits & Botanicals,borderspiritsandbotanicals.co.uk,https://borderspiritsandbotanicals.co.uk,Info,Owner,"Border Spirits & Botanicals
 &ndash; Border Spirits &amp; Botanicals",info@borderspiritsandbotanicals.co.uk,,Health & Supplements,100% Confirmed Real,Valid (Google Workspace),Not Configured,Configured,No,https://www.facebook.com/ads/library/?q=Border%20Spirits%20%26%20Botanicals&type=all,,https://www.facebook.com/profile.php,,,,"The focus Border Spirits & Botanicals puts on clean, effective formulas is exactly what customers need."
Botanical Distilling,botanicaldistilling.com,https://botanicaldistilling.com,Scott,Owner,Botanical Distilling,scott@botanicaldistilling.com,,Health & Supplements,98% Confirmed Real,Valid (Host MX),Not Configured,Configured,No,https://www.facebook.com/ads/library/?q=Botanical%20Distilling&type=all,,,,,,"The focus Botanical Distilling puts on clean, effective formulas is exactly what customers need."
Brick House Built Supplements,brickhousebuiltsupplements.com,https://brickhousebuiltsupplements.com,Brickhousebuiltsupps,Owner,Brick House Built Supplements,brickhousebuiltsupps@gmail.com,,Health & Supplements,68% Confirmed Real,Valid (Google Workspace),Configured (v=DMARC1),Configured,No,https://www.facebook.com/ads/library/?q=Brick%20House%20Built%20Supplements&type=all,https://www.instagram.com/builtsupps,https://www.facebook.com/TheBrickHouseFitnessCenter,,https://x.com/bhousefitness,,"The focus Brick House Built Supplements puts on clean, effective formulas is exactly what customers need."
BSD ORGANICS,bsdorganics.in,https://bsdorganics.in,Bsdorganicsacs,Owner,BSD ORGANICS,bsdorganicsacs@gmail.com,,Health & Supplements,100% Confirmed Real,Valid (Google Workspace),Configured (v=DMARC1),Configured,No,https://www.facebook.com/ads/library/?q=BSD%20ORGANICS&type=all,,,,,,"The focus BSD ORGANICS puts on clean, effective formulas is exactly what customers need."
Bulk Botanicals Depot,bulkbotanicalsdepot.com,https://bulkbotanicalsdepot.com,Info,Owner,Founder / Owner @ Bulk Botanicals Depot,info@bulkbotanicalsdepot.com,,Health & Supplements,100% Confirmed Real,Valid (Host MX),Not Configured,Configured,No,https://www.facebook.com/ads/library/?q=Bulk%20Botanicals%20Depot&type=all,,,,,,"The focus Bulk Botanicals Depot puts on clean, effective formulas is exactly what customers need."
Dhanyawad Ayurved,dhanyawadayurved.com,https://dhanyawadayurved.com,Support,Owner,Dhanyawad Ayurved | High Quality Ayurvedic Herbs,support@dhanyawadayurved.com,,Health & Supplements,100% Confirmed Real,Valid (Host MX),Configured (v=DMARC1),Configured,No,https://www.facebook.com/ads/library/?q=Dhanyawad%20Ayurved&type=all,https://www.instagram.com/dhanyawadayurved22,https://www.facebook.com/pansarkhana,,,,"The focus Dhanyawad Ayurved puts on clean, effective formulas is exactly what customers need."
draffanwellness.com,draffanwellness.com,https://draffanwellness.com,Draffanwellness,Owner,Mens Supplements &amp; Multivitamins Pakistan’s No 1 Online Health Brand.,draffanwellness@gmail.com,,Health & Supplements,100% Confirmed Real,Valid (Google Workspace),Configured (v=DMARC1),Configured,No,https://www.facebook.com/ads/library/?q=draffanwellness.com&type=all,https://www.instagram.com/draffanwellness,https://www.facebook.com/draffanwellness,https://www.tiktok.com/@draffanqaiser2,,,"The focus draffanwellness.com puts on clean, effective formulas is exactly what customers need."
Dubois Beauty & Wellness,duboisbeauty.com,https://duboisbeauty.com,Hello,Owner,Natural Skincare Products | Dubois Beauty &amp; Wellness,hello@duboisbeauty.com,,Health & Supplements,100% Confirmed Real,Valid (Google Workspace),Configured (v=DMARC1),Configured,No,https://www.facebook.com/ads/library/?q=Dubois%20Beauty%20%26%20Wellness&type=all,https://www.instagram.com/dubois.beauty,https://www.facebook.com/duboisbeauty,,,,"The focus Dubois Beauty & Wellness puts on clean, effective formulas is exactly what customers need."
EASE Organic Oy,easeorganic.fi,https://easeorganic.fi,Info,Owner,"easeorganic.fi
 &ndash; EASE Organic Oy",info@easeorganic.fi,,Health & Supplements,100% Confirmed Real,Valid (Microsoft 365),Configured (v=DMARC1),Configured,No,https://www.facebook.com/ads/library/?q=EASE%20Organic%20Oy&type=all,https://www.instagram.com/easeorganic_oy,https://www.facebook.com/easeorganic,,,,"The focus EASE Organic Oy puts on clean, effective formulas is exactly what customers need."
ecokidorganics.com,ecokidorganics.com,https://ecokidorganics.com,Info,Owner,Eco.kid Organics for Kids,info@ecokidorganics.com,,Health & Supplements,100% Confirmed Real,Valid (Google Workspace),Not Configured,Configured,No,https://www.facebook.com/ads/library/?q=ecokidorganics.com&type=all,https://www.instagram.com/eco.kidorganics,https://www.facebook.com/OrganicsForKids,,,,"The focus ecokidorganics.com puts on clean, effective formulas is exactly what customers need."
EKÓ BOTANICALS,ekoskincare.co.uk,https://ekoskincare.co.uk,Hello,Owner,Eko Botanicals| Active Botanical Skincare from Africa and England,hello@myekobotanicals.com,,Health & Supplements,88% Confirmed Real,Valid (Host MX),Configured (v=DMARC1),Configured,No,https://www.facebook.com/ads/library/?q=EK%C3%93%20BOTANICALS&type=all,https://www.instagram.com/ekobotanicals,https://www.facebook.com/ekobotanicalskincare,https://www.tiktok.com/@ekobotanicals,https://x.com/BotanicalsEko,,"The focus EKÓ BOTANICALS puts on clean, effective formulas is exactly what customers need."
Euphoria Supplements,euphoriapre.com,https://euphoriapre.com,Support,Owner,Euphoria Supplements,support@euphoriapre.com,,Health & Supplements,100% Confirmed Real,Valid (Google Workspace),Configured (v=DMARC1),Configured,No,https://www.facebook.com/ads/library/?q=Euphoria%20Supplements&type=all,,,,,,"The focus Euphoria Supplements puts on clean, effective formulas is exactly what customers need."
Native Herbal Body Care,fallriverbotanicals.com,https://fallriverbotanicals.com,Fallriverbotanicals,Owner,Native Herbal Body Care,fallriverbotanicals@hotmail.com,,Health & Supplements,100% Confirmed Real,Valid (Microsoft 365),Configured (v=DMARC1),Configured,No,https://www.facebook.com/ads/library/?q=Native%20Herbal%20Body%20Care&type=all,,,,https://x.com/empyredesign,,"The focus Native Herbal Body Care puts on clean, effective formulas is exactly what customers need."
Faith Weights and Protein Shakes,faithshake.com,https://faithshake.com,Faithweights,Owner,Faith Weights and Protein Shakes,faithweights@yahoo.com,,Health & Supplements,100% Confirmed Real,Valid (Yahoo Mail),Configured (v=DMARC1),Configured,No,https://www.facebook.com/ads/library/?q=Faith%20Weights%20and%20Protein%20Shakes&type=all,,https://www.facebook.com/faithweightshakes,,,,"The focus Faith Weights and Protein Shakes puts on clean, effective formulas is exactly what customers need."
100percentherbal.co.uk,100percentherbal.co.uk,https://100percentherbal.co.uk,Sales,Owner,Welcome to 100 Percent Herbal Ltd. &ndash; 100percent herbal,sales@temgroup.co.uk,,Health & Supplements,88% Confirmed Real,Valid (Microsoft 365),Not Configured,Configured,No,https://www.facebook.com/ads/library/?q=100percentherbal.co.uk&type=all,,,,,,"The focus 100percentherbal.co.uk puts on clean, effective formulas is exactly what customers need."
24 Mantra Organic,24mantraorganic.com,https://24mantraorganic.com,Renuka,Owner,Founder / Owner @ 24 Mantra Organic,renuka@24mantra.com,,Health & Supplements,63% Confirmed Real,Valid (Host MX),Configured (v=DMARC1),Configured,No,https://www.facebook.com/ads/library/?q=24%20Mantra%20Organic&type=all,https://www.instagram.com/24mantraorganic,https://www.facebook.com/24MantraOrganic,,https://x.com/24MantraOrganic,,"The focus 24 Mantra Organic puts on clean, effective formulas is exactly what customers need."
"4lorish Fitness, LLC",4lorishfitness.com,https://4lorishfitness.com,Info,Owner,"Athleisure wear and fitness accessories
 &ndash; 4lorish Fitness, LLC",info@4lorishfitness.net,,Health & Supplements,100% Confirmed Real,Valid (Google Workspace),Configured (v=DMARC1),None,No,https://www.facebook.com/ads/library/?q=4lorish%20Fitness%2C%20LLC&type=all,,,,,,"The focus 4lorish Fitness, LLC puts on clean, effective formulas is exactly what customers need."
7daysorganic.com,7daysorganic.com,https://7daysorganic.com,7dayshairoil,Owner,user,7dayshairoil@gmail.com,,Health & Supplements,68% Confirmed Real,Valid (Google Workspace),Configured (v=DMARC1),Configured,No,https://www.facebook.com/ads/library/?q=7daysorganic.com&type=all,https://www.instagram.com/7daysorganicindia,https://www.facebook.com/tr,,https://x.com/7daysorganic,,"The focus 7daysorganic.com puts on clean, effective formulas is exactly what customers need."
'Āina Organics®,ainaorganics.com,https://ainaorganics.com,Contact,Owner,"&#39;Āina Organics® | Hawaiʻi Skincare, CBD Wellness &amp; Island Essentials",contact@ainaorganics.com,,Health & Supplements,100% Confirmed Real,Valid (Google Workspace),Not Configured,None,No,https://www.facebook.com/ads/library/?q=%27%C4%80ina%20Organics%C2%AE&type=all,https://www.instagram.com/ainaorganicskauai,,,,,"The focus 'Āina Organics® puts on clean, effective formulas is exactly what customers need."
AKN Organics,aknorganics.com,https://aknorganics.com,Info,Owner,AKN Organics,info@aknorganics.com.au,,Health & Supplements,100% Confirmed Real,Valid (Google Workspace),Not Configured,None,No,https://www.facebook.com/ads/library/?q=AKN%20Organics&type=all,,,,,,"The focus AKN Organics puts on clean, effective formulas is exactly what customers need."
Akme Organic,akmeorganic.com,https://akmeorganic.com,Info,Owner,Founder / Owner @ Akme Organic,info@akmeorganic.com,,Health & Supplements,100% Confirmed Real,Valid (Host MX),Configured (v=DMARC1),Configured,No,https://www.facebook.com/ads/library/?q=Akme%20Organic&type=all,https://www.instagram.com/akmeorganicofficial,https://www.facebook.com/profile.php,https://www.tiktok.com/@akmeorganicofficial,,,"The focus Akme Organic puts on clean, effective formulas is exactly what customers need."
Core Supplements,allcoresupplements.com,https://allcoresupplements.com,Info,Owner,Core Supplements,info@allcoresupplements.com,,Health & Supplements,100% Confirmed Real,Valid (Host MX),Configured (v=DMARC1),Configured,No,https://www.facebook.com/ads/library/?q=Core%20Supplements&type=all,,,,,,"The focus Core Supplements puts on clean, effective formulas is exactly what customers need."
ALMIGHTY ORGANICS PRIVATE LIMITED,almightyorganic.com,https://almightyorganic.com,Aviral,Owner,Founder / Owner @ ALMIGHTY ORGANICS PRIVATE LIMITED,aviral@almightyorganic.com,"marketing@almightyorganic.com, ritika@almightyorganic.com",Health & Supplements,100% Confirmed Real,Valid (Google Workspace),Not Configured,Configured,No,https://www.facebook.com/ads/library/?q=ALMIGHTY%20ORGANICS%20PRIVATE%20LIMITED&type=all,https://www.instagram.com/almightyorganic,,,,,"The focus ALMIGHTY ORGANICS PRIVATE LIMITED puts on clean, effective formulas is exactly what customers need."
Amada,amadawellness.com,https://amadawellness.com,Info,Owner,"Amada : Experience serenity with CBD
 &ndash; AMADA",info@amadawellness.com,,Health & Supplements,100% Confirmed Real,Valid (Microsoft 365),Not Configured,Configured,No,https://www.facebook.com/ads/library/?q=Amada&type=all,https://www.instagram.com/amadawellness,https://www.facebook.com/amadawellness,https://www.tiktok.com/@amadawellness,,,"The focus Amada puts on clean, effective formulas is exactly what customers need."
Amberwing Organics,amberwingorganics.com,https://amberwingorganics.com,Info,Owner,American Express,info@amberwingorganics.com,,Health & Supplements,100% Confirmed Real,Valid (Host MX),Configured (v=DMARC1),Configured,No,https://www.facebook.com/ads/library/?q=Amberwing%20Organics&type=all,https://www.instagram.com/amberwingorganics,https://www.facebook.com/AmberwingOrganics,,https://x.com/AmberwingO,https://www.linkedin.com/company/amberwing-organics,"The focus Amberwing Organics puts on clean, effective formulas is exactly what customers need."
American Dietary Supplements,americandietarysupplements.com,https://americandietarysupplements.com,Info,Owner,American Dietary Supplements | Premium Supplements For Less,info@americandietarysupplements.com,,Health & Supplements,100% Confirmed Real,Valid (Microsoft 365),Configured (v=DMARC1),Configured,No,https://www.facebook.com/ads/library/?q=American%20Dietary%20Supplements&type=all,,,,,,"The focus American Dietary Supplements puts on clean, effective formulas is exactly what customers need."
American Fitness,american.fitness,https://american.fitness,Go,Owner,American Fitness,go@american.fitness,,Health & Supplements,100% Confirmed Real,Valid (Google Workspace),Configured (v=DMARC1),Configured,No,https://www.facebook.com/ads/library/?q=American%20Fitness&type=all,,,,,,"The focus American Fitness puts on clean, effective formulas is exactly what customers need."
Ancient Wellness,ancientwellness.com,https://ancientwellness.com,Ancientwellnessde,Owner,Ancient Wellness | Luxury Perfume Oils,ancientwellnessde@gmail.com,,Health & Supplements,100% Confirmed Real,Valid (Google Workspace),Configured (v=DMARC1),Configured,No,https://www.facebook.com/ads/library/?q=Ancient%20Wellness&type=all,,,https://www.tiktok.com/@ancient_wellness,,,"The focus Ancient Wellness puts on clean, effective formulas is exactly what customers need."
ANP Wellness London,anpwellness.co.uk,https://anpwellness.co.uk,Sales,Owner,ANP Wellness London,sales@anpwellness.co.uk,,Health & Supplements,100% Confirmed Real,Valid (Host MX),Configured (v=DMARC1),Configured,No,https://www.facebook.com/ads/library/?q=ANP%20Wellness%20London&type=all,https://www.instagram.com/anpwellness_,https://www.facebook.com/anppharmalondons,https://www.tiktok.com/@anppharmalondon,https://x.com/anppharmalondon,,"The focus ANP Wellness London puts on clean, effective formulas is exactly what customers need."
antaraorganics.com,antaraorganics.com,https://antaraorganics.com,Customerservice,Owner,American Express,customerservice@zents.com,,Health & Supplements,100% Confirmed Real,Valid (Host MX),Configured (v=DMARC1),Configured,No,https://www.facebook.com/ads/library/?q=antaraorganics.com&type=all,https://www.instagram.com/antaraorganics,https://www.facebook.com/antaraorganics,,,,"The focus antaraorganics.com puts on clean, effective formulas is exactly what customers need."
Après Sport Botanicals,apressportbotanicals.com,https://apressportbotanicals.com,Info,Owner,Après Sport Botanicals,info@apressportbotanicals.com,,Health & Supplements,100% Confirmed Real,Valid (Microsoft 365),Not Configured,Configured,No,https://www.facebook.com/ads/library/?q=Apr%C3%A8s%20Sport%20Botanicals&type=all,,https://www.facebook.com/profile.php,,,,"The focus Après Sport Botanicals puts on clean, effective formulas is exactly what customers need."
Ares Nutrition,aresnutritionnj.com,https://aresnutritionnj.com,Aresnutrition1,Owner,Ares Nutrition | Nutrition for Warriors &ndash; Ares Nutrition NJ,aresnutrition1@gmail.com,,Health & Supplements,68% Confirmed Real,Valid (Google Workspace),Configured (v=DMARC1),Configured,No,https://www.facebook.com/ads/library/?q=Ares%20Nutrition&type=all,https://www.instagram.com/ares__nutrition,https://www.facebook.com/aresnutritionNJ,https://www.tiktok.com/@aresnutrition,,,"The focus Ares Nutrition puts on clean, effective formulas is exactly what customers need."
aSquared Nutrition,asquarednutrition.com,https://asquarednutrition.com,Team,Owner,aSquared Nutrition - Leading Seller of Nutritional Supplements,team@asquarednutrition.com,,Health & Supplements,98% Confirmed Real,Valid (Host MX),Not Configured,Configured,No,https://www.facebook.com/ads/library/?q=aSquared%20Nutrition&type=all,https://www.instagram.com/asquarednutrition,https://www.facebook.com/asquarednutrition,https://www.tiktok.com/@asquarednutrition,,,"The focus aSquared Nutrition puts on clean, effective formulas is exactly what customers need."
Athletes Nutrition,athletesnutrition.com.au,https://athletesnutrition.com.au,Info,Owner,American Express,info@athletesnutrition.com.au,,Health & Supplements,100% Confirmed Real,Valid (Google Workspace),Configured (v=DMARC1),None,No,https://www.facebook.com/ads/library/?q=Athletes%20Nutrition&type=all,https://www.instagram.com/athletesnutrition,https://www.facebook.com/athletesnutrition,https://www.tiktok.com/@athletesnutrition,,,"The focus Athletes Nutrition puts on clean, effective formulas is exactly what customers need."
Audrey Elene Organics,audreyeleneorganics.com,https://audreyeleneorganics.com,Audreyeleneorganics,Owner,"Audrey Elene Organics | Clean, Quality, Earth Friendly Skincare",audreyeleneorganics@outlook.com,,Health & Supplements,100% Confirmed Real,Valid (Microsoft 365),Configured (v=DMARC1),Configured,No,https://www.facebook.com/ads/library/?q=Audrey%20Elene%20Organics&type=all,https://www.instagram.com/audreyeleneorganics,https://www.facebook.com/audreyeleneorganics,,,,"The focus Audrey Elene Organics puts on clean, effective formulas is exactly what customers need."
Ayurvedice.ro,ayurvedice.ro,https://ayurvedice.ro,Office,Ayurvedice,Ayurvedice.ro | Ceaiuri Ayurvedice &amp; Elixire Naturale,office.ayurvedice@gmail.com,,Health & Supplements,100% Confirmed Real,Valid (Google Workspace),Configured (v=DMARC1),Configured,No,https://www.facebook.com/ads/library/?q=Ayurvedice.ro&type=all,https://www.instagram.com/ayurvedice.ro,https://www.facebook.com/Ayurvedice.ro,https://www.tiktok.com/@everestherbaltea,,,"The focus Ayurvedice.ro puts on clean, effective formulas is exactly what customers need."
Barakah Nutrition,barakahnutrition.com,https://barakahnutrition.com,Contact,Owner,Barakah Nutrition™ - Truly Backed By Science.,contact@barakahnutrition.com,support@barakahnutrition.com,Health & Supplements,100% Confirmed Real,Valid (Microsoft 365),Configured (v=DMARC1),Configured,No,https://www.facebook.com/ads/library/?q=Barakah%20Nutrition&type=all,https://www.instagram.com/barakahnutrition,,https://www.tiktok.com/@barakahnutrition,,,"The focus Barakah Nutrition puts on clean, effective formulas is exactly what customers need."
Bar Down Supplements,bardownsupps.com,https://bardownsupps.com,Bardownsupps,Owner,Bar Down Supplements,bardownsupps@gmail.com,,Health & Supplements,100% Confirmed Real,Valid (Google Workspace),Configured (v=DMARC1),Configured,No,https://www.facebook.com/ads/library/?q=Bar%20Down%20Supplements&type=all,https://www.instagram.com/bardownsupps,https://www.facebook.com/Bardownsupps,,,,"The focus Bar Down Supplements puts on clean, effective formulas is exactly what customers need."
Base Nutrition,basenutrition.co,https://basenutrition.co,Support,Owner,Base Nutrition | Nutrition For EVERY Body,support@basenutrition.co,,Health & Supplements,100% Confirmed Real,Valid (Google Workspace),Not Configured,Configured,No,https://www.facebook.com/ads/library/?q=Base%20Nutrition&type=all,,,,,,"The focus Base Nutrition puts on clean, effective formulas is exactly what customers need."
BB4Fitness,bb4fitness.de,https://bb4fitness.de,Bbfitnessshop,Owner,Founder / Owner @ BB4Fitness,bbfitnessshop@gmail.com,,Health & Supplements,93% Confirmed Real,Valid (Google Workspace),Configured (v=DMARC1),Configured,No,https://www.facebook.com/ads/library/?q=BB4Fitness&type=all,https://www.instagram.com/brunobeder,https://www.facebook.com/brunobederPT,,,,"The focus BB4Fitness puts on clean, effective formulas is exactly what customers need."
BeachCandy Organics,beachcandyswimwear.com,https://beachcandyswimwear.com,Info,Owner,Founder / Owner @ BeachCandy Organics,info@beachcandyswimwear.com,,Health & Supplements,100% Confirmed Real,Valid (Microsoft 365),Not Configured,Configured,No,https://www.facebook.com/ads/library/?q=BeachCandy%20Organics&type=all,https://www.instagram.com/beachcandyorganics,https://www.facebook.com/BeachCandySwim,https://www.tiktok.com/@beachcandyorganics,https://x.com/BeachCandySwim,,"The focus BeachCandy Organics puts on clean, effective formulas is exactly what customers need."
Bēatala Wellness Club,beatalawellness.com,https://beatalawellness.com,Contact,Beatala,"BēAtala Wellness

  

  

  
    &#8211; Bēatala Wellness Club",contact.beatala@gmail.com,support@beatala.com,Health & Supplements,100% Confirmed Real,Valid (Google Workspace),Configured (v=DMARC1),Configured,No,https://www.facebook.com/ads/library/?q=B%C4%93atala%20Wellness%20Club&type=all,,,,,,"The focus Bēatala Wellness Club puts on clean, effective formulas is exactly what customers need."
Bedtime Bliss Sleep Masks,bedtimebliss.org,https://bedtimebliss.org,Support,Owner,Bedtime Bliss Sleep Masks,support@bedtimebliss.org,,Health & Supplements,100% Confirmed Real,Valid (Google Workspace),Not Configured,None,No,https://www.facebook.com/ads/library/?q=Bedtime%20Bliss%20Sleep%20Masks&type=all,https://www.instagram.com/bedtimebliss,https://www.facebook.com/bedtimeblisscommunity,,,,"The focus Bedtime Bliss Sleep Masks puts on clean, effective formulas is exactly what customers need."
bellamysorganic.com.my,bellamysorganic.com.my,https://bellamysorganic.com.my,Hello,Owner,Top Organic Milk Formula &amp; Powder Supplier in Malaysia,hello@bellamysorganic.com.my,,Health & Supplements,100% Confirmed Real,Valid (Microsoft 365),Not Configured,Configured,No,https://www.facebook.com/ads/library/?q=bellamysorganic.com.my&type=all,https://www.instagram.com/bellamysorganic.my,https://www.facebook.com/bellamysorganic.my,,,,"The focus bellamysorganic.com.my puts on clean, effective formulas is exactly what customers need."
beorganickw.com,beorganickw.com,https://beorganickw.com,Info,Owner,بي أورجانيك - عسل كويتي حائز على جوائز عالمية &ndash; Be Organic,info@beorganickw.com,,Health & Supplements,100% Confirmed Real,Valid (Google Workspace),Configured (v=DMARC1),Configured,No,https://www.facebook.com/ads/library/?q=beorganickw.com&type=all,https://www.instagram.com/beorganickw,https://www.facebook.com/beorganickw,https://www.tiktok.com/@beorganickw,https://x.com/beorganickw,,"The focus beorganickw.com puts on clean, effective formulas is exactly what customers need."
bharatorganics.com,bharatorganics.com,https://bharatorganics.com,Support,Owner,Bharat Organics and Dairy Products | Shop Best Quality Products,support@bharatorganics.in,,Health & Supplements,100% Confirmed Real,Valid (Google Workspace),Not Configured,None,No,https://www.facebook.com/ads/library/?q=bharatorganics.com&type=all,https://www.instagram.com/bharatorganics,https://www.facebook.com/bharatorganic,,,https://www.linkedin.com/company/bharatorganics,"The focus bharatorganics.com puts on clean, effective formulas is exactly what customers need."
bioayurveda.com,bioayurveda.com,https://bioayurveda.com,Info,Owner,American Express,info@bionaturals.in,,Health & Supplements,100% Confirmed Real,Valid (Host MX),Not Configured,Configured,No,https://www.facebook.com/ads/library/?q=bioayurveda.com&type=all,,https://www.facebook.com/tr,,,,"The focus bioayurveda.com puts on clean, effective formulas is exactly what customers need."
Biohack Juices & Supplements,biohackjuice.nl,https://biohackjuice.nl,Biohackjuice,Owner,"Biohack Juices & Supplements
 &ndash; Biohack Juices &amp; Supplements",biohackjuice@outlook.com,,Health & Supplements,100% Confirmed Real,Valid (Microsoft 365),Configured (v=DMARC1),Configured,No,https://www.facebook.com/ads/library/?q=Biohack%20Juices%20%26%20Supplements&type=all,,,,,,"The focus Biohack Juices & Supplements puts on clean, effective formulas is exactly what customers need."
Biohax Wellness,biohax.com.au,https://biohax.com.au,Hello,Owner,Biohax Wellness,hello@biohax.com.au,,Health & Supplements,100% Confirmed Real,Valid (Google Workspace),Configured (v=DMARC1),Configured,No,https://www.facebook.com/ads/library/?q=Biohax%20Wellness&type=all,https://www.instagram.com/biohax_wellness,https://www.facebook.com/profile.php,,https://x.com/BiohaxA,,"The focus Biohax Wellness puts on clean, effective formulas is exactly what customers need."
BlackBear Fitness,blackbearfitness.co.uk,https://blackbearfitness.co.uk,Sales,Owner,BlackBear Fitness LTD,sales@blackbearfitness.co.uk,,Health & Supplements,100% Confirmed Real,Valid (Google Workspace),Not Configured,None,No,https://www.facebook.com/ads/library/?q=BlackBear%20Fitness&type=all,,,,,,"The focus BlackBear Fitness puts on clean, effective formulas is exactly what customers need."
Blossom Organic Skin Care,blossomorganicskin.com,https://blossomorganicskin.com,Hello,Owner,Buy 302 Skincare Products -- Blossom Organic Skin Care,hello@blossomorganicskin.com,,Health & Supplements,100% Confirmed Real,Valid (Host MX),Configured (v=DMARC1),Configured,No,https://www.facebook.com/ads/library/?q=Blossom%20Organic%20Skin%20Care&type=all,,,,,,"The focus Blossom Organic Skin Care puts on clean, effective formulas is exactly what customers need."
Boochcraft Organic Hard Kombucha,boochcraft.com,https://boochcraft.com,Info,Owner,Boochcraft Organic Hard Kombucha | Crafted with Real Fruit,info@boochcraft.com,,Health & Supplements,100% Confirmed Real,Valid (Microsoft 365),Configured (v=DMARC1),Configured,No,https://www.facebook.com/ads/library/?q=Boochcraft%20Organic%20Hard%20Kombucha&type=all,https://www.instagram.com/boochcraft,,https://www.tiktok.com/@boochcraft_,,,"The focus Boochcraft Organic Hard Kombucha puts on clean, effective formulas is exactly what customers need."
BOSU,bosufitness.eu,https://bosufitness.eu,Info,Owner,BOSU,info@meijers.com,,Health & Supplements,93% Confirmed Real,Valid (Microsoft 365),Configured (v=DMARC1),Configured,No,https://www.facebook.com/ads/library/?q=BOSU&type=all,https://www.instagram.com/bosu_fitness,,,,,"The focus BOSU puts on clean, effective formulas is exactly what customers need."
Breath Sleep Tape,breathsleeptape.com,https://breathsleeptape.com,Info,Owner,Breath Sleep Tape - designed to improve your sleep quality!,info@breathsleeptape.com,,Health & Supplements,100% Confirmed Real,Valid (Microsoft 365),Not Configured,Configured,No,https://www.facebook.com/ads/library/?q=Breath%20Sleep%20Tape&type=all,https://www.instagram.com/breathsleeptape,https://www.facebook.com/profile.php,,,,"The focus Breath Sleep Tape puts on clean, effective formulas is exactly what customers need."
S and C Botanicals,brewsage.in,https://brewsage.in,Hello,Owner,Brew Sage,hello@brewsage.in,,Health & Supplements,100% Confirmed Real,Valid (Host MX),Not Configured,Configured,No,https://www.facebook.com/ads/library/?q=S%20and%20C%20Botanicals&type=all,https://www.instagram.com/brewsage.official,,,,https://www.linkedin.com/company/brew-sage,"The focus S and C Botanicals puts on clean, effective formulas is exactly what customers need."
Britt's Superfoods DE,brittsuperfoods.de,https://brittsuperfoods.de,Info,Owner,"Britt's Superfoods DE
 &ndash; Britt&#39;s Superfoods DE",info@brittsuperfoods.de,,Health & Supplements,100% Confirmed Real,Valid (Google Workspace),Configured (v=DMARC1),Configured,No,https://www.facebook.com/ads/library/?q=Britt%27s%20Superfoods%20DE&type=all,https://www.instagram.com/brittsuperfoods,https://www.facebook.com/brittsuperfoods,,https://x.com/brittsuperfoods,,"The focus Britt's Superfoods DE puts on clean, effective formulas is exactly what customers need."
Brushfire Herbals,brushfireherbals.com,https://brushfireherbals.com,Info,Owner,Brushfire Herbals - Handcrafted Herbal Tea &amp; Organic Botanicals,info@brushfireherbals.com,,Health & Supplements,100% Confirmed Real,Valid (Google Workspace),Not Configured,Configured,No,https://www.facebook.com/ads/library/?q=Brushfire%20Herbals&type=all,https://www.instagram.com/brushfireherbals,,,,,"The focus Brushfire Herbals puts on clean, effective formulas is exactly what customers need."
Buffy Belladonna’s Botanicals,buffybelladonnasbotanicals.com,https://buffybelladonnasbotanicals.com,Buffybelladonnasbotanicals,Owner,Founder / Owner @ Buffy Belladonna’s Botanicals,buffybelladonnasbotanicals@gmail.com,,Health & Supplements,100% Confirmed Real,Valid (Google Workspace),Configured (v=DMARC1),Configured,No,https://www.facebook.com/ads/library/?q=Buffy%20Belladonna%E2%80%99s%20Botanicals&type=all,https://www.instagram.com/buffybelladonnasbotanicals,,,,,"The focus Buffy Belladonna’s Botanicals puts on clean, effective formulas is exactly what customers need."
Build & Fitness®,buildandfitness.com,https://buildandfitness.com,Info,Owner,"Build &amp; Fitness® | Running Belts, Vests &amp; Accessories",info@buildandfitness.co.uk,,Health & Supplements,100% Confirmed Real,Valid (Google Workspace),Configured (v=DMARC1),Configured,No,https://www.facebook.com/ads/library/?q=Build%20%26%20Fitness%C2%AE&type=all,https://www.instagram.com/buildandfitness,https://www.facebook.com/buildandfitness,https://www.tiktok.com/@buildandfitness,https://x.com/buildandfitness,,"The focus Build & Fitness® puts on clean, effective formulas is exactly what customers need."
Bumi Botanicals,bumibotanicals.com,https://bumibotanicals.com,Info,Owner,Bumi Botanicals - Stronger and Healthier Hair,info@bumibotanicals.com,,Health & Supplements,100% Confirmed Real,Valid (Microsoft 365),Not Configured,Configured,No,https://www.facebook.com/ads/library/?q=Bumi%20Botanicals&type=all,https://www.instagram.com/bumibotanicals,https://www.facebook.com/bumibotanicalshaircare,https://www.tiktok.com/@bumibotanical,,,"The focus Bumi Botanicals puts on clean, effective formulas is exactly what customers need."
bush organics,bushorganics.com.au,https://bushorganics.com.au,Hello,Owner,BUSH ORGANICS,hello@bushorganics.com.au,,Health & Supplements,100% Confirmed Real,Valid (Google Workspace),Not Configured,Configured,No,https://www.facebook.com/ads/library/?q=bush%20organics&type=all,https://www.instagram.com/bushorganics,https://www.facebook.com/bushorganics,,,,"The focus bush organics puts on clean, effective formulas is exactly what customers need."
Canadian Superfoods,canadiansuperfoods.com,https://canadiansuperfoods.com,Info,Owner,"canadiansuperfoods.com
 &ndash; Canadian Superfoods",info@canadiansuperfoods.com,,Health & Supplements,100% Confirmed Real,Valid (Host MX),Configured (v=DMARC1),Configured,No,https://www.facebook.com/ads/library/?q=Canadian%20Superfoods&type=all,,,,,,"The focus Canadian Superfoods puts on clean, effective formulas is exactly what customers need."
CENTRFitness.eu,centrfitness.eu,https://centrfitness.eu,Orders,Owner,Official Centr Equipment Store Europe,orders@centrfitness.eu,hello@centr.com,Health & Supplements,100% Confirmed Real,Valid (Host MX),Configured (v=DMARC1),Configured,No,https://www.facebook.com/ads/library/?q=CENTRFitness.eu&type=all,https://www.instagram.com/nrgfitnessbv,https://www.facebook.com/nrgfitnesssystems,,,,"The focus CENTRFitness.eu puts on clean, effective formulas is exactly what customers need."
CG Fitness,cgfitnessgroup.com,https://cgfitnessgroup.com,Cgfitnessgroup,Owner,CG FITNESS | BOXING &amp; WELLNESS CLUB | CLOTHING,cgfitnessgroup@gmail.com,,Health & Supplements,100% Confirmed Real,Valid (Google Workspace),Configured (v=DMARC1),Configured,No,https://www.facebook.com/ads/library/?q=CG%20Fitness&type=all,https://www.instagram.com/cgboxingclub,,,,,"The focus CG Fitness puts on clean, effective formulas is exactly what customers need."
Clean Protein Hub,cleanprotein.ae,https://cleanprotein.ae,Info,Owner,Clean Protein,info@cleanprotein.ae,,Health & Supplements,100% Confirmed Real,Valid (Host MX),Configured (v=DMARC1),Configured,No,https://www.facebook.com/ads/library/?q=Clean%20Protein%20Hub&type=all,https://www.instagram.com/cleanprotein.ae,,,,,"The focus Clean Protein Hub puts on clean, effective formulas is exactly what customers need."
Clean Choice Nutrition,cleanchoicenutrition.com,https://cleanchoicenutrition.com,Info,Owner,Clean Choice Nutrition,info@cleanchoicenutrition.com,,Health & Supplements,100% Confirmed Real,Valid (Host MX),Configured (v=DMARC1),None,No,https://www.facebook.com/ads/library/?q=Clean%20Choice%20Nutrition&type=all,https://www.instagram.com/cleanchoicenutrition,https://www.facebook.com/cleanchoicenutrition,https://www.tiktok.com/@cleanchoicenutrition,,,"The focus Clean Choice Nutrition puts on clean, effective formulas is exactly what customers need."
Australian Collagen Lab,collagenlab.com.au,https://collagenlab.com.au,Hello,Owner,Founder / Owner @ Australian Collagen Lab,hello@collagenlab.com.au,,Health & Supplements,100% Confirmed Real,Valid (Host MX),Configured (v=DMARC1),Configured,No,https://www.facebook.com/ads/library/?q=Australian%20Collagen%20Lab&type=all,https://www.instagram.com/australiancollagenlab,https://www.facebook.com/australiancollagenlab,https://www.tiktok.com/@australiancollagenlab,https://x.com/CollagenLab,,"The focus Australian Collagen Lab puts on clean, effective formulas is exactly what customers need."
CostaFitness,costafitness.es,https://costafitness.es,Costa,Owner,TU ENTRENADOR PERSONAL JORDI COSTA &ndash; CostaFitness,costa@costafitness.es,,Health & Supplements,98% Confirmed Real,Valid (Host MX),Not Configured,Configured,No,https://www.facebook.com/ads/library/?q=CostaFitness&type=all,https://www.instagram.com/sportfitnessnutritionterrassa,https://www.facebook.com/tr,,,,"The focus CostaFitness puts on clean, effective formulas is exactly what customers need."
Countritude Microgreens,countritude.com,https://countritude.com,Reed,Owner,Countritude Microgreens - Home,reed@countritude.com,,Health & Supplements,100% Confirmed Real,Valid (Google Workspace),Not Configured,Configured,No,https://www.facebook.com/ads/library/?q=Countritude%20Microgreens&type=all,https://www.instagram.com/countritude_microgreens,https://www.facebook.com/Countritude,,,,"The focus Countritude Microgreens puts on clean, effective formulas is exactly what customers need."
DACHA Nutrition,dachanutrition.com,https://dachanutrition.com,Support,Owner,DACHA Nutrition,support@dachanutrition.com,email@website.com,Health & Supplements,100% Confirmed Real,Valid (Google Workspace),Not Configured,None,No,https://www.facebook.com/ads/library/?q=DACHA%20Nutrition&type=all,https://www.instagram.com/dachanutrition,https://www.facebook.com/dachanutrition,,,,"The focus DACHA Nutrition puts on clean, effective formulas is exactly what customers need."
Dawn Sleep,dawnbands.com,https://dawnbands.com,Help,Owner,"Dawn Bands - A Smarter Way To Wake Up - Official Site
 &ndash; Dawn Sleep",help@dawnbands.com,,Health & Supplements,100% Confirmed Real,Valid (Zoho Mail),Configured (v=DMARC1),Configured,No,https://www.facebook.com/ads/library/?q=Dawn%20Sleep&type=all,,,,,,"The focus Dawn Sleep puts on clean, effective formulas is exactly what customers need."
deliciousproteins.com,deliciousproteins.com,https://deliciousproteins.com,Dee,Owner,"D-Pro Plant Based High Protein Meal bars
 &ndash; D-Pro Bar",dee@deliciousproteins.com,,Health & Supplements,98% Confirmed Real,Valid (Host MX),Not Configured,Configured,No,https://www.facebook.com/ads/library/?q=deliciousproteins.com&type=all,https://www.instagram.com/dprobars,https://www.facebook.com/dprobars2,,https://x.com/deeproteins,,"The focus deliciousproteins.com puts on clean, effective formulas is exactly what customers need."
Island Wellness Tea,islandwellnesstea.com,https://islandwellnesstea.com,Info,Owner,Island Wellness Tea - 100% Natural tea remedies - Crafted with care,info@islandwellnesstea.com,,Health & Supplements,100% Confirmed Real,Valid (Host MX),Configured (v=DMARC1),Configured,No,https://www.facebook.com/ads/library/?q=Island%20Wellness%20Tea&type=all,https://www.instagram.com/whitebcj1,https://www.facebook.com/profile.php,https://www.tiktok.com/@brucewhite970,,,"The focus Island Wellness Tea puts on clean, effective formulas is exactly what customers need."
Jeff Nippard Fitness,jeffnippard.com,https://jeffnippard.com,Info,Owner,Jeff Nippard Fitness | Science-Based Bodybuilding,info@jeffnippard.com,,Health & Supplements,100% Confirmed Real,Valid (Google Workspace),Configured (v=DMARC1),Configured,No,https://www.facebook.com/ads/library/?q=Jeff%20Nippard%20Fitness&type=all,https://www.instagram.com/jeffnippard,https://www.facebook.com/jeffnippard,https://www.tiktok.com/@jeffnippardfitness,,,"The focus Jeff Nippard Fitness puts on clean, effective formulas is exactly what customers need."
JoMo Nutrition,jomo.com,https://jomo.com,Info,Owner,JoMo Nutrition,info@jomo.com,,Health & Supplements,100% Confirmed Real,Valid (Microsoft 365),Not Configured,Configured,No,https://www.facebook.com/ads/library/?q=JoMo%20Nutrition&type=all,https://www.instagram.com/jomonutrition,https://www.facebook.com/jomonutrition,,https://x.com/jomonutrition,,"The focus JoMo Nutrition puts on clean, effective formulas is exactly what customers need."
JUICi,juicisupplements.co.uk,https://juicisupplements.co.uk,Contact,Owner,JUICi Glute Growth &amp; Booty Builder Supplement for Women,contact@juici.org.uk,,Health & Supplements,100% Confirmed Real,Valid (Host MX),Configured (v=DMARC1),Configured,No,https://www.facebook.com/ads/library/?q=JUICi&type=all,https://www.instagram.com/juici.uk,,https://www.tiktok.com/@juicisupplements,,,"The focus JUICi puts on clean, effective formulas is exactly what customers need."
Kadee Botanicals,kadeebotanicals.com,https://kadeebotanicals.com,Hello,Owner,Kadee Botanicals - Beauty without Harm | Australian Native Skincare,hello@kadeebotanicals.com,,Health & Supplements,100% Confirmed Real,Valid (Host MX),Configured (v=DMARC1),Configured,No,https://www.facebook.com/ads/library/?q=Kadee%20Botanicals&type=all,https://www.instagram.com/kadeebotanicals,https://www.facebook.com/tr,,https://x.com/KadeeBotanicals,,"The focus Kadee Botanicals puts on clean, effective formulas is exactly what customers need."
KAYA SHREE HEIGHT DETOX,kayashreewellness.com,https://kayashreewellness.com,Kayashree,Info,KAYA SHREE HEIGHT DETOX,kayashree.info@gmail.com,"ecom-swiper@11.css, ecom-swiper@11.0.5.js",Health & Supplements,100% Confirmed Real,Valid (Google Workspace),Configured (v=DMARC1),Configured,No,https://www.facebook.com/ads/library/?q=KAYA%20SHREE%20HEIGHT%20DETOX&type=all,,https://www.facebook.com/tr,,,,"The focus KAYA SHREE HEIGHT DETOX puts on clean, effective formulas is exactly what customers need."
Kavita Herbals,kavitaherbals.in,https://kavitaherbals.in,Info,Owner,Kavita Herbals,info@kavitaherbals.in,,Health & Supplements,100% Confirmed Real,Valid (Google Workspace),Not Configured,None,No,https://www.facebook.com/ads/library/?q=Kavita%20Herbals&type=all,,https://www.facebook.com/tr,,,,"The focus Kavita Herbals puts on clean, effective formulas is exactly what customers need."
Kulsum's Kaya Kalp,kayakalpherbals.com,https://kayakalpherbals.com,Enquiry,Owner,Buy Herbal Products Online in India | Kulsum&#39;s Kaya Kalp,enquiry@kayakalpherbals.com,,Health & Supplements,100% Confirmed Real,Valid (Host MX),Configured (v=DMARC1),Configured,No,https://www.facebook.com/ads/library/?q=Kulsum%27s%20Kaya%20Kalp&type=all,https://www.instagram.com/kulsumkayakalpherbals,https://www.facebook.com/KulsumsKayaKalpHerbals,,,https://www.linkedin.com/company/kaya-kalp-herbals-pvt-ltd,"The focus Kulsum's Kaya Kalp puts on clean, effective formulas is exactly what customers need."
lara-ayurveda.com,lara-ayurveda.com,https://lara-ayurveda.com,Info,Spectrahealthcare,Lara Ayurveda and Wellness Products,info.spectrahealthcare@gmail.com,,Health & Supplements,93% Confirmed Real,Valid (Google Workspace),Configured (v=DMARC1),Configured,No,https://www.facebook.com/ads/library/?q=lara-ayurveda.com&type=all,https://www.instagram.com/lara_ayurveda,https://www.facebook.com/profile.php,,,,"The focus lara-ayurveda.com puts on clean, effective formulas is exactly what customers need."
Leaf Remedys,leafremedys.com,https://leafremedys.com,Support,Owner,Buy Wholesale Organic CBD Oils Online USA | Leaf Remedys,support@leafremedys.com,,Health & Supplements,100% Confirmed Real,Valid (Microsoft 365),Configured (v=DMARC1),Configured,No,https://www.facebook.com/ads/library/?q=Leaf%20Remedys&type=all,https://www.instagram.com/leafremedys,https://www.facebook.com/LeafRemedys,,https://x.com/LeafRemedys,,"The focus Leaf Remedys puts on clean, effective formulas is exactly what customers need."
Lion Wellness,lionwellness.us,https://lionwellness.us,Mailto:info,Owner,Lion Wellness,mailto:info@lionwellness.us,info@lionwellness.us,Health & Supplements,100% Confirmed Real,Valid (Host MX),Not Configured,Configured,No,https://www.facebook.com/ads/library/?q=Lion%20Wellness&type=all,,https://www.facebook.com/profile.php,,,,"The focus Lion Wellness puts on clean, effective formulas is exactly what customers need."
Lubia Simoes Fitness,lubiasimoesfitness.com,https://lubiasimoesfitness.com,Lubiafitness,Owner,"Gym Clothes
 &ndash; Lubia Simoes Fitness",lubiafitness@gmail.com,,Health & Supplements,68% Confirmed Real,Valid (Google Workspace),Configured (v=DMARC1),Configured,No,https://www.facebook.com/ads/library/?q=Lubia%20Simoes%20Fitness&type=all,,,,,,"The focus Lubia Simoes Fitness puts on clean, effective formulas is exactly what customers need."
